{"directed": false, "graph": [], "nodes": [{"name": "rh_lateralorbitofrontal", "weight": 0.1875, "pos": [0, 5], "ts_group_id": 0, "label": "lateralorbitofrontal", "input_id": 1, "layer_pos": 0, "y": 5, "x": 0, "brain_side": "right", "id": 1, "func_id": "5"}, {"name": "rh_parsorbitalis", "weight": 0.625, "pos": [0, 10], "ts_group_id": 0, "label": "parsorbitalis", "input_id": 2, "layer_pos": 0, "y": 10, "x": 0, "brain_side": "right", "id": 2, "func_id": "7"}, {"name": "rh_parstriangularis", "weight": 1.0, "pos": [0, 25], "ts_group_id": 0, "label": "parstriangularis", "input_id": 5, "layer_pos": 0, "y": 25, "x": 0, "brain_side": "right", "id": 5, "func_id": "4"}, {"name": "rh_parsopercularis", "weight": 1.0, "pos": [0, 30], "ts_group_id": 0, "label": "parsopercularis", "input_id": 6, "layer_pos": 0, "y": 30, "x": 0, "brain_side": "right", "id": 6, "func_id": "4"}, {"name": "rh_lateralorbitofrontal", "weight": 0.3181818181818182, "pos": [6, 5], "ts_group_id": 0, "label": "lateralorbitofrontal", "input_id": 1, "layer_pos": 2, "y": 5, "x": 6, "brain_side": "right", "id": 137, "func_id": "5"}, {"name": "rh_precentral", "weight": 0.25, "pos": [0, 50], "ts_group_id": 0, "label": "precentral", "input_id": 10, "layer_pos": 0, "y": 50, "x": 0, "brain_side": "right", "id": 10, "func_id": "2"}, {"name": "rh_lateralorbitofrontal", "weight": 0.09090909090909091, "pos": [12, 5], "ts_group_id": 0, "label": "lateralorbitofrontal", "input_id": 1, "layer_pos": 4, "y": 5, "x": 12, "brain_side": "right", "id": 273, "func_id": "5"}, {"name": "rh_parstriangularis", "weight": 0.8181818181818182, "pos": [6, 25], "ts_group_id": 0, "label": "parstriangularis", "input_id": 5, "layer_pos": 2, "y": 25, "x": 6, "brain_side": "right", "id": 141, "func_id": "4"}, {"name": "rh_parsopercularis", "weight": 0.6818181818181818, "pos": [6, 30], "ts_group_id": 0, "label": "parsopercularis", "input_id": 6, "layer_pos": 2, "y": 30, "x": 6, "brain_side": "right", "id": 142, "func_id": "4"}, {"name": "rh_rostralmiddlefrontal", "weight": 0.18181818181818182, "pos": [6, 35], "ts_group_id": 0, "label": "rostralmiddlefrontal", "input_id": 7, "layer_pos": 2, "y": 35, "x": 6, "brain_side": "right", "id": 143, "func_id": "6"}, {"name": "rh_postcentral", "weight": 0.125, "pos": [0, 80], "ts_group_id": 0, "label": "postcentral", "input_id": 16, "layer_pos": 0, "y": 80, "x": 0, "brain_side": "right", "id": 16, "func_id": "2"}, {"name": "rh_supramarginal", "weight": 0.4375, "pos": [0, 85], "ts_group_id": 0, "label": "supramarginal", "input_id": 17, "layer_pos": 0, "y": 85, "x": 0, "brain_side": "right", "id": 17, "func_id": "4"}, {"name": "rh_precentral", "weight": 0.09090909090909091, "pos": [6, 50], "ts_group_id": 0, "label": "precentral", "input_id": 10, "layer_pos": 2, "y": 50, "x": 6, "brain_side": "right", "id": 146, "func_id": "2"}, {"name": "rh_parstriangularis", "weight": 0.36363636363636365, "pos": [12, 25], "ts_group_id": 0, "label": "parstriangularis", "input_id": 5, "layer_pos": 4, "y": 25, "x": 12, "brain_side": "right", "id": 277, "func_id": "4"}, {"name": "rh_parsopercularis", "weight": 0.18181818181818182, "pos": [12, 30], "ts_group_id": 0, "label": "parsopercularis", "input_id": 6, "layer_pos": 4, "y": 30, "x": 12, "brain_side": "right", "id": 278, "func_id": "4"}, {"name": "rh_caudalmiddlefrontal", "weight": 0.09090909090909091, "pos": [12, 45], "ts_group_id": 0, "label": "caudalmiddlefrontal", "input_id": 9, "layer_pos": 4, "y": 45, "x": 12, "brain_side": "right", "id": 281, "func_id": "6"}, {"name": "rh_supramarginal", "weight": 0.4090909090909091, "pos": [6, 85], "ts_group_id": 0, "label": "supramarginal", "input_id": 17, "layer_pos": 2, "y": 85, "x": 6, "brain_side": "right", "id": 153, "func_id": "4"}, {"name": "rh_precentral", "weight": 0.09090909090909091, "pos": [12, 50], "ts_group_id": 0, "label": "precentral", "input_id": 10, "layer_pos": 4, "y": 50, "x": 12, "brain_side": "right", "id": 282, "func_id": "2"}, {"name": "rh_inferiorparietal", "weight": 0.22727272727272727, "pos": [6, 95], "ts_group_id": 0, "label": "inferiorparietal", "input_id": 19, "layer_pos": 2, "y": 95, "x": 6, "brain_side": "right", "id": 155, "func_id": "7"}, {"name": "rh_inferiortemporal", "weight": 0.125, "pos": [0, 145], "ts_group_id": 0, "label": "inferiortemporal", "input_id": 29, "layer_pos": 0, "y": 145, "x": 0, "brain_side": "right", "id": 29, "func_id": "5"}, {"name": "rh_middletemporal", "weight": 0.125, "pos": [0, 150], "ts_group_id": 0, "label": "middletemporal", "input_id": 30, "layer_pos": 0, "y": 150, "x": 0, "brain_side": "right", "id": 30, "func_id": "7"}, {"name": "rh_superiortemporal", "weight": 0.09090909090909091, "pos": [12, 160], "ts_group_id": 0, "label": "superiortemporal", "input_id": 32, "layer_pos": 4, "y": 160, "x": 12, "brain_side": "right", "id": 304, "func_id": "2"}, {"name": "rh_insula", "weight": 0.125, "pos": [0, 170], "ts_group_id": 0, "label": "insula", "input_id": 34, "layer_pos": 0, "y": 170, "x": 0, "brain_side": "right", "id": 34, "func_id": "4"}, {"name": "rh_inferiortemporal", "weight": 0.18181818181818182, "pos": [6, 145], "ts_group_id": 0, "label": "inferiortemporal", "input_id": 29, "layer_pos": 2, "y": 145, "x": 6, "brain_side": "right", "id": 165, "func_id": "5"}, {"name": "rh_middletemporal", "weight": 0.18181818181818182, "pos": [6, 150], "ts_group_id": 0, "label": "middletemporal", "input_id": 30, "layer_pos": 2, "y": 150, "x": 6, "brain_side": "right", "id": 166, "func_id": "7"}, {"name": "rh_bankssts", "weight": 0.09090909090909091, "pos": [6, 155], "ts_group_id": 0, "label": "bankssts", "input_id": 31, "layer_pos": 2, "y": 155, "x": 6, "brain_side": "right", "id": 167, "func_id": "2"}, {"name": "rh_insula", "weight": 0.18181818181818182, "pos": [6, 170], "ts_group_id": 0, "label": "insula", "input_id": 34, "layer_pos": 2, "y": 170, "x": 6, "brain_side": "right", "id": 170, "func_id": "4"}, {"name": "rh_inferiortemporal", "weight": 0.09090909090909091, "pos": [12, 145], "ts_group_id": 0, "label": "inferiortemporal", "input_id": 29, "layer_pos": 4, "y": 145, "x": 12, "brain_side": "right", "id": 301, "func_id": "5"}, {"name": "rh_bankssts", "weight": 0.09090909090909091, "pos": [12, 155], "ts_group_id": 0, "label": "bankssts", "input_id": 31, "layer_pos": 4, "y": 155, "x": 12, "brain_side": "right", "id": 303, "func_id": "2"}, {"name": "rh_parsorbitalis", "weight": 0.2, "pos": [9, 10], "ts_group_id": 0, "label": "parsorbitalis", "input_id": 2, "layer_pos": 3, "y": 10, "x": 9, "brain_side": "right", "id": 206, "func_id": "7"}, {"name": "rh_transversetemporal", "weight": 0.09090909090909091, "pos": [12, 165], "ts_group_id": 0, "label": "transversetemporal", "input_id": 33, "layer_pos": 4, "y": 165, "x": 12, "brain_side": "right", "id": 305, "func_id": "2"}, {"name": "rh_parsorbitalis", "weight": 0.6363636363636364, "pos": [6, 10], "ts_group_id": 0, "label": "parsorbitalis", "input_id": 2, "layer_pos": 2, "y": 10, "x": 6, "brain_side": "right", "id": 138, "func_id": "7"}, {"name": "rh_lateralorbitofrontal", "weight": 0.3, "pos": [3, 5], "ts_group_id": 0, "label": "lateralorbitofrontal", "input_id": 1, "layer_pos": 1, "y": 5, "x": 3, "brain_side": "right", "id": 69, "func_id": "5"}, {"name": "rh_parsorbitalis", "weight": 0.85, "pos": [3, 10], "ts_group_id": 0, "label": "parsorbitalis", "input_id": 2, "layer_pos": 1, "y": 10, "x": 3, "brain_side": "right", "id": 70, "func_id": "7"}, {"name": "rh_supramarginal", "weight": 0.18181818181818182, "pos": [12, 85], "ts_group_id": 0, "label": "supramarginal", "input_id": 17, "layer_pos": 4, "y": 85, "x": 12, "brain_side": "right", "id": 289, "func_id": "4"}, {"name": "rh_parstriangularis", "weight": 0.9, "pos": [3, 25], "ts_group_id": 0, "label": "parstriangularis", "input_id": 5, "layer_pos": 1, "y": 25, "x": 3, "brain_side": "right", "id": 73, "func_id": "4"}, {"name": "rh_parsopercularis", "weight": 0.8, "pos": [3, 30], "ts_group_id": 0, "label": "parsopercularis", "input_id": 6, "layer_pos": 1, "y": 30, "x": 3, "brain_side": "right", "id": 74, "func_id": "4"}, {"name": "rh_superiorfrontal", "weight": 0.15, "pos": [3, 40], "ts_group_id": 0, "label": "superiorfrontal", "input_id": 8, "layer_pos": 1, "y": 40, "x": 3, "brain_side": "right", "id": 76, "func_id": "7"}, {"name": "rh_caudalmiddlefrontal", "weight": 0.1, "pos": [3, 45], "ts_group_id": 0, "label": "caudalmiddlefrontal", "input_id": 9, "layer_pos": 1, "y": 45, "x": 3, "brain_side": "right", "id": 77, "func_id": "6"}, {"name": "rh_precentral", "weight": 0.25, "pos": [3, 50], "ts_group_id": 0, "label": "precentral", "input_id": 10, "layer_pos": 1, "y": 50, "x": 3, "brain_side": "right", "id": 78, "func_id": "2"}, {"name": "rh_lateralorbitofrontal", "weight": 0.26666666666666666, "pos": [9, 5], "ts_group_id": 0, "label": "lateralorbitofrontal", "input_id": 1, "layer_pos": 3, "y": 5, "x": 9, "brain_side": "right", "id": 205, "func_id": "5"}, {"name": "rh_parstriangularis", "weight": 0.4, "pos": [9, 25], "ts_group_id": 0, "label": "parstriangularis", "input_id": 5, "layer_pos": 3, "y": 25, "x": 9, "brain_side": "right", "id": 209, "func_id": "4"}, {"name": "rh_parsopercularis", "weight": 0.26666666666666666, "pos": [9, 30], "ts_group_id": 0, "label": "parsopercularis", "input_id": 6, "layer_pos": 3, "y": 30, "x": 9, "brain_side": "right", "id": 210, "func_id": "4"}, {"name": "rh_rostralmiddlefrontal", "weight": 0.2, "pos": [9, 35], "ts_group_id": 0, "label": "rostralmiddlefrontal", "input_id": 7, "layer_pos": 3, "y": 35, "x": 9, "brain_side": "right", "id": 211, "func_id": "6"}, {"name": "rh_postcentral", "weight": 0.1, "pos": [3, 80], "ts_group_id": 0, "label": "postcentral", "input_id": 16, "layer_pos": 1, "y": 80, "x": 3, "brain_side": "right", "id": 84, "func_id": "2"}, {"name": "rh_supramarginal", "weight": 0.3, "pos": [3, 85], "ts_group_id": 0, "label": "supramarginal", "input_id": 17, "layer_pos": 1, "y": 85, "x": 3, "brain_side": "right", "id": 85, "func_id": "4"}, {"name": "rh_parsorbitalis", "weight": 0.5, "pos": [15, 10], "ts_group_id": 0, "label": "parsorbitalis", "input_id": 2, "layer_pos": 5, "y": 10, "x": 15, "brain_side": "right", "id": 342, "func_id": "7"}, {"name": "rh_inferiorparietal", "weight": 0.1, "pos": [3, 95], "ts_group_id": 0, "label": "inferiorparietal", "input_id": 19, "layer_pos": 1, "y": 95, "x": 3, "brain_side": "right", "id": 87, "func_id": "7"}, {"name": "rh_temporalpole", "weight": 0.1, "pos": [3, 140], "ts_group_id": 0, "label": "temporalpole", "input_id": 28, "layer_pos": 1, "y": 140, "x": 3, "brain_side": "right", "id": 96, "func_id": "5"}, {"name": "rh_inferiortemporal", "weight": 0.2, "pos": [3, 145], "ts_group_id": 0, "label": "inferiortemporal", "input_id": 29, "layer_pos": 1, "y": 145, "x": 3, "brain_side": "right", "id": 97, "func_id": "5"}, {"name": "rh_bankssts", "weight": 0.1, "pos": [3, 155], "ts_group_id": 0, "label": "bankssts", "input_id": 31, "layer_pos": 1, "y": 155, "x": 3, "brain_side": "right", "id": 99, "func_id": "2"}, {"name": "rh_supramarginal", "weight": 0.5, "pos": [15, 85], "ts_group_id": 0, "label": "supramarginal", "input_id": 17, "layer_pos": 5, "y": 85, "x": 15, "brain_side": "right", "id": 357, "func_id": "4"}, {"name": "rh_insula", "weight": 0.25, "pos": [3, 170], "ts_group_id": 0, "label": "insula", "input_id": 34, "layer_pos": 1, "y": 170, "x": 3, "brain_side": "right", "id": 102, "func_id": "4"}, {"name": "rh_caudalmiddlefrontal", "weight": 0.18181818181818182, "pos": [6, 45], "ts_group_id": 0, "label": "caudalmiddlefrontal", "input_id": 9, "layer_pos": 2, "y": 45, "x": 6, "brain_side": "right", "id": 145, "func_id": "6"}, {"name": "rh_parsorbitalis", "weight": 0.18181818181818182, "pos": [12, 10], "ts_group_id": 0, "label": "parsorbitalis", "input_id": 2, "layer_pos": 4, "y": 10, "x": 12, "brain_side": "right", "id": 274, "func_id": "7"}, {"name": "rh_parsorbitalis", "weight": 1.0, "pos": [18, 10], "ts_group_id": 0, "label": "parsorbitalis", "input_id": 2, "layer_pos": 6, "y": 10, "x": 18, "brain_side": "right", "id": 410, "func_id": "7"}, {"name": "rh_caudalmiddlefrontal", "weight": 0.13333333333333333, "pos": [9, 45], "ts_group_id": 0, "label": "caudalmiddlefrontal", "input_id": 9, "layer_pos": 3, "y": 45, "x": 9, "brain_side": "right", "id": 213, "func_id": "6"}], "links": [{"source": 0, "target": 48}, {"source": 0, "target": 49}, {"source": 0, "target": 32}, {"source": 0, "target": 52}, {"source": 0, "target": 35}, {"source": 0, "target": 33}, {"source": 1, "target": 35}, {"source": 1, "target": 52}, {"source": 1, "target": 37}, {"source": 1, "target": 32}, {"source": 1, "target": 33}, {"source": 2, "target": 32}, {"source": 2, "target": 33}, {"source": 2, "target": 35}, {"source": 2, "target": 36}, {"source": 2, "target": 37}, {"source": 2, "target": 39}, {"source": 2, "target": 45}, {"source": 2, "target": 47}, {"source": 2, "target": 52}, {"source": 3, "target": 52}, {"source": 3, "target": 35}, {"source": 3, "target": 36}, {"source": 3, "target": 37}, {"source": 3, "target": 38}, {"source": 3, "target": 39}, {"source": 3, "target": 45}, {"source": 3, "target": 47}, {"source": 4, "target": 48}, {"source": 4, "target": 49}, {"source": 4, "target": 32}, {"source": 4, "target": 52}, {"source": 4, "target": 35}, {"source": 4, "target": 40}, {"source": 4, "target": 29}, {"source": 4, "target": 41}, {"source": 4, "target": 43}, {"source": 4, "target": 33}, {"source": 5, "target": 52}, {"source": 5, "target": 35}, {"source": 5, "target": 36}, {"source": 5, "target": 37}, {"source": 5, "target": 38}, {"source": 5, "target": 39}, {"source": 5, "target": 44}, {"source": 5, "target": 45}, {"source": 5, "target": 47}, {"source": 6, "target": 41}, {"source": 6, "target": 43}, {"source": 6, "target": 46}, {"source": 6, "target": 40}, {"source": 6, "target": 29}, {"source": 7, "target": 32}, {"source": 7, "target": 33}, {"source": 7, "target": 35}, {"source": 7, "target": 36}, {"source": 7, "target": 37}, {"source": 7, "target": 40}, {"source": 7, "target": 39}, {"source": 7, "target": 29}, {"source": 7, "target": 41}, {"source": 7, "target": 42}, {"source": 7, "target": 43}, {"source": 7, "target": 45}, {"source": 7, "target": 47}, {"source": 7, "target": 52}, {"source": 8, "target": 52}, {"source": 8, "target": 35}, {"source": 8, "target": 36}, {"source": 8, "target": 37}, {"source": 8, "target": 38}, {"source": 8, "target": 39}, {"source": 8, "target": 41}, {"source": 8, "target": 42}, {"source": 8, "target": 43}, {"source": 8, "target": 45}, {"source": 8, "target": 47}, {"source": 8, "target": 56}, {"source": 9, "target": 49}, {"source": 9, "target": 32}, {"source": 9, "target": 33}, {"source": 9, "target": 35}, {"source": 9, "target": 36}, {"source": 9, "target": 37}, {"source": 9, "target": 38}, {"source": 9, "target": 39}, {"source": 9, "target": 40}, {"source": 9, "target": 41}, {"source": 9, "target": 42}, {"source": 9, "target": 43}, {"source": 9, "target": 29}, {"source": 9, "target": 47}, {"source": 9, "target": 52}, {"source": 9, "target": 56}, {"source": 10, "target": 52}, {"source": 10, "target": 44}, {"source": 10, "target": 45}, {"source": 10, "target": 39}, {"source": 10, "target": 47}, {"source": 11, "target": 50}, {"source": 11, "target": 52}, {"source": 11, "target": 35}, {"source": 11, "target": 36}, {"source": 11, "target": 39}, {"source": 11, "target": 44}, {"source": 11, "target": 45}, {"source": 11, "target": 47}, {"source": 12, "target": 52}, {"source": 12, "target": 35}, {"source": 12, "target": 36}, {"source": 12, "target": 37}, {"source": 12, "target": 38}, {"source": 12, "target": 39}, {"source": 12, "target": 41}, {"source": 12, "target": 42}, {"source": 12, "target": 43}, {"source": 12, "target": 44}, {"source": 12, "target": 45}, {"source": 12, "target": 47}, {"source": 12, "target": 56}, {"source": 13, "target": 51}, {"source": 13, "target": 40}, {"source": 13, "target": 29}, {"source": 13, "target": 41}, {"source": 13, "target": 42}, {"source": 13, "target": 43}, {"source": 13, "target": 46}, {"source": 14, "target": 41}, {"source": 14, "target": 42}, {"source": 14, "target": 43}, {"source": 14, "target": 56}, {"source": 14, "target": 51}, {"source": 15, "target": 42}, {"source": 15, "target": 43}, {"source": 15, "target": 56}, {"source": 16, "target": 50}, {"source": 16, "target": 52}, {"source": 16, "target": 35}, {"source": 16, "target": 36}, {"source": 16, "target": 39}, {"source": 16, "target": 41}, {"source": 16, "target": 42}, {"source": 16, "target": 44}, {"source": 16, "target": 45}, {"source": 16, "target": 47}, {"source": 17, "target": 41}, {"source": 17, "target": 42}, {"source": 17, "target": 43}, {"source": 17, "target": 56}, {"source": 17, "target": 51}, {"source": 18, "target": 49}, {"source": 18, "target": 50}, {"source": 18, "target": 52}, {"source": 18, "target": 35}, {"source": 18, "target": 36}, {"source": 18, "target": 38}, {"source": 18, "target": 39}, {"source": 18, "target": 41}, {"source": 18, "target": 42}, {"source": 18, "target": 43}, {"source": 18, "target": 44}, {"source": 18, "target": 45}, {"source": 18, "target": 47}, {"source": 18, "target": 56}, {"source": 19, "target": 48}, {"source": 19, "target": 49}, {"source": 19, "target": 32}, {"source": 19, "target": 52}, {"source": 19, "target": 38}, {"source": 19, "target": 47}, {"source": 20, "target": 49}, {"source": 20, "target": 50}, {"source": 20, "target": 32}, {"source": 20, "target": 52}, {"source": 20, "target": 35}, {"source": 20, "target": 36}, {"source": 20, "target": 38}, {"source": 20, "target": 39}, {"source": 20, "target": 45}, {"source": 20, "target": 47}, {"source": 21, "target": 40}, {"source": 21, "target": 51}, {"source": 22, "target": 48}, {"source": 22, "target": 49}, {"source": 22, "target": 50}, {"source": 22, "target": 32}, {"source": 22, "target": 33}, {"source": 22, "target": 35}, {"source": 22, "target": 36}, {"source": 22, "target": 37}, {"source": 22, "target": 39}, {"source": 22, "target": 44}, {"source": 22, "target": 45}, {"source": 22, "target": 47}, {"source": 22, "target": 52}, {"source": 23, "target": 48}, {"source": 23, "target": 49}, {"source": 23, "target": 32}, {"source": 23, "target": 52}, {"source": 23, "target": 38}, {"source": 23, "target": 40}, {"source": 23, "target": 43}, {"source": 23, "target": 56}, {"source": 23, "target": 47}, {"source": 24, "target": 49}, {"source": 24, "target": 50}, {"source": 24, "target": 32}, {"source": 24, "target": 52}, {"source": 24, "target": 35}, {"source": 24, "target": 36}, {"source": 24, "target": 38}, {"source": 24, "target": 39}, {"source": 24, "target": 40}, {"source": 24, "target": 41}, {"source": 24, "target": 42}, {"source": 24, "target": 43}, {"source": 24, "target": 45}, {"source": 24, "target": 47}, {"source": 24, "target": 56}, {"source": 25, "target": 50}, {"source": 25, "target": 45}, {"source": 25, "target": 52}, {"source": 25, "target": 47}, {"source": 26, "target": 48}, {"source": 26, "target": 49}, {"source": 26, "target": 50}, {"source": 26, "target": 32}, {"source": 26, "target": 33}, {"source": 26, "target": 35}, {"source": 26, "target": 36}, {"source": 26, "target": 37}, {"source": 26, "target": 40}, {"source": 26, "target": 39}, {"source": 26, "target": 29}, {"source": 26, "target": 41}, {"source": 26, "target": 42}, {"source": 26, "target": 43}, {"source": 26, "target": 44}, {"source": 26, "target": 45}, {"source": 26, "target": 47}, {"source": 26, "target": 52}, {"source": 27, "target": 43}, {"source": 27, "target": 40}, {"source": 27, "target": 56}, {"source": 28, "target": 51}, {"source": 29, "target": 31}, {"source": 29, "target": 54}, {"source": 30, "target": 51}, {"source": 31, "target": 32}, {"source": 31, "target": 52}, {"source": 31, "target": 35}, {"source": 31, "target": 37}, {"source": 31, "target": 40}, {"source": 31, "target": 41}, {"source": 31, "target": 43}, {"source": 31, "target": 33}, {"source": 34, "target": 41}, {"source": 34, "target": 42}, {"source": 34, "target": 51}, {"source": 36, "target": 53}, {"source": 37, "target": 53}, {"source": 38, "target": 53}, {"source": 39, "target": 53}, {"source": 40, "target": 54}, {"source": 41, "target": 54}, {"source": 42, "target": 53}, {"source": 43, "target": 53}, {"source": 43, "target": 54}, {"source": 46, "target": 54}, {"source": 46, "target": 55}, {"source": 47, "target": 53}, {"source": 49, "target": 53}, {"source": 53, "target": 56}], "multigraph": false}