{"directed": false, "graph": [], "nodes": [{"name": "lh_paracentral", "weight": 0.25, "pos": [15, 225], "ts_group_id": 0, "label": "paracentral", "input_id": 45, "layer_pos": 5, "y": 225, "x": 15, "brain_side": "left", "id": 385, "func_id": "2"}, {"name": "lh_posteriorcingulate", "weight": 0.25, "pos": [15, 240], "ts_group_id": 0, "label": "posteriorcingulate", "input_id": 48, "layer_pos": 5, "y": 240, "x": 15, "brain_side": "left", "id": 388, "func_id": "4"}, {"name": "rh_paracentral", "weight": 0.1875, "pos": [0, 55], "ts_group_id": 0, "label": "paracentral", "input_id": 11, "layer_pos": 0, "y": 55, "x": 0, "brain_side": "right", "id": 11, "func_id": "2"}, {"name": "rh_posteriorcingulate", "weight": 1.0625, "pos": [0, 70], "ts_group_id": 0, "label": "posteriorcingulate", "input_id": 14, "layer_pos": 0, "y": 70, "x": 0, "brain_side": "right", "id": 14, "func_id": "4"}, {"name": "rh_superiorfrontal", "weight": 0.09523809523809523, "pos": [6, 40], "ts_group_id": 0, "label": "superiorfrontal", "input_id": 8, "layer_pos": 2, "y": 40, "x": 6, "brain_side": "right", "id": 144, "func_id": "7"}, {"name": "rh_lateralorbitofrontal", "weight": 0.16666666666666666, "pos": [12, 5], "ts_group_id": 0, "label": "lateralorbitofrontal", "input_id": 1, "layer_pos": 4, "y": 5, "x": 12, "brain_side": "right", "id": 273, "func_id": "5"}, {"name": "rh_medialorbitofrontal", "weight": 0.16666666666666666, "pos": [12, 20], "ts_group_id": 0, "label": "medialorbitofrontal", "input_id": 4, "layer_pos": 4, "y": 20, "x": 12, "brain_side": "right", "id": 276, "func_id": "5"}, {"name": "rh_caudalanteriorcingulate", "weight": 0.09523809523809523, "pos": [6, 65], "ts_group_id": 0, "label": "caudalanteriorcingulate", "input_id": 13, "layer_pos": 2, "y": 65, "x": 6, "brain_side": "right", "id": 149, "func_id": "4"}, {"name": "rh_posteriorcingulate", "weight": 0.42857142857142855, "pos": [6, 70], "ts_group_id": 0, "label": "posteriorcingulate", "input_id": 14, "layer_pos": 2, "y": 70, "x": 6, "brain_side": "right", "id": 150, "func_id": "4"}, {"name": "rh_posteriorcingulate", "weight": 0.3333333333333333, "pos": [12, 70], "ts_group_id": 0, "label": "posteriorcingulate", "input_id": 14, "layer_pos": 4, "y": 70, "x": 12, "brain_side": "right", "id": 286, "func_id": "4"}, {"name": "rh_paracentral", "weight": 0.25, "pos": [18, 55], "ts_group_id": 0, "label": "paracentral", "input_id": 11, "layer_pos": 6, "y": 55, "x": 18, "brain_side": "right", "id": 419, "func_id": "2"}, {"name": "rh_posteriorcingulate", "weight": 0.25, "pos": [18, 70], "ts_group_id": 0, "label": "posteriorcingulate", "input_id": 14, "layer_pos": 6, "y": 70, "x": 18, "brain_side": "right", "id": 422, "func_id": "4"}, {"name": "lh_paracentral", "weight": 0.125, "pos": [0, 225], "ts_group_id": 0, "label": "paracentral", "input_id": 45, "layer_pos": 0, "y": 225, "x": 0, "brain_side": "left", "id": 45, "func_id": "2"}, {"name": "lh_caudalanteriorcingulate", "weight": 0.125, "pos": [0, 235], "ts_group_id": 0, "label": "caudalanteriorcingulate", "input_id": 47, "layer_pos": 0, "y": 235, "x": 0, "brain_side": "left", "id": 47, "func_id": "4"}, {"name": "lh_posteriorcingulate", "weight": 1.0, "pos": [0, 240], "ts_group_id": 0, "label": "posteriorcingulate", "input_id": 48, "layer_pos": 0, "y": 240, "x": 0, "brain_side": "left", "id": 48, "func_id": "4"}, {"name": "lh_lateralorbitofrontal", "weight": 0.16666666666666666, "pos": [12, 175], "ts_group_id": 0, "label": "lateralorbitofrontal", "input_id": 35, "layer_pos": 4, "y": 175, "x": 12, "brain_side": "left", "id": 307, "func_id": "5"}, {"name": "lh_medialorbitofrontal", "weight": 0.16666666666666666, "pos": [12, 190], "ts_group_id": 0, "label": "medialorbitofrontal", "input_id": 38, "layer_pos": 4, "y": 190, "x": 12, "brain_side": "left", "id": 310, "func_id": "5"}, {"name": "lh_posteriorcingulate", "weight": 0.38095238095238093, "pos": [6, 240], "ts_group_id": 0, "label": "posteriorcingulate", "input_id": 48, "layer_pos": 2, "y": 240, "x": 6, "brain_side": "left", "id": 184, "func_id": "4"}, {"name": "lh_precuneus", "weight": 0.09523809523809523, "pos": [6, 270], "ts_group_id": 0, "label": "precuneus", "input_id": 54, "layer_pos": 2, "y": 270, "x": 6, "brain_side": "left", "id": 190, "func_id": "7"}, {"name": "lh_posteriorcingulate", "weight": 0.3333333333333333, "pos": [12, 240], "ts_group_id": 0, "label": "posteriorcingulate", "input_id": 48, "layer_pos": 4, "y": 240, "x": 12, "brain_side": "left", "id": 320, "func_id": "4"}, {"name": "lh_paracentral", "weight": 0.25, "pos": [18, 225], "ts_group_id": 0, "label": "paracentral", "input_id": 45, "layer_pos": 6, "y": 225, "x": 18, "brain_side": "left", "id": 453, "func_id": "2"}, {"name": "lh_posteriorcingulate", "weight": 0.25, "pos": [18, 240], "ts_group_id": 0, "label": "posteriorcingulate", "input_id": 48, "layer_pos": 6, "y": 240, "x": 18, "brain_side": "left", "id": 456, "func_id": "4"}, {"name": "rh_lateralorbitofrontal", "weight": 0.1, "pos": [9, 5], "ts_group_id": 0, "label": "lateralorbitofrontal", "input_id": 1, "layer_pos": 3, "y": 5, "x": 9, "brain_side": "right", "id": 205, "func_id": "5"}, {"name": "rh_medialorbitofrontal", "weight": 0.1, "pos": [9, 20], "ts_group_id": 0, "label": "medialorbitofrontal", "input_id": 4, "layer_pos": 3, "y": 20, "x": 9, "brain_side": "right", "id": 208, "func_id": "5"}, {"name": "rh_caudalanteriorcingulate", "weight": 0.17647058823529413, "pos": [3, 65], "ts_group_id": 0, "label": "caudalanteriorcingulate", "input_id": 13, "layer_pos": 1, "y": 65, "x": 3, "brain_side": "right", "id": 81, "func_id": "4"}, {"name": "rh_posteriorcingulate", "weight": 0.9411764705882353, "pos": [3, 70], "ts_group_id": 0, "label": "posteriorcingulate", "input_id": 14, "layer_pos": 1, "y": 70, "x": 3, "brain_side": "right", "id": 82, "func_id": "4"}, {"name": "rh_precentral", "weight": 0.1, "pos": [9, 50], "ts_group_id": 0, "label": "precentral", "input_id": 10, "layer_pos": 3, "y": 50, "x": 9, "brain_side": "right", "id": 214, "func_id": "2"}, {"name": "rh_rostralanteriorcingulate", "weight": 0.1, "pos": [9, 60], "ts_group_id": 0, "label": "rostralanteriorcingulate", "input_id": 12, "layer_pos": 3, "y": 60, "x": 9, "brain_side": "right", "id": 216, "func_id": "7"}, {"name": "rh_posteriorcingulate", "weight": 0.4, "pos": [9, 70], "ts_group_id": 0, "label": "posteriorcingulate", "input_id": 14, "layer_pos": 3, "y": 70, "x": 9, "brain_side": "right", "id": 218, "func_id": "4"}, {"name": "rh_postcentral", "weight": 0.1, "pos": [9, 80], "ts_group_id": 0, "label": "postcentral", "input_id": 16, "layer_pos": 3, "y": 80, "x": 9, "brain_side": "right", "id": 220, "func_id": "2"}, {"name": "rh_paracentral", "weight": 0.25, "pos": [15, 55], "ts_group_id": 0, "label": "paracentral", "input_id": 11, "layer_pos": 5, "y": 55, "x": 15, "brain_side": "right", "id": 351, "func_id": "2"}, {"name": "rh_posteriorcingulate", "weight": 0.25, "pos": [15, 70], "ts_group_id": 0, "label": "posteriorcingulate", "input_id": 14, "layer_pos": 5, "y": 70, "x": 15, "brain_side": "right", "id": 354, "func_id": "4"}, {"name": "rh_temporalpole", "weight": 0.1, "pos": [9, 140], "ts_group_id": 0, "label": "temporalpole", "input_id": 28, "layer_pos": 3, "y": 140, "x": 9, "brain_side": "right", "id": 232, "func_id": "5"}, {"name": "lh_lateralorbitofrontal", "weight": 0.1, "pos": [9, 175], "ts_group_id": 0, "label": "lateralorbitofrontal", "input_id": 35, "layer_pos": 3, "y": 175, "x": 9, "brain_side": "left", "id": 239, "func_id": "5"}, {"name": "lh_precentral", "weight": 0.17647058823529413, "pos": [3, 220], "ts_group_id": 0, "label": "precentral", "input_id": 44, "layer_pos": 1, "y": 220, "x": 3, "brain_side": "left", "id": 112, "func_id": "2"}, {"name": "lh_medialorbitofrontal", "weight": 0.1, "pos": [9, 190], "ts_group_id": 0, "label": "medialorbitofrontal", "input_id": 38, "layer_pos": 3, "y": 190, "x": 9, "brain_side": "left", "id": 242, "func_id": "5"}, {"name": "lh_caudalanteriorcingulate", "weight": 0.23529411764705882, "pos": [3, 235], "ts_group_id": 0, "label": "caudalanteriorcingulate", "input_id": 47, "layer_pos": 1, "y": 235, "x": 3, "brain_side": "left", "id": 115, "func_id": "4"}, {"name": "lh_posteriorcingulate", "weight": 0.8235294117647058, "pos": [3, 240], "ts_group_id": 0, "label": "posteriorcingulate", "input_id": 48, "layer_pos": 1, "y": 240, "x": 3, "brain_side": "left", "id": 116, "func_id": "4"}, {"name": "lh_postcentral", "weight": 0.17647058823529413, "pos": [3, 250], "ts_group_id": 0, "label": "postcentral", "input_id": 50, "layer_pos": 1, "y": 250, "x": 3, "brain_side": "left", "id": 118, "func_id": "2"}, {"name": "lh_posteriorcingulate", "weight": 0.4, "pos": [9, 240], "ts_group_id": 0, "label": "posteriorcingulate", "input_id": 48, "layer_pos": 3, "y": 240, "x": 9, "brain_side": "left", "id": 252, "func_id": "4"}], "links": [{"source": 0, "target": 19}, {"source": 0, "target": 10}, {"source": 0, "target": 20}, {"source": 0, "target": 11}, {"source": 0, "target": 21}, {"source": 0, "target": 9}, {"source": 1, "target": 19}, {"source": 1, "target": 10}, {"source": 1, "target": 20}, {"source": 1, "target": 11}, {"source": 1, "target": 21}, {"source": 1, "target": 16}, {"source": 1, "target": 9}, {"source": 2, "target": 34}, {"source": 2, "target": 25}, {"source": 2, "target": 37}, {"source": 2, "target": 38}, {"source": 3, "target": 34}, {"source": 3, "target": 24}, {"source": 3, "target": 25}, {"source": 3, "target": 37}, {"source": 3, "target": 38}, {"source": 4, "target": 23}, {"source": 4, "target": 35}, {"source": 4, "target": 34}, {"source": 4, "target": 24}, {"source": 4, "target": 25}, {"source": 4, "target": 36}, {"source": 4, "target": 37}, {"source": 4, "target": 26}, {"source": 4, "target": 27}, {"source": 4, "target": 28}, {"source": 4, "target": 39}, {"source": 5, "target": 23}, {"source": 5, "target": 32}, {"source": 5, "target": 22}, {"source": 6, "target": 23}, {"source": 6, "target": 27}, {"source": 6, "target": 35}, {"source": 6, "target": 22}, {"source": 6, "target": 33}, {"source": 7, "target": 23}, {"source": 7, "target": 24}, {"source": 7, "target": 25}, {"source": 7, "target": 36}, {"source": 7, "target": 27}, {"source": 7, "target": 28}, {"source": 8, "target": 38}, {"source": 8, "target": 34}, {"source": 8, "target": 24}, {"source": 8, "target": 25}, {"source": 8, "target": 37}, {"source": 8, "target": 26}, {"source": 8, "target": 27}, {"source": 8, "target": 28}, {"source": 8, "target": 39}, {"source": 9, "target": 31}, {"source": 9, "target": 26}, {"source": 9, "target": 27}, {"source": 9, "target": 28}, {"source": 9, "target": 39}, {"source": 9, "target": 30}, {"source": 10, "target": 31}, {"source": 10, "target": 30}, {"source": 11, "target": 31}, {"source": 11, "target": 30}, {"source": 12, "target": 34}, {"source": 12, "target": 25}, {"source": 12, "target": 37}, {"source": 12, "target": 38}, {"source": 13, "target": 24}, {"source": 13, "target": 36}, {"source": 13, "target": 37}, {"source": 14, "target": 34}, {"source": 14, "target": 25}, {"source": 14, "target": 36}, {"source": 14, "target": 37}, {"source": 15, "target": 23}, {"source": 15, "target": 35}, {"source": 15, "target": 33}, {"source": 16, "target": 33}, {"source": 16, "target": 23}, {"source": 16, "target": 35}, {"source": 16, "target": 27}, {"source": 16, "target": 39}, {"source": 17, "target": 25}, {"source": 17, "target": 34}, {"source": 17, "target": 35}, {"source": 17, "target": 36}, {"source": 17, "target": 37}, {"source": 17, "target": 28}, {"source": 17, "target": 39}, {"source": 18, "target": 29}, {"source": 18, "target": 25}, {"source": 18, "target": 36}, {"source": 18, "target": 37}, {"source": 18, "target": 28}, {"source": 18, "target": 39}, {"source": 19, "target": 31}, {"source": 19, "target": 35}, {"source": 19, "target": 28}, {"source": 19, "target": 39}, {"source": 19, "target": 30}, {"source": 20, "target": 31}, {"source": 20, "target": 30}, {"source": 21, "target": 31}, {"source": 21, "target": 30}], "multigraph": false}