{"directed": false, "graph": [], "nodes": [{"name": "lh_parahippocampal", "weight": 0.47058823529411764, "pos": [3, 300], "ts_group_id": 0, "label": "parahippocampal", "input_id": 60, "layer_pos": 1, "y": 300, "x": 3, "brain_side": "left", "id": 128, "func_id": "7"}, {"name": "lh_entorhinal", "weight": 1.1764705882352942, "pos": [3, 305], "ts_group_id": 0, "label": "entorhinal", "input_id": 61, "layer_pos": 1, "y": 305, "x": 3, "brain_side": "left", "id": 129, "func_id": "5"}, {"name": "lh_temporalpole", "weight": 1.2941176470588236, "pos": [3, 310], "ts_group_id": 0, "label": "temporalpole", "input_id": 62, "layer_pos": 1, "y": 310, "x": 3, "brain_side": "left", "id": 130, "func_id": "5"}, {"name": "lh_inferiortemporal", "weight": 0.4117647058823529, "pos": [3, 315], "ts_group_id": 0, "label": "inferiortemporal", "input_id": 63, "layer_pos": 1, "y": 315, "x": 3, "brain_side": "left", "id": 131, "func_id": "5"}, {"name": "lh_middletemporal", "weight": 0.11764705882352941, "pos": [3, 320], "ts_group_id": 0, "label": "middletemporal", "input_id": 64, "layer_pos": 1, "y": 320, "x": 3, "brain_side": "left", "id": 132, "func_id": "7"}, {"name": "lh_fusiform", "weight": 0.11764705882352941, "pos": [9, 295], "ts_group_id": 0, "label": "fusiform", "input_id": 59, "layer_pos": 3, "y": 295, "x": 9, "brain_side": "left", "id": 263, "func_id": "1"}, {"name": "lh_insula", "weight": 0.11764705882352941, "pos": [3, 340], "ts_group_id": 0, "label": "insula", "input_id": 68, "layer_pos": 1, "y": 340, "x": 3, "brain_side": "left", "id": 136, "func_id": "4"}, {"name": "lh_entorhinal", "weight": 0.29411764705882354, "pos": [9, 305], "ts_group_id": 0, "label": "entorhinal", "input_id": 61, "layer_pos": 3, "y": 305, "x": 9, "brain_side": "left", "id": 265, "func_id": "5"}, {"name": "lh_temporalpole", "weight": 0.29411764705882354, "pos": [9, 310], "ts_group_id": 0, "label": "temporalpole", "input_id": 62, "layer_pos": 3, "y": 310, "x": 9, "brain_side": "left", "id": 266, "func_id": "5"}, {"name": "lh_inferiortemporal", "weight": 0.17647058823529413, "pos": [9, 315], "ts_group_id": 0, "label": "inferiortemporal", "input_id": 63, "layer_pos": 3, "y": 315, "x": 9, "brain_side": "left", "id": 267, "func_id": "5"}, {"name": "lh_lateraloccipital", "weight": 0.16666666666666666, "pos": [15, 285], "ts_group_id": 0, "label": "lateraloccipital", "input_id": 57, "layer_pos": 5, "y": 285, "x": 15, "brain_side": "left", "id": 397, "func_id": "1"}, {"name": "lh_fusiform", "weight": 0.3333333333333333, "pos": [15, 295], "ts_group_id": 0, "label": "fusiform", "input_id": 59, "layer_pos": 5, "y": 295, "x": 15, "brain_side": "left", "id": 399, "func_id": "1"}, {"name": "lh_entorhinal", "weight": 0.16666666666666666, "pos": [15, 305], "ts_group_id": 0, "label": "entorhinal", "input_id": 61, "layer_pos": 5, "y": 305, "x": 15, "brain_side": "left", "id": 401, "func_id": "5"}, {"name": "lh_superiorparietal", "weight": 0.125, "pos": [12, 260], "ts_group_id": 0, "label": "superiorparietal", "input_id": 52, "layer_pos": 4, "y": 260, "x": 12, "brain_side": "left", "id": 324, "func_id": "3"}, {"name": "lh_inferiorparietal", "weight": 0.125, "pos": [12, 265], "ts_group_id": 0, "label": "inferiorparietal", "input_id": 53, "layer_pos": 4, "y": 265, "x": 12, "brain_side": "left", "id": 325, "func_id": "7"}, {"name": "lh_lateralorbitofrontal", "weight": 0.15384615384615385, "pos": [0, 175], "ts_group_id": 0, "label": "lateralorbitofrontal", "input_id": 35, "layer_pos": 0, "y": 175, "x": 0, "brain_side": "left", "id": 35, "func_id": "5"}, {"name": "rh_lateraloccipital", "weight": 0.125, "pos": [12, 115], "ts_group_id": 0, "label": "lateraloccipital", "input_id": 23, "layer_pos": 4, "y": 115, "x": 12, "brain_side": "right", "id": 295, "func_id": "1"}, {"name": "lh_parsopercularis", "weight": 0.15384615384615385, "pos": [0, 200], "ts_group_id": 0, "label": "parsopercularis", "input_id": 40, "layer_pos": 0, "y": 200, "x": 0, "brain_side": "left", "id": 40, "func_id": "4"}, {"name": "lh_rostralmiddlefrontal", "weight": 0.15384615384615385, "pos": [0, 205], "ts_group_id": 0, "label": "rostralmiddlefrontal", "input_id": 41, "layer_pos": 0, "y": 205, "x": 0, "brain_side": "left", "id": 41, "func_id": "6"}, {"name": "rh_superiorparietal", "weight": 1.0, "pos": [18, 90], "ts_group_id": 0, "label": "superiorparietal", "input_id": 18, "layer_pos": 6, "y": 90, "x": 18, "brain_side": "right", "id": 426, "func_id": "3"}, {"name": "lh_lateralorbitofrontal", "weight": 0.17647058823529413, "pos": [6, 175], "ts_group_id": 0, "label": "lateralorbitofrontal", "input_id": 35, "layer_pos": 2, "y": 175, "x": 6, "brain_side": "left", "id": 171, "func_id": "5"}, {"name": "lh_parahippocampal", "weight": 0.11764705882352941, "pos": [9, 300], "ts_group_id": 0, "label": "parahippocampal", "input_id": 60, "layer_pos": 3, "y": 300, "x": 9, "brain_side": "left", "id": 264, "func_id": "7"}, {"name": "lh_superiorparietal", "weight": 0.16666666666666666, "pos": [15, 260], "ts_group_id": 0, "label": "superiorparietal", "input_id": 52, "layer_pos": 5, "y": 260, "x": 15, "brain_side": "left", "id": 392, "func_id": "3"}, {"name": "lh_fusiform", "weight": 0.38461538461538464, "pos": [0, 295], "ts_group_id": 0, "label": "fusiform", "input_id": 59, "layer_pos": 0, "y": 295, "x": 0, "brain_side": "left", "id": 59, "func_id": "1"}, {"name": "lh_parahippocampal", "weight": 0.5384615384615384, "pos": [0, 300], "ts_group_id": 0, "label": "parahippocampal", "input_id": 60, "layer_pos": 0, "y": 300, "x": 0, "brain_side": "left", "id": 60, "func_id": "7"}, {"name": "lh_entorhinal", "weight": 1.8461538461538463, "pos": [0, 305], "ts_group_id": 0, "label": "entorhinal", "input_id": 61, "layer_pos": 0, "y": 305, "x": 0, "brain_side": "left", "id": 61, "func_id": "5"}, {"name": "lh_temporalpole", "weight": 1.5384615384615385, "pos": [0, 310], "ts_group_id": 0, "label": "temporalpole", "input_id": 62, "layer_pos": 0, "y": 310, "x": 0, "brain_side": "left", "id": 62, "func_id": "5"}, {"name": "lh_inferiortemporal", "weight": 0.6153846153846154, "pos": [0, 315], "ts_group_id": 0, "label": "inferiortemporal", "input_id": 63, "layer_pos": 0, "y": 315, "x": 0, "brain_side": "left", "id": 63, "func_id": "5"}, {"name": "lh_middletemporal", "weight": 0.15384615384615385, "pos": [0, 320], "ts_group_id": 0, "label": "middletemporal", "input_id": 64, "layer_pos": 0, "y": 320, "x": 0, "brain_side": "left", "id": 64, "func_id": "7"}, {"name": "lh_fusiform", "weight": 0.23529411764705882, "pos": [6, 295], "ts_group_id": 0, "label": "fusiform", "input_id": 59, "layer_pos": 2, "y": 295, "x": 6, "brain_side": "left", "id": 195, "func_id": "1"}, {"name": "lh_parahippocampal", "weight": 0.29411764705882354, "pos": [6, 300], "ts_group_id": 0, "label": "parahippocampal", "input_id": 60, "layer_pos": 2, "y": 300, "x": 6, "brain_side": "left", "id": 196, "func_id": "7"}, {"name": "lh_entorhinal", "weight": 1.1176470588235294, "pos": [6, 305], "ts_group_id": 0, "label": "entorhinal", "input_id": 61, "layer_pos": 2, "y": 305, "x": 6, "brain_side": "left", "id": 197, "func_id": "5"}, {"name": "lh_temporalpole", "weight": 1.1176470588235294, "pos": [6, 310], "ts_group_id": 0, "label": "temporalpole", "input_id": 62, "layer_pos": 2, "y": 310, "x": 6, "brain_side": "left", "id": 198, "func_id": "5"}, {"name": "lh_inferiortemporal", "weight": 0.47058823529411764, "pos": [6, 315], "ts_group_id": 0, "label": "inferiortemporal", "input_id": 63, "layer_pos": 2, "y": 315, "x": 6, "brain_side": "left", "id": 199, "func_id": "5"}, {"name": "lh_lateraloccipital", "weight": 0.125, "pos": [12, 285], "ts_group_id": 0, "label": "lateraloccipital", "input_id": 57, "layer_pos": 4, "y": 285, "x": 12, "brain_side": "left", "id": 329, "func_id": "1"}, {"name": "lh_fusiform", "weight": 0.375, "pos": [12, 295], "ts_group_id": 0, "label": "fusiform", "input_id": 59, "layer_pos": 4, "y": 295, "x": 12, "brain_side": "left", "id": 331, "func_id": "1"}, {"name": "lh_insula", "weight": 0.11764705882352941, "pos": [6, 340], "ts_group_id": 0, "label": "insula", "input_id": 68, "layer_pos": 2, "y": 340, "x": 6, "brain_side": "left", "id": 204, "func_id": "4"}, {"name": "lh_entorhinal", "weight": 0.25, "pos": [12, 305], "ts_group_id": 0, "label": "entorhinal", "input_id": 61, "layer_pos": 4, "y": 305, "x": 12, "brain_side": "left", "id": 333, "func_id": "5"}, {"name": "lh_inferiortemporal", "weight": 0.125, "pos": [12, 315], "ts_group_id": 0, "label": "inferiortemporal", "input_id": 63, "layer_pos": 4, "y": 315, "x": 12, "brain_side": "left", "id": 335, "func_id": "5"}, {"name": "rh_superiorparietal", "weight": 0.16666666666666666, "pos": [15, 90], "ts_group_id": 0, "label": "superiorparietal", "input_id": 18, "layer_pos": 5, "y": 90, "x": 15, "brain_side": "right", "id": 358, "func_id": "3"}, {"name": "lh_lateralorbitofrontal", "weight": 0.17647058823529413, "pos": [3, 175], "ts_group_id": 0, "label": "lateralorbitofrontal", "input_id": 35, "layer_pos": 1, "y": 175, "x": 3, "brain_side": "left", "id": 103, "func_id": "5"}, {"name": "lh_parsorbitalis", "weight": 0.11764705882352941, "pos": [3, 180], "ts_group_id": 0, "label": "parsorbitalis", "input_id": 36, "layer_pos": 1, "y": 180, "x": 3, "brain_side": "left", "id": 104, "func_id": "7"}, {"name": "rh_lateraloccipital", "weight": 0.16666666666666666, "pos": [15, 115], "ts_group_id": 0, "label": "lateraloccipital", "input_id": 23, "layer_pos": 5, "y": 115, "x": 15, "brain_side": "right", "id": 363, "func_id": "1"}, {"name": "lh_parsopercularis", "weight": 0.17647058823529413, "pos": [3, 200], "ts_group_id": 0, "label": "parsopercularis", "input_id": 40, "layer_pos": 1, "y": 200, "x": 3, "brain_side": "left", "id": 108, "func_id": "4"}, {"name": "lh_lateralorbitofrontal", "weight": 0.11764705882352941, "pos": [9, 175], "ts_group_id": 0, "label": "lateralorbitofrontal", "input_id": 35, "layer_pos": 3, "y": 175, "x": 9, "brain_side": "left", "id": 239, "func_id": "5"}, {"name": "lh_parahippocampal", "weight": 0.125, "pos": [12, 300], "ts_group_id": 0, "label": "parahippocampal", "input_id": 60, "layer_pos": 4, "y": 300, "x": 12, "brain_side": "left", "id": 332, "func_id": "7"}, {"name": "lh_fusiform", "weight": 0.47058823529411764, "pos": [3, 295], "ts_group_id": 0, "label": "fusiform", "input_id": 59, "layer_pos": 1, "y": 295, "x": 3, "brain_side": "left", "id": 127, "func_id": "1"}], "links": [{"source": 0, "target": 29}, {"source": 0, "target": 30}, {"source": 0, "target": 31}, {"source": 0, "target": 23}, {"source": 0, "target": 24}, {"source": 0, "target": 25}, {"source": 1, "target": 29}, {"source": 1, "target": 30}, {"source": 1, "target": 31}, {"source": 1, "target": 32}, {"source": 1, "target": 23}, {"source": 1, "target": 24}, {"source": 1, "target": 25}, {"source": 1, "target": 26}, {"source": 2, "target": 29}, {"source": 2, "target": 31}, {"source": 2, "target": 32}, {"source": 2, "target": 33}, {"source": 2, "target": 36}, {"source": 2, "target": 23}, {"source": 2, "target": 25}, {"source": 2, "target": 26}, {"source": 2, "target": 27}, {"source": 3, "target": 28}, {"source": 3, "target": 29}, {"source": 3, "target": 32}, {"source": 3, "target": 33}, {"source": 3, "target": 17}, {"source": 3, "target": 18}, {"source": 3, "target": 36}, {"source": 3, "target": 23}, {"source": 3, "target": 26}, {"source": 3, "target": 27}, {"source": 4, "target": 28}, {"source": 4, "target": 15}, {"source": 4, "target": 33}, {"source": 4, "target": 17}, {"source": 4, "target": 20}, {"source": 4, "target": 36}, {"source": 4, "target": 29}, {"source": 4, "target": 23}, {"source": 4, "target": 27}, {"source": 5, "target": 29}, {"source": 5, "target": 30}, {"source": 5, "target": 31}, {"source": 5, "target": 32}, {"source": 5, "target": 33}, {"source": 5, "target": 34}, {"source": 5, "target": 20}, {"source": 5, "target": 36}, {"source": 5, "target": 37}, {"source": 5, "target": 38}, {"source": 5, "target": 45}, {"source": 5, "target": 13}, {"source": 5, "target": 35}, {"source": 5, "target": 14}, {"source": 6, "target": 28}, {"source": 6, "target": 15}, {"source": 6, "target": 32}, {"source": 6, "target": 33}, {"source": 6, "target": 17}, {"source": 6, "target": 18}, {"source": 6, "target": 20}, {"source": 6, "target": 36}, {"source": 6, "target": 29}, {"source": 6, "target": 23}, {"source": 6, "target": 26}, {"source": 6, "target": 27}, {"source": 7, "target": 29}, {"source": 7, "target": 30}, {"source": 7, "target": 31}, {"source": 7, "target": 32}, {"source": 7, "target": 35}, {"source": 7, "target": 45}, {"source": 7, "target": 37}, {"source": 8, "target": 29}, {"source": 8, "target": 31}, {"source": 8, "target": 32}, {"source": 8, "target": 33}, {"source": 8, "target": 35}, {"source": 8, "target": 36}, {"source": 8, "target": 37}, {"source": 8, "target": 38}, {"source": 9, "target": 29}, {"source": 9, "target": 13}, {"source": 9, "target": 14}, {"source": 9, "target": 32}, {"source": 9, "target": 33}, {"source": 9, "target": 34}, {"source": 9, "target": 35}, {"source": 9, "target": 36}, {"source": 9, "target": 38}, {"source": 10, "target": 13}, {"source": 10, "target": 14}, {"source": 10, "target": 16}, {"source": 10, "target": 34}, {"source": 10, "target": 19}, {"source": 10, "target": 35}, {"source": 10, "target": 38}, {"source": 11, "target": 13}, {"source": 11, "target": 14}, {"source": 11, "target": 34}, {"source": 11, "target": 35}, {"source": 11, "target": 45}, {"source": 11, "target": 37}, {"source": 11, "target": 38}, {"source": 12, "target": 35}, {"source": 12, "target": 45}, {"source": 12, "target": 37}, {"source": 13, "target": 39}, {"source": 13, "target": 21}, {"source": 13, "target": 42}, {"source": 13, "target": 22}, {"source": 14, "target": 22}, {"source": 15, "target": 41}, {"source": 15, "target": 46}, {"source": 15, "target": 40}, {"source": 16, "target": 22}, {"source": 16, "target": 42}, {"source": 16, "target": 39}, {"source": 17, "target": 43}, {"source": 18, "target": 41}, {"source": 18, "target": 43}, {"source": 18, "target": 40}, {"source": 19, "target": 22}, {"source": 19, "target": 42}, {"source": 19, "target": 39}, {"source": 20, "target": 40}, {"source": 20, "target": 41}, {"source": 20, "target": 44}, {"source": 20, "target": 46}, {"source": 21, "target": 29}, {"source": 21, "target": 31}, {"source": 21, "target": 35}, {"source": 21, "target": 45}, {"source": 21, "target": 37}, {"source": 21, "target": 30}, {"source": 22, "target": 34}, {"source": 22, "target": 35}, {"source": 22, "target": 45}, {"source": 22, "target": 38}, {"source": 23, "target": 40}, {"source": 23, "target": 46}, {"source": 24, "target": 46}, {"source": 25, "target": 46}, {"source": 26, "target": 46}, {"source": 27, "target": 43}, {"source": 27, "target": 46}, {"source": 28, "target": 40}, {"source": 28, "target": 43}, {"source": 28, "target": 46}, {"source": 29, "target": 40}, {"source": 29, "target": 44}, {"source": 29, "target": 46}, {"source": 30, "target": 46}, {"source": 31, "target": 46}, {"source": 32, "target": 46}, {"source": 33, "target": 43}, {"source": 33, "target": 46}, {"source": 34, "target": 42}, {"source": 34, "target": 39}, {"source": 34, "target": 44}, {"source": 35, "target": 44}, {"source": 36, "target": 40}, {"source": 36, "target": 41}, {"source": 36, "target": 43}, {"source": 36, "target": 44}, {"source": 36, "target": 46}], "multigraph": false}