{"directed": false, "graph": [], "nodes": [{"name": "lh_superiorparietal", "weight": 0.25, "pos": [9, 260], "ts_group_id": 0, "label": "superiorparietal", "input_id": 52, "layer_pos": 3, "y": 260, "x": 9, "brain_side": "left", "id": 256, "func_id": "3"}, {"name": "lh_cuneus", "weight": 0.55, "pos": [9, 275], "ts_group_id": 0, "label": "cuneus", "input_id": 55, "layer_pos": 3, "y": 275, "x": 9, "brain_side": "left", "id": 259, "func_id": "1"}, {"name": "lh_pericalcarine", "weight": 0.55, "pos": [9, 280], "ts_group_id": 0, "label": "pericalcarine", "input_id": 56, "layer_pos": 3, "y": 280, "x": 9, "brain_side": "left", "id": 260, "func_id": "1"}, {"name": "lh_lingual", "weight": 0.5, "pos": [9, 290], "ts_group_id": 0, "label": "lingual", "input_id": 58, "layer_pos": 3, "y": 290, "x": 9, "brain_side": "left", "id": 262, "func_id": "1"}, {"name": "lh_fusiform", "weight": 0.15, "pos": [9, 295], "ts_group_id": 0, "label": "fusiform", "input_id": 59, "layer_pos": 3, "y": 295, "x": 9, "brain_side": "left", "id": 263, "func_id": "1"}, {"name": "lh_precuneus", "weight": 0.09090909090909091, "pos": [15, 270], "ts_group_id": 0, "label": "precuneus", "input_id": 54, "layer_pos": 5, "y": 270, "x": 15, "brain_side": "left", "id": 394, "func_id": "7"}, {"name": "lh_cuneus", "weight": 0.18181818181818182, "pos": [15, 275], "ts_group_id": 0, "label": "cuneus", "input_id": 55, "layer_pos": 5, "y": 275, "x": 15, "brain_side": "left", "id": 395, "func_id": "1"}, {"name": "lh_pericalcarine", "weight": 0.09090909090909091, "pos": [15, 280], "ts_group_id": 0, "label": "pericalcarine", "input_id": 56, "layer_pos": 5, "y": 280, "x": 15, "brain_side": "left", "id": 396, "func_id": "1"}, {"name": "lh_lingual", "weight": 0.09090909090909091, "pos": [15, 290], "ts_group_id": 0, "label": "lingual", "input_id": 58, "layer_pos": 5, "y": 290, "x": 15, "brain_side": "left", "id": 398, "func_id": "1"}, {"name": "lh_fusiform", "weight": 0.09090909090909091, "pos": [15, 295], "ts_group_id": 0, "label": "fusiform", "input_id": 59, "layer_pos": 5, "y": 295, "x": 15, "brain_side": "left", "id": 399, "func_id": "1"}, {"name": "rh_superiorparietal", "weight": 0.1935483870967742, "pos": [0, 90], "ts_group_id": 0, "label": "superiorparietal", "input_id": 18, "layer_pos": 0, "y": 90, "x": 0, "brain_side": "right", "id": 18, "func_id": "3"}, {"name": "lh_cuneus", "weight": 1.0, "pos": [21, 275], "ts_group_id": 0, "label": "cuneus", "input_id": 55, "layer_pos": 7, "y": 275, "x": 21, "brain_side": "left", "id": 531, "func_id": "1"}, {"name": "rh_cuneus", "weight": 0.6129032258064516, "pos": [0, 105], "ts_group_id": 0, "label": "cuneus", "input_id": 21, "layer_pos": 0, "y": 105, "x": 0, "brain_side": "right", "id": 21, "func_id": "1"}, {"name": "rh_pericalcarine", "weight": 0.8387096774193549, "pos": [0, 110], "ts_group_id": 0, "label": "pericalcarine", "input_id": 22, "layer_pos": 0, "y": 110, "x": 0, "brain_side": "right", "id": 22, "func_id": "1"}, {"name": "rh_lateraloccipital", "weight": 0.0967741935483871, "pos": [0, 115], "ts_group_id": 0, "label": "lateraloccipital", "input_id": 23, "layer_pos": 0, "y": 115, "x": 0, "brain_side": "right", "id": 23, "func_id": "1"}, {"name": "rh_lingual", "weight": 0.7741935483870968, "pos": [0, 120], "ts_group_id": 0, "label": "lingual", "input_id": 24, "layer_pos": 0, "y": 120, "x": 0, "brain_side": "right", "id": 24, "func_id": "1"}, {"name": "rh_fusiform", "weight": 0.22580645161290322, "pos": [0, 125], "ts_group_id": 0, "label": "fusiform", "input_id": 25, "layer_pos": 0, "y": 125, "x": 0, "brain_side": "right", "id": 25, "func_id": "1"}, {"name": "rh_superiorparietal", "weight": 0.4090909090909091, "pos": [6, 90], "ts_group_id": 0, "label": "superiorparietal", "input_id": 18, "layer_pos": 2, "y": 90, "x": 6, "brain_side": "right", "id": 154, "func_id": "3"}, {"name": "rh_precuneus", "weight": 0.22727272727272727, "pos": [6, 100], "ts_group_id": 0, "label": "precuneus", "input_id": 20, "layer_pos": 2, "y": 100, "x": 6, "brain_side": "right", "id": 156, "func_id": "7"}, {"name": "rh_cuneus", "weight": 0.6363636363636364, "pos": [6, 105], "ts_group_id": 0, "label": "cuneus", "input_id": 21, "layer_pos": 2, "y": 105, "x": 6, "brain_side": "right", "id": 157, "func_id": "1"}, {"name": "rh_pericalcarine", "weight": 1.3636363636363635, "pos": [6, 110], "ts_group_id": 0, "label": "pericalcarine", "input_id": 22, "layer_pos": 2, "y": 110, "x": 6, "brain_side": "right", "id": 158, "func_id": "1"}, {"name": "rh_lateraloccipital", "weight": 0.5909090909090909, "pos": [6, 115], "ts_group_id": 0, "label": "lateraloccipital", "input_id": 23, "layer_pos": 2, "y": 115, "x": 6, "brain_side": "right", "id": 159, "func_id": "1"}, {"name": "rh_lingual", "weight": 1.2727272727272727, "pos": [6, 120], "ts_group_id": 0, "label": "lingual", "input_id": 24, "layer_pos": 2, "y": 120, "x": 6, "brain_side": "right", "id": 160, "func_id": "1"}, {"name": "rh_fusiform", "weight": 0.22727272727272727, "pos": [6, 125], "ts_group_id": 0, "label": "fusiform", "input_id": 25, "layer_pos": 2, "y": 125, "x": 6, "brain_side": "right", "id": 161, "func_id": "1"}, {"name": "rh_parahippocampal", "weight": 0.13636363636363635, "pos": [6, 130], "ts_group_id": 0, "label": "parahippocampal", "input_id": 26, "layer_pos": 2, "y": 130, "x": 6, "brain_side": "right", "id": 162, "func_id": "1"}, {"name": "rh_cuneus", "weight": 0.19047619047619047, "pos": [12, 105], "ts_group_id": 0, "label": "cuneus", "input_id": 21, "layer_pos": 4, "y": 105, "x": 12, "brain_side": "right", "id": 293, "func_id": "1"}, {"name": "rh_pericalcarine", "weight": 0.19047619047619047, "pos": [12, 110], "ts_group_id": 0, "label": "pericalcarine", "input_id": 22, "layer_pos": 4, "y": 110, "x": 12, "brain_side": "right", "id": 294, "func_id": "1"}, {"name": "rh_lingual", "weight": 0.3333333333333333, "pos": [12, 120], "ts_group_id": 0, "label": "lingual", "input_id": 24, "layer_pos": 4, "y": 120, "x": 12, "brain_side": "right", "id": 296, "func_id": "1"}, {"name": "rh_cuneus", "weight": 0.25, "pos": [18, 105], "ts_group_id": 0, "label": "cuneus", "input_id": 21, "layer_pos": 6, "y": 105, "x": 18, "brain_side": "right", "id": 429, "func_id": "1"}, {"name": "lh_superiorparietal", "weight": 0.2903225806451613, "pos": [0, 260], "ts_group_id": 0, "label": "superiorparietal", "input_id": 52, "layer_pos": 0, "y": 260, "x": 0, "brain_side": "left", "id": 52, "func_id": "3"}, {"name": "rh_superiorparietal", "weight": 0.2, "pos": [9, 90], "ts_group_id": 0, "label": "superiorparietal", "input_id": 18, "layer_pos": 3, "y": 90, "x": 9, "brain_side": "right", "id": 222, "func_id": "3"}, {"name": "lh_cuneus", "weight": 0.7096774193548387, "pos": [0, 275], "ts_group_id": 0, "label": "cuneus", "input_id": 55, "layer_pos": 0, "y": 275, "x": 0, "brain_side": "left", "id": 55, "func_id": "1"}, {"name": "lh_pericalcarine", "weight": 0.967741935483871, "pos": [0, 280], "ts_group_id": 0, "label": "pericalcarine", "input_id": 56, "layer_pos": 0, "y": 280, "x": 0, "brain_side": "left", "id": 56, "func_id": "1"}, {"name": "lh_lateraloccipital", "weight": 0.2903225806451613, "pos": [0, 285], "ts_group_id": 0, "label": "lateraloccipital", "input_id": 57, "layer_pos": 0, "y": 285, "x": 0, "brain_side": "left", "id": 57, "func_id": "1"}, {"name": "lh_lingual", "weight": 0.9032258064516129, "pos": [0, 290], "ts_group_id": 0, "label": "lingual", "input_id": 58, "layer_pos": 0, "y": 290, "x": 0, "brain_side": "left", "id": 58, "func_id": "1"}, {"name": "lh_fusiform", "weight": 0.22580645161290322, "pos": [0, 295], "ts_group_id": 0, "label": "fusiform", "input_id": 59, "layer_pos": 0, "y": 295, "x": 0, "brain_side": "left", "id": 59, "func_id": "1"}, {"name": "lh_superiorparietal", "weight": 0.5, "pos": [6, 260], "ts_group_id": 0, "label": "superiorparietal", "input_id": 52, "layer_pos": 2, "y": 260, "x": 6, "brain_side": "left", "id": 188, "func_id": "3"}, {"name": "lh_precuneus", "weight": 0.09090909090909091, "pos": [6, 270], "ts_group_id": 0, "label": "precuneus", "input_id": 54, "layer_pos": 2, "y": 270, "x": 6, "brain_side": "left", "id": 190, "func_id": "7"}, {"name": "lh_cuneus", "weight": 1.0, "pos": [6, 275], "ts_group_id": 0, "label": "cuneus", "input_id": 55, "layer_pos": 2, "y": 275, "x": 6, "brain_side": "left", "id": 191, "func_id": "1"}, {"name": "lh_pericalcarine", "weight": 1.1363636363636365, "pos": [6, 280], "ts_group_id": 0, "label": "pericalcarine", "input_id": 56, "layer_pos": 2, "y": 280, "x": 6, "brain_side": "left", "id": 192, "func_id": "1"}, {"name": "lh_lateraloccipital", "weight": 0.5454545454545454, "pos": [6, 285], "ts_group_id": 0, "label": "lateraloccipital", "input_id": 57, "layer_pos": 2, "y": 285, "x": 6, "brain_side": "left", "id": 193, "func_id": "1"}, {"name": "lh_lingual", "weight": 1.2272727272727273, "pos": [6, 290], "ts_group_id": 0, "label": "lingual", "input_id": 58, "layer_pos": 2, "y": 290, "x": 6, "brain_side": "left", "id": 194, "func_id": "1"}, {"name": "lh_fusiform", "weight": 0.22727272727272727, "pos": [6, 295], "ts_group_id": 0, "label": "fusiform", "input_id": 59, "layer_pos": 2, "y": 295, "x": 6, "brain_side": "left", "id": 195, "func_id": "1"}, {"name": "lh_superiorparietal", "weight": 0.14285714285714285, "pos": [12, 260], "ts_group_id": 0, "label": "superiorparietal", "input_id": 52, "layer_pos": 4, "y": 260, "x": 12, "brain_side": "left", "id": 324, "func_id": "3"}, {"name": "lh_cuneus", "weight": 0.3333333333333333, "pos": [12, 275], "ts_group_id": 0, "label": "cuneus", "input_id": 55, "layer_pos": 4, "y": 275, "x": 12, "brain_side": "left", "id": 327, "func_id": "1"}, {"name": "lh_pericalcarine", "weight": 0.2857142857142857, "pos": [12, 280], "ts_group_id": 0, "label": "pericalcarine", "input_id": 56, "layer_pos": 4, "y": 280, "x": 12, "brain_side": "left", "id": 328, "func_id": "1"}, {"name": "rh_postcentral", "weight": 0.09090909090909091, "pos": [15, 80], "ts_group_id": 0, "label": "postcentral", "input_id": 16, "layer_pos": 5, "y": 80, "x": 15, "brain_side": "right", "id": 356, "func_id": "2"}, {"name": "lh_lingual", "weight": 0.19047619047619047, "pos": [12, 290], "ts_group_id": 0, "label": "lingual", "input_id": 58, "layer_pos": 4, "y": 290, "x": 12, "brain_side": "left", "id": 330, "func_id": "1"}, {"name": "lh_fusiform", "weight": 0.09523809523809523, "pos": [12, 295], "ts_group_id": 0, "label": "fusiform", "input_id": 59, "layer_pos": 4, "y": 295, "x": 12, "brain_side": "left", "id": 331, "func_id": "1"}, {"name": "lh_cuneus", "weight": 0.25, "pos": [18, 275], "ts_group_id": 0, "label": "cuneus", "input_id": 55, "layer_pos": 6, "y": 275, "x": 18, "brain_side": "left", "id": 463, "func_id": "1"}, {"name": "lh_pericalcarine", "weight": 0.25, "pos": [18, 280], "ts_group_id": 0, "label": "pericalcarine", "input_id": 56, "layer_pos": 6, "y": 280, "x": 18, "brain_side": "left", "id": 464, "func_id": "1"}, {"name": "lh_fusiform", "weight": 0.25, "pos": [18, 295], "ts_group_id": 0, "label": "fusiform", "input_id": 59, "layer_pos": 6, "y": 295, "x": 18, "brain_side": "left", "id": 467, "func_id": "1"}, {"name": "rh_superiorparietal", "weight": 0.28, "pos": [3, 90], "ts_group_id": 0, "label": "superiorparietal", "input_id": 18, "layer_pos": 1, "y": 90, "x": 3, "brain_side": "right", "id": 86, "func_id": "3"}, {"name": "rh_precuneus", "weight": 0.12, "pos": [3, 100], "ts_group_id": 0, "label": "precuneus", "input_id": 20, "layer_pos": 1, "y": 100, "x": 3, "brain_side": "right", "id": 88, "func_id": "7"}, {"name": "rh_cuneus", "weight": 0.92, "pos": [3, 105], "ts_group_id": 0, "label": "cuneus", "input_id": 21, "layer_pos": 1, "y": 105, "x": 3, "brain_side": "right", "id": 89, "func_id": "1"}, {"name": "rh_pericalcarine", "weight": 1.2, "pos": [3, 110], "ts_group_id": 0, "label": "pericalcarine", "input_id": 22, "layer_pos": 1, "y": 110, "x": 3, "brain_side": "right", "id": 90, "func_id": "1"}, {"name": "rh_lateraloccipital", "weight": 0.52, "pos": [3, 115], "ts_group_id": 0, "label": "lateraloccipital", "input_id": 23, "layer_pos": 1, "y": 115, "x": 3, "brain_side": "right", "id": 91, "func_id": "1"}, {"name": "rh_lingual", "weight": 1.12, "pos": [3, 120], "ts_group_id": 0, "label": "lingual", "input_id": 24, "layer_pos": 1, "y": 120, "x": 3, "brain_side": "right", "id": 92, "func_id": "1"}, {"name": "rh_fusiform", "weight": 0.32, "pos": [3, 125], "ts_group_id": 0, "label": "fusiform", "input_id": 25, "layer_pos": 1, "y": 125, "x": 3, "brain_side": "right", "id": 93, "func_id": "1"}, {"name": "rh_parahippocampal", "weight": 0.16, "pos": [3, 130], "ts_group_id": 0, "label": "parahippocampal", "input_id": 26, "layer_pos": 1, "y": 130, "x": 3, "brain_side": "right", "id": 94, "func_id": "1"}, {"name": "rh_cuneus", "weight": 0.5, "pos": [9, 105], "ts_group_id": 0, "label": "cuneus", "input_id": 21, "layer_pos": 3, "y": 105, "x": 9, "brain_side": "right", "id": 225, "func_id": "1"}, {"name": "rh_pericalcarine", "weight": 0.7, "pos": [9, 110], "ts_group_id": 0, "label": "pericalcarine", "input_id": 22, "layer_pos": 3, "y": 110, "x": 9, "brain_side": "right", "id": 226, "func_id": "1"}, {"name": "rh_lateraloccipital", "weight": 0.25, "pos": [9, 115], "ts_group_id": 0, "label": "lateraloccipital", "input_id": 23, "layer_pos": 3, "y": 115, "x": 9, "brain_side": "right", "id": 227, "func_id": "1"}, {"name": "rh_lingual", "weight": 0.65, "pos": [9, 120], "ts_group_id": 0, "label": "lingual", "input_id": 24, "layer_pos": 3, "y": 120, "x": 9, "brain_side": "right", "id": 228, "func_id": "1"}, {"name": "rh_precuneus", "weight": 0.09090909090909091, "pos": [15, 100], "ts_group_id": 0, "label": "precuneus", "input_id": 20, "layer_pos": 5, "y": 100, "x": 15, "brain_side": "right", "id": 360, "func_id": "7"}, {"name": "rh_cuneus", "weight": 0.09090909090909091, "pos": [15, 105], "ts_group_id": 0, "label": "cuneus", "input_id": 21, "layer_pos": 5, "y": 105, "x": 15, "brain_side": "right", "id": 361, "func_id": "1"}, {"name": "rh_lateraloccipital", "weight": 0.09090909090909091, "pos": [15, 115], "ts_group_id": 0, "label": "lateraloccipital", "input_id": 23, "layer_pos": 5, "y": 115, "x": 15, "brain_side": "right", "id": 363, "func_id": "1"}, {"name": "rh_lingual", "weight": 0.09090909090909091, "pos": [15, 120], "ts_group_id": 0, "label": "lingual", "input_id": 24, "layer_pos": 5, "y": 120, "x": 15, "brain_side": "right", "id": 364, "func_id": "1"}, {"name": "rh_fusiform", "weight": 0.09090909090909091, "pos": [15, 125], "ts_group_id": 0, "label": "fusiform", "input_id": 25, "layer_pos": 5, "y": 125, "x": 15, "brain_side": "right", "id": 365, "func_id": "1"}, {"name": "lh_superiorparietal", "weight": 0.48, "pos": [3, 260], "ts_group_id": 0, "label": "superiorparietal", "input_id": 52, "layer_pos": 1, "y": 260, "x": 3, "brain_side": "left", "id": 120, "func_id": "3"}, {"name": "lh_cuneus", "weight": 1.04, "pos": [3, 275], "ts_group_id": 0, "label": "cuneus", "input_id": 55, "layer_pos": 1, "y": 275, "x": 3, "brain_side": "left", "id": 123, "func_id": "1"}, {"name": "lh_pericalcarine", "weight": 1.36, "pos": [3, 280], "ts_group_id": 0, "label": "pericalcarine", "input_id": 56, "layer_pos": 1, "y": 280, "x": 3, "brain_side": "left", "id": 124, "func_id": "1"}, {"name": "lh_lateraloccipital", "weight": 0.48, "pos": [3, 285], "ts_group_id": 0, "label": "lateraloccipital", "input_id": 57, "layer_pos": 1, "y": 285, "x": 3, "brain_side": "left", "id": 125, "func_id": "1"}, {"name": "lh_lingual", "weight": 1.16, "pos": [3, 290], "ts_group_id": 0, "label": "lingual", "input_id": 58, "layer_pos": 1, "y": 290, "x": 3, "brain_side": "left", "id": 126, "func_id": "1"}, {"name": "lh_fusiform", "weight": 0.2, "pos": [3, 295], "ts_group_id": 0, "label": "fusiform", "input_id": 59, "layer_pos": 1, "y": 295, "x": 3, "brain_side": "left", "id": 127, "func_id": "1"}], "links": [{"source": 0, "target": 22}, {"source": 0, "target": 39}, {"source": 0, "target": 41}, {"source": 0, "target": 42}, {"source": 0, "target": 43}, {"source": 0, "target": 25}, {"source": 0, "target": 26}, {"source": 0, "target": 40}, {"source": 0, "target": 27}, {"source": 0, "target": 36}, {"source": 0, "target": 47}, {"source": 0, "target": 44}, {"source": 0, "target": 48}, {"source": 0, "target": 45}, {"source": 0, "target": 37}, {"source": 0, "target": 17}, {"source": 0, "target": 38}, {"source": 0, "target": 18}, {"source": 0, "target": 19}, {"source": 0, "target": 20}, {"source": 0, "target": 21}, {"source": 1, "target": 22}, {"source": 1, "target": 39}, {"source": 1, "target": 41}, {"source": 1, "target": 43}, {"source": 1, "target": 25}, {"source": 1, "target": 26}, {"source": 1, "target": 40}, {"source": 1, "target": 27}, {"source": 1, "target": 36}, {"source": 1, "target": 47}, {"source": 1, "target": 44}, {"source": 1, "target": 45}, {"source": 1, "target": 37}, {"source": 1, "target": 17}, {"source": 1, "target": 38}, {"source": 1, "target": 18}, {"source": 1, "target": 19}, {"source": 1, "target": 20}, {"source": 1, "target": 21}, {"source": 2, "target": 22}, {"source": 2, "target": 39}, {"source": 2, "target": 41}, {"source": 2, "target": 42}, {"source": 2, "target": 43}, {"source": 2, "target": 25}, {"source": 2, "target": 26}, {"source": 2, "target": 40}, {"source": 2, "target": 27}, {"source": 2, "target": 36}, {"source": 2, "target": 47}, {"source": 2, "target": 44}, {"source": 2, "target": 48}, {"source": 2, "target": 45}, {"source": 2, "target": 37}, {"source": 2, "target": 17}, {"source": 2, "target": 38}, {"source": 2, "target": 18}, {"source": 2, "target": 19}, {"source": 2, "target": 20}, {"source": 2, "target": 21}, {"source": 3, "target": 22}, {"source": 3, "target": 39}, {"source": 3, "target": 41}, {"source": 3, "target": 42}, {"source": 3, "target": 43}, {"source": 3, "target": 26}, {"source": 3, "target": 40}, {"source": 3, "target": 27}, {"source": 3, "target": 18}, {"source": 3, "target": 47}, {"source": 3, "target": 44}, {"source": 3, "target": 45}, {"source": 3, "target": 20}, {"source": 3, "target": 48}, {"source": 3, "target": 36}, {"source": 3, "target": 37}, {"source": 3, "target": 38}, {"source": 4, "target": 39}, {"source": 4, "target": 40}, {"source": 4, "target": 41}, {"source": 4, "target": 42}, {"source": 4, "target": 43}, {"source": 4, "target": 45}, {"source": 4, "target": 47}, {"source": 4, "target": 48}, {"source": 4, "target": 36}, {"source": 5, "target": 43}, {"source": 5, "target": 25}, {"source": 5, "target": 26}, {"source": 5, "target": 44}, {"source": 5, "target": 45}, {"source": 5, "target": 47}, {"source": 5, "target": 28}, {"source": 5, "target": 49}, {"source": 5, "target": 50}, {"source": 6, "target": 43}, {"source": 6, "target": 25}, {"source": 6, "target": 26}, {"source": 6, "target": 44}, {"source": 6, "target": 27}, {"source": 6, "target": 47}, {"source": 6, "target": 28}, {"source": 6, "target": 49}, {"source": 6, "target": 50}, {"source": 6, "target": 45}, {"source": 7, "target": 43}, {"source": 7, "target": 25}, {"source": 7, "target": 26}, {"source": 7, "target": 44}, {"source": 7, "target": 27}, {"source": 7, "target": 47}, {"source": 7, "target": 48}, {"source": 7, "target": 28}, {"source": 7, "target": 49}, {"source": 7, "target": 50}, {"source": 7, "target": 45}, {"source": 7, "target": 51}, {"source": 8, "target": 43}, {"source": 8, "target": 26}, {"source": 8, "target": 44}, {"source": 8, "target": 27}, {"source": 8, "target": 47}, {"source": 8, "target": 48}, {"source": 8, "target": 49}, {"source": 8, "target": 50}, {"source": 8, "target": 45}, {"source": 8, "target": 51}, {"source": 9, "target": 43}, {"source": 9, "target": 45}, {"source": 9, "target": 47}, {"source": 9, "target": 48}, {"source": 9, "target": 50}, {"source": 9, "target": 51}, {"source": 10, "target": 70}, {"source": 10, "target": 71}, {"source": 10, "target": 72}, {"source": 10, "target": 69}, {"source": 10, "target": 52}, {"source": 10, "target": 53}, {"source": 10, "target": 54}, {"source": 10, "target": 55}, {"source": 10, "target": 56}, {"source": 10, "target": 57}, {"source": 10, "target": 58}, {"source": 11, "target": 50}, {"source": 11, "target": 28}, {"source": 11, "target": 49}, {"source": 12, "target": 70}, {"source": 12, "target": 71}, {"source": 12, "target": 69}, {"source": 12, "target": 52}, {"source": 12, "target": 53}, {"source": 12, "target": 54}, {"source": 12, "target": 55}, {"source": 12, "target": 56}, {"source": 12, "target": 57}, {"source": 12, "target": 72}, {"source": 13, "target": 70}, {"source": 13, "target": 71}, {"source": 13, "target": 72}, {"source": 13, "target": 69}, {"source": 13, "target": 52}, {"source": 13, "target": 53}, {"source": 13, "target": 54}, {"source": 13, "target": 55}, {"source": 13, "target": 56}, {"source": 13, "target": 57}, {"source": 13, "target": 58}, {"source": 13, "target": 73}, {"source": 14, "target": 70}, {"source": 14, "target": 71}, {"source": 14, "target": 72}, {"source": 14, "target": 52}, {"source": 14, "target": 69}, {"source": 14, "target": 54}, {"source": 14, "target": 55}, {"source": 14, "target": 56}, {"source": 14, "target": 57}, {"source": 14, "target": 58}, {"source": 15, "target": 70}, {"source": 15, "target": 71}, {"source": 15, "target": 69}, {"source": 15, "target": 73}, {"source": 15, "target": 52}, {"source": 15, "target": 53}, {"source": 15, "target": 54}, {"source": 15, "target": 55}, {"source": 15, "target": 56}, {"source": 15, "target": 57}, {"source": 15, "target": 58}, {"source": 15, "target": 59}, {"source": 16, "target": 52}, {"source": 16, "target": 55}, {"source": 16, "target": 56}, {"source": 16, "target": 57}, {"source": 16, "target": 58}, {"source": 16, "target": 59}, {"source": 17, "target": 60}, {"source": 17, "target": 61}, {"source": 17, "target": 70}, {"source": 17, "target": 63}, {"source": 17, "target": 71}, {"source": 17, "target": 72}, {"source": 17, "target": 69}, {"source": 17, "target": 62}, {"source": 17, "target": 52}, {"source": 17, "target": 53}, {"source": 17, "target": 54}, {"source": 17, "target": 55}, {"source": 17, "target": 56}, {"source": 17, "target": 57}, {"source": 17, "target": 58}, {"source": 17, "target": 30}, {"source": 18, "target": 60}, {"source": 18, "target": 61}, {"source": 18, "target": 63}, {"source": 18, "target": 71}, {"source": 18, "target": 30}, {"source": 18, "target": 69}, {"source": 18, "target": 73}, {"source": 18, "target": 52}, {"source": 18, "target": 53}, {"source": 18, "target": 54}, {"source": 18, "target": 55}, {"source": 18, "target": 70}, {"source": 18, "target": 57}, {"source": 18, "target": 72}, {"source": 18, "target": 59}, {"source": 19, "target": 60}, {"source": 19, "target": 61}, {"source": 19, "target": 70}, {"source": 19, "target": 63}, {"source": 19, "target": 71}, {"source": 19, "target": 69}, {"source": 19, "target": 62}, {"source": 19, "target": 52}, {"source": 19, "target": 53}, {"source": 19, "target": 54}, {"source": 19, "target": 55}, {"source": 19, "target": 56}, {"source": 19, "target": 57}, {"source": 19, "target": 72}, {"source": 19, "target": 30}, {"source": 20, "target": 60}, {"source": 20, "target": 61}, {"source": 20, "target": 70}, {"source": 20, "target": 63}, {"source": 20, "target": 71}, {"source": 20, "target": 72}, {"source": 20, "target": 69}, {"source": 20, "target": 62}, {"source": 20, "target": 30}, {"source": 20, "target": 52}, {"source": 20, "target": 53}, {"source": 20, "target": 54}, {"source": 20, "target": 55}, {"source": 20, "target": 56}, {"source": 20, "target": 57}, {"source": 20, "target": 58}, {"source": 20, "target": 73}, {"source": 21, "target": 60}, {"source": 21, "target": 61}, {"source": 21, "target": 70}, {"source": 21, "target": 63}, {"source": 21, "target": 71}, {"source": 21, "target": 72}, {"source": 21, "target": 62}, {"source": 21, "target": 52}, {"source": 21, "target": 69}, {"source": 21, "target": 54}, {"source": 21, "target": 55}, {"source": 21, "target": 56}, {"source": 21, "target": 57}, {"source": 21, "target": 58}, {"source": 21, "target": 30}, {"source": 22, "target": 60}, {"source": 22, "target": 61}, {"source": 22, "target": 70}, {"source": 22, "target": 63}, {"source": 22, "target": 71}, {"source": 22, "target": 30}, {"source": 22, "target": 69}, {"source": 22, "target": 62}, {"source": 22, "target": 73}, {"source": 22, "target": 52}, {"source": 22, "target": 53}, {"source": 22, "target": 54}, {"source": 22, "target": 55}, {"source": 22, "target": 56}, {"source": 22, "target": 57}, {"source": 22, "target": 58}, {"source": 22, "target": 59}, {"source": 23, "target": 61}, {"source": 23, "target": 62}, {"source": 23, "target": 63}, {"source": 23, "target": 30}, {"source": 23, "target": 52}, {"source": 23, "target": 55}, {"source": 23, "target": 56}, {"source": 23, "target": 57}, {"source": 23, "target": 58}, {"source": 23, "target": 59}, {"source": 24, "target": 53}, {"source": 24, "target": 63}, {"source": 24, "target": 57}, {"source": 24, "target": 58}, {"source": 24, "target": 59}, {"source": 25, "target": 60}, {"source": 25, "target": 61}, {"source": 25, "target": 62}, {"source": 25, "target": 63}, {"source": 25, "target": 64}, {"source": 25, "target": 65}, {"source": 25, "target": 66}, {"source": 25, "target": 67}, {"source": 25, "target": 30}, {"source": 26, "target": 60}, {"source": 26, "target": 61}, {"source": 26, "target": 62}, {"source": 26, "target": 63}, {"source": 26, "target": 64}, {"source": 26, "target": 65}, {"source": 26, "target": 66}, {"source": 26, "target": 67}, {"source": 26, "target": 68}, {"source": 26, "target": 30}, {"source": 27, "target": 60}, {"source": 27, "target": 61}, {"source": 27, "target": 62}, {"source": 27, "target": 63}, {"source": 27, "target": 64}, {"source": 27, "target": 65}, {"source": 27, "target": 66}, {"source": 27, "target": 67}, {"source": 27, "target": 68}, {"source": 27, "target": 30}, {"source": 28, "target": 64}, {"source": 28, "target": 65}, {"source": 28, "target": 66}, {"source": 28, "target": 67}, {"source": 29, "target": 70}, {"source": 29, "target": 71}, {"source": 29, "target": 69}, {"source": 29, "target": 52}, {"source": 29, "target": 53}, {"source": 29, "target": 54}, {"source": 29, "target": 55}, {"source": 29, "target": 56}, {"source": 29, "target": 57}, {"source": 29, "target": 72}, {"source": 29, "target": 73}, {"source": 29, "target": 74}, {"source": 30, "target": 43}, {"source": 30, "target": 40}, {"source": 30, "target": 36}, {"source": 30, "target": 44}, {"source": 30, "target": 39}, {"source": 30, "target": 45}, {"source": 30, "target": 37}, {"source": 30, "target": 38}, {"source": 31, "target": 70}, {"source": 31, "target": 71}, {"source": 31, "target": 69}, {"source": 31, "target": 52}, {"source": 31, "target": 53}, {"source": 31, "target": 54}, {"source": 31, "target": 55}, {"source": 31, "target": 56}, {"source": 31, "target": 57}, {"source": 31, "target": 72}, {"source": 31, "target": 73}, {"source": 32, "target": 70}, {"source": 32, "target": 71}, {"source": 32, "target": 69}, {"source": 32, "target": 52}, {"source": 32, "target": 53}, {"source": 32, "target": 54}, {"source": 32, "target": 55}, {"source": 32, "target": 56}, {"source": 32, "target": 57}, {"source": 32, "target": 72}, {"source": 32, "target": 73}, {"source": 32, "target": 74}, {"source": 33, "target": 70}, {"source": 33, "target": 69}, {"source": 33, "target": 52}, {"source": 33, "target": 53}, {"source": 33, "target": 54}, {"source": 33, "target": 55}, {"source": 33, "target": 56}, {"source": 33, "target": 71}, {"source": 33, "target": 72}, {"source": 33, "target": 73}, {"source": 33, "target": 74}, {"source": 34, "target": 71}, {"source": 34, "target": 69}, {"source": 34, "target": 53}, {"source": 34, "target": 55}, {"source": 34, "target": 70}, {"source": 34, "target": 57}, {"source": 34, "target": 72}, {"source": 34, "target": 73}, {"source": 34, "target": 74}, {"source": 35, "target": 69}, {"source": 35, "target": 71}, {"source": 35, "target": 72}, {"source": 35, "target": 73}, {"source": 35, "target": 74}, {"source": 36, "target": 52}, {"source": 36, "target": 53}, {"source": 36, "target": 54}, {"source": 36, "target": 55}, {"source": 36, "target": 56}, {"source": 36, "target": 57}, {"source": 36, "target": 60}, {"source": 36, "target": 61}, {"source": 36, "target": 62}, {"source": 36, "target": 63}, {"source": 36, "target": 69}, {"source": 36, "target": 70}, {"source": 36, "target": 71}, {"source": 36, "target": 72}, {"source": 36, "target": 73}, {"source": 36, "target": 74}, {"source": 37, "target": 60}, {"source": 37, "target": 61}, {"source": 37, "target": 70}, {"source": 37, "target": 69}, {"source": 37, "target": 62}, {"source": 37, "target": 52}, {"source": 37, "target": 53}, {"source": 37, "target": 54}, {"source": 37, "target": 55}, {"source": 37, "target": 56}, {"source": 37, "target": 71}, {"source": 37, "target": 73}, {"source": 38, "target": 60}, {"source": 38, "target": 61}, {"source": 38, "target": 70}, {"source": 38, "target": 63}, {"source": 38, "target": 71}, {"source": 38, "target": 69}, {"source": 38, "target": 62}, {"source": 38, "target": 52}, {"source": 38, "target": 53}, {"source": 38, "target": 54}, {"source": 38, "target": 55}, {"source": 38, "target": 56}, {"source": 38, "target": 57}, {"source": 38, "target": 72}, {"source": 38, "target": 73}, {"source": 39, "target": 52}, {"source": 39, "target": 53}, {"source": 39, "target": 54}, {"source": 39, "target": 55}, {"source": 39, "target": 56}, {"source": 39, "target": 57}, {"source": 39, "target": 60}, {"source": 39, "target": 61}, {"source": 39, "target": 62}, {"source": 39, "target": 63}, {"source": 39, "target": 69}, {"source": 39, "target": 70}, {"source": 39, "target": 71}, {"source": 39, "target": 72}, {"source": 39, "target": 73}, {"source": 39, "target": 74}, {"source": 40, "target": 60}, {"source": 40, "target": 61}, {"source": 40, "target": 70}, {"source": 40, "target": 69}, {"source": 40, "target": 62}, {"source": 40, "target": 52}, {"source": 40, "target": 53}, {"source": 40, "target": 54}, {"source": 40, "target": 55}, {"source": 40, "target": 56}, {"source": 40, "target": 71}, {"source": 40, "target": 72}, {"source": 40, "target": 73}, {"source": 40, "target": 74}, {"source": 41, "target": 61}, {"source": 41, "target": 63}, {"source": 41, "target": 71}, {"source": 41, "target": 69}, {"source": 41, "target": 53}, {"source": 41, "target": 55}, {"source": 41, "target": 70}, {"source": 41, "target": 57}, {"source": 41, "target": 72}, {"source": 41, "target": 73}, {"source": 41, "target": 74}, {"source": 42, "target": 69}, {"source": 42, "target": 71}, {"source": 42, "target": 72}, {"source": 42, "target": 73}, {"source": 42, "target": 74}, {"source": 43, "target": 60}, {"source": 43, "target": 61}, {"source": 43, "target": 62}, {"source": 43, "target": 63}, {"source": 43, "target": 64}, {"source": 43, "target": 46}, {"source": 43, "target": 66}, {"source": 43, "target": 67}, {"source": 43, "target": 65}, {"source": 44, "target": 60}, {"source": 44, "target": 61}, {"source": 44, "target": 62}, {"source": 44, "target": 63}, {"source": 44, "target": 64}, {"source": 44, "target": 65}, {"source": 44, "target": 66}, {"source": 44, "target": 67}, {"source": 45, "target": 60}, {"source": 45, "target": 61}, {"source": 45, "target": 62}, {"source": 45, "target": 63}, {"source": 45, "target": 64}, {"source": 45, "target": 65}, {"source": 45, "target": 66}, {"source": 45, "target": 67}, {"source": 47, "target": 61}, {"source": 47, "target": 64}, {"source": 47, "target": 67}, {"source": 47, "target": 63}, {"source": 49, "target": 64}, {"source": 49, "target": 65}, {"source": 49, "target": 66}, {"source": 49, "target": 67}, {"source": 50, "target": 64}, {"source": 50, "target": 65}, {"source": 50, "target": 66}, {"source": 50, "target": 67}], "multigraph": false}