{"directed": false, "graph": [], "nodes": [{"name": "lh_precuneus", "weight": 0.21428571428571427, "pos": [9, 270], "ts_group_id": 0, "label": "precuneus", "input_id": 54, "layer_pos": 3, "y": 270, "x": 9, "brain_side": "left", "id": 258, "func_id": "7"}, {"name": "lh_precuneus", "weight": 0.5, "pos": [15, 270], "ts_group_id": 0, "label": "precuneus", "input_id": 54, "layer_pos": 5, "y": 270, "x": 15, "brain_side": "left", "id": 394, "func_id": "7"}, {"name": "rh_paracentral", "weight": 0.09090909090909091, "pos": [0, 55], "ts_group_id": 0, "label": "paracentral", "input_id": 11, "layer_pos": 0, "y": 55, "x": 0, "brain_side": "right", "id": 11, "func_id": "2"}, {"name": "lh_rostralanteriorcingulate", "weight": 0.25, "pos": [15, 230], "ts_group_id": 0, "label": "rostralanteriorcingulate", "input_id": 46, "layer_pos": 5, "y": 230, "x": 15, "brain_side": "left", "id": 386, "func_id": "7"}, {"name": "rh_isthmuscingulate", "weight": 0.5454545454545454, "pos": [0, 75], "ts_group_id": 0, "label": "isthmuscingulate", "input_id": 15, "layer_pos": 0, "y": 75, "x": 0, "brain_side": "right", "id": 15, "func_id": "7"}, {"name": "rh_superiorfrontal", "weight": 0.11538461538461539, "pos": [6, 40], "ts_group_id": 0, "label": "superiorfrontal", "input_id": 8, "layer_pos": 2, "y": 40, "x": 6, "brain_side": "right", "id": 144, "func_id": "7"}, {"name": "rh_superiorparietal", "weight": 0.13636363636363635, "pos": [0, 90], "ts_group_id": 0, "label": "superiorparietal", "input_id": 18, "layer_pos": 0, "y": 90, "x": 0, "brain_side": "right", "id": 18, "func_id": "3"}, {"name": "rh_precuneus", "weight": 1.1363636363636365, "pos": [0, 100], "ts_group_id": 0, "label": "precuneus", "input_id": 20, "layer_pos": 0, "y": 100, "x": 0, "brain_side": "right", "id": 20, "func_id": "7"}, {"name": "rh_cuneus", "weight": 0.22727272727272727, "pos": [0, 105], "ts_group_id": 0, "label": "cuneus", "input_id": 21, "layer_pos": 0, "y": 105, "x": 0, "brain_side": "right", "id": 21, "func_id": "1"}, {"name": "rh_isthmuscingulate", "weight": 0.5769230769230769, "pos": [6, 75], "ts_group_id": 0, "label": "isthmuscingulate", "input_id": 15, "layer_pos": 2, "y": 75, "x": 6, "brain_side": "right", "id": 151, "func_id": "7"}, {"name": "rh_parahippocampal", "weight": 0.09090909090909091, "pos": [0, 130], "ts_group_id": 0, "label": "parahippocampal", "input_id": 26, "layer_pos": 0, "y": 130, "x": 0, "brain_side": "right", "id": 26, "func_id": "1"}, {"name": "rh_paracentral", "weight": 0.14285714285714285, "pos": [12, 55], "ts_group_id": 0, "label": "paracentral", "input_id": 11, "layer_pos": 4, "y": 55, "x": 12, "brain_side": "right", "id": 283, "func_id": "2"}, {"name": "rh_precuneus", "weight": 0.5769230769230769, "pos": [6, 100], "ts_group_id": 0, "label": "precuneus", "input_id": 20, "layer_pos": 2, "y": 100, "x": 6, "brain_side": "right", "id": 156, "func_id": "7"}, {"name": "rh_isthmuscingulate", "weight": 0.2857142857142857, "pos": [12, 75], "ts_group_id": 0, "label": "isthmuscingulate", "input_id": 15, "layer_pos": 4, "y": 75, "x": 12, "brain_side": "right", "id": 287, "func_id": "7"}, {"name": "lh_rostralanteriorcingulate", "weight": 0.14285714285714285, "pos": [12, 230], "ts_group_id": 0, "label": "rostralanteriorcingulate", "input_id": 46, "layer_pos": 4, "y": 230, "x": 12, "brain_side": "left", "id": 318, "func_id": "7"}, {"name": "rh_precuneus", "weight": 0.2857142857142857, "pos": [12, 100], "ts_group_id": 0, "label": "precuneus", "input_id": 20, "layer_pos": 4, "y": 100, "x": 12, "brain_side": "right", "id": 292, "func_id": "7"}, {"name": "rh_rostralanteriorcingulate", "weight": 0.14285714285714285, "pos": [12, 60], "ts_group_id": 0, "label": "rostralanteriorcingulate", "input_id": 12, "layer_pos": 4, "y": 60, "x": 12, "brain_side": "right", "id": 284, "func_id": "7"}, {"name": "rh_parahippocampal", "weight": 0.14285714285714285, "pos": [12, 130], "ts_group_id": 0, "label": "parahippocampal", "input_id": 26, "layer_pos": 4, "y": 130, "x": 12, "brain_side": "right", "id": 298, "func_id": "1"}, {"name": "rh_precuneus", "weight": 0.3333333333333333, "pos": [18, 100], "ts_group_id": 0, "label": "precuneus", "input_id": 20, "layer_pos": 6, "y": 100, "x": 18, "brain_side": "right", "id": 428, "func_id": "7"}, {"name": "lh_isthmuscingulate", "weight": 0.5454545454545454, "pos": [0, 245], "ts_group_id": 0, "label": "isthmuscingulate", "input_id": 49, "layer_pos": 0, "y": 245, "x": 0, "brain_side": "left", "id": 49, "func_id": "7"}, {"name": "lh_postcentral", "weight": 0.09090909090909091, "pos": [0, 250], "ts_group_id": 0, "label": "postcentral", "input_id": 50, "layer_pos": 0, "y": 250, "x": 0, "brain_side": "left", "id": 50, "func_id": "2"}, {"name": "lh_precuneus", "weight": 1.0454545454545454, "pos": [0, 270], "ts_group_id": 0, "label": "precuneus", "input_id": 54, "layer_pos": 0, "y": 270, "x": 0, "brain_side": "left", "id": 54, "func_id": "7"}, {"name": "lh_cuneus", "weight": 0.18181818181818182, "pos": [0, 275], "ts_group_id": 0, "label": "cuneus", "input_id": 55, "layer_pos": 0, "y": 275, "x": 0, "brain_side": "left", "id": 55, "func_id": "1"}, {"name": "lh_isthmuscingulate", "weight": 0.5384615384615384, "pos": [6, 245], "ts_group_id": 0, "label": "isthmuscingulate", "input_id": 49, "layer_pos": 2, "y": 245, "x": 6, "brain_side": "left", "id": 185, "func_id": "7"}, {"name": "lh_precuneus", "weight": 0.5, "pos": [6, 270], "ts_group_id": 0, "label": "precuneus", "input_id": 54, "layer_pos": 2, "y": 270, "x": 6, "brain_side": "left", "id": 190, "func_id": "7"}, {"name": "lh_precuneus", "weight": 0.42857142857142855, "pos": [12, 270], "ts_group_id": 0, "label": "precuneus", "input_id": 54, "layer_pos": 4, "y": 270, "x": 12, "brain_side": "left", "id": 326, "func_id": "7"}, {"name": "lh_isthmuscingulate", "weight": 0.3333333333333333, "pos": [18, 245], "ts_group_id": 0, "label": "isthmuscingulate", "input_id": 49, "layer_pos": 6, "y": 245, "x": 18, "brain_side": "left", "id": 457, "func_id": "7"}, {"name": "lh_precuneus", "weight": 0.3333333333333333, "pos": [18, 270], "ts_group_id": 0, "label": "precuneus", "input_id": 54, "layer_pos": 6, "y": 270, "x": 18, "brain_side": "left", "id": 462, "func_id": "7"}, {"name": "rh_isthmuscingulate", "weight": 0.8076923076923077, "pos": [3, 75], "ts_group_id": 0, "label": "isthmuscingulate", "input_id": 15, "layer_pos": 1, "y": 75, "x": 3, "brain_side": "right", "id": 83, "func_id": "7"}, {"name": "rh_paracentral", "weight": 0.14285714285714285, "pos": [9, 55], "ts_group_id": 0, "label": "paracentral", "input_id": 11, "layer_pos": 3, "y": 55, "x": 9, "brain_side": "right", "id": 215, "func_id": "2"}, {"name": "rh_precuneus", "weight": 0.9615384615384616, "pos": [3, 100], "ts_group_id": 0, "label": "precuneus", "input_id": 20, "layer_pos": 1, "y": 100, "x": 3, "brain_side": "right", "id": 88, "func_id": "7"}, {"name": "rh_cuneus", "weight": 0.2692307692307692, "pos": [3, 105], "ts_group_id": 0, "label": "cuneus", "input_id": 21, "layer_pos": 1, "y": 105, "x": 3, "brain_side": "right", "id": 89, "func_id": "1"}, {"name": "rh_isthmuscingulate", "weight": 0.2857142857142857, "pos": [9, 75], "ts_group_id": 0, "label": "isthmuscingulate", "input_id": 15, "layer_pos": 3, "y": 75, "x": 9, "brain_side": "right", "id": 219, "func_id": "7"}, {"name": "rh_paracentral", "weight": 0.25, "pos": [15, 55], "ts_group_id": 0, "label": "paracentral", "input_id": 11, "layer_pos": 5, "y": 55, "x": 15, "brain_side": "right", "id": 351, "func_id": "2"}, {"name": "rh_precuneus", "weight": 0.35714285714285715, "pos": [9, 100], "ts_group_id": 0, "label": "precuneus", "input_id": 20, "layer_pos": 3, "y": 100, "x": 9, "brain_side": "right", "id": 224, "func_id": "7"}, {"name": "rh_precuneus", "weight": 0.5, "pos": [15, 100], "ts_group_id": 0, "label": "precuneus", "input_id": 20, "layer_pos": 5, "y": 100, "x": 15, "brain_side": "right", "id": 360, "func_id": "7"}, {"name": "lh_isthmuscingulate", "weight": 0.46153846153846156, "pos": [3, 245], "ts_group_id": 0, "label": "isthmuscingulate", "input_id": 49, "layer_pos": 1, "y": 245, "x": 3, "brain_side": "left", "id": 117, "func_id": "7"}, {"name": "lh_precuneus", "weight": 0.9230769230769231, "pos": [3, 270], "ts_group_id": 0, "label": "precuneus", "input_id": 54, "layer_pos": 1, "y": 270, "x": 3, "brain_side": "left", "id": 122, "func_id": "7"}, {"name": "lh_cuneus", "weight": 0.23076923076923078, "pos": [3, 275], "ts_group_id": 0, "label": "cuneus", "input_id": 55, "layer_pos": 1, "y": 275, "x": 3, "brain_side": "left", "id": 123, "func_id": "1"}, {"name": "lh_isthmuscingulate", "weight": 0.14285714285714285, "pos": [9, 245], "ts_group_id": 0, "label": "isthmuscingulate", "input_id": 49, "layer_pos": 3, "y": 245, "x": 9, "brain_side": "left", "id": 253, "func_id": "7"}], "links": [{"source": 0, "target": 15}, {"source": 0, "target": 25}, {"source": 0, "target": 14}, {"source": 0, "target": 9}, {"source": 0, "target": 23}, {"source": 0, "target": 11}, {"source": 0, "target": 12}, {"source": 0, "target": 24}, {"source": 0, "target": 13}, {"source": 1, "target": 15}, {"source": 1, "target": 25}, {"source": 1, "target": 26}, {"source": 1, "target": 18}, {"source": 1, "target": 27}, {"source": 1, "target": 11}, {"source": 1, "target": 14}, {"source": 1, "target": 13}, {"source": 2, "target": 30}, {"source": 2, "target": 37}, {"source": 3, "target": 27}, {"source": 3, "target": 26}, {"source": 3, "target": 16}, {"source": 3, "target": 25}, {"source": 3, "target": 14}, {"source": 4, "target": 30}, {"source": 4, "target": 37}, {"source": 4, "target": 28}, {"source": 4, "target": 36}, {"source": 5, "target": 30}, {"source": 5, "target": 34}, {"source": 5, "target": 28}, {"source": 5, "target": 32}, {"source": 5, "target": 29}, {"source": 6, "target": 28}, {"source": 6, "target": 36}, {"source": 6, "target": 30}, {"source": 6, "target": 31}, {"source": 6, "target": 37}, {"source": 6, "target": 38}, {"source": 7, "target": 28}, {"source": 7, "target": 36}, {"source": 7, "target": 30}, {"source": 7, "target": 31}, {"source": 7, "target": 37}, {"source": 7, "target": 38}, {"source": 8, "target": 30}, {"source": 8, "target": 31}, {"source": 8, "target": 37}, {"source": 8, "target": 38}, {"source": 9, "target": 34}, {"source": 9, "target": 28}, {"source": 9, "target": 36}, {"source": 9, "target": 30}, {"source": 9, "target": 37}, {"source": 9, "target": 32}, {"source": 9, "target": 39}, {"source": 10, "target": 30}, {"source": 10, "target": 28}, {"source": 11, "target": 34}, {"source": 11, "target": 35}, {"source": 11, "target": 29}, {"source": 11, "target": 33}, {"source": 12, "target": 34}, {"source": 12, "target": 32}, {"source": 12, "target": 28}, {"source": 12, "target": 36}, {"source": 12, "target": 29}, {"source": 12, "target": 30}, {"source": 12, "target": 31}, {"source": 12, "target": 37}, {"source": 12, "target": 38}, {"source": 12, "target": 39}, {"source": 13, "target": 34}, {"source": 13, "target": 35}, {"source": 13, "target": 32}, {"source": 13, "target": 39}, {"source": 14, "target": 39}, {"source": 15, "target": 34}, {"source": 15, "target": 35}, {"source": 15, "target": 29}, {"source": 15, "target": 32}, {"source": 15, "target": 39}, {"source": 15, "target": 33}, {"source": 17, "target": 34}, {"source": 17, "target": 35}, {"source": 17, "target": 32}, {"source": 18, "target": 35}, {"source": 18, "target": 33}, {"source": 19, "target": 30}, {"source": 19, "target": 38}, {"source": 19, "target": 37}, {"source": 19, "target": 28}, {"source": 19, "target": 36}, {"source": 20, "target": 30}, {"source": 21, "target": 28}, {"source": 21, "target": 36}, {"source": 21, "target": 30}, {"source": 21, "target": 31}, {"source": 21, "target": 37}, {"source": 21, "target": 38}, {"source": 22, "target": 30}, {"source": 22, "target": 31}, {"source": 22, "target": 37}, {"source": 22, "target": 38}, {"source": 22, "target": 36}, {"source": 23, "target": 34}, {"source": 23, "target": 32}, {"source": 23, "target": 28}, {"source": 23, "target": 36}, {"source": 23, "target": 30}, {"source": 23, "target": 37}, {"source": 23, "target": 38}, {"source": 23, "target": 39}, {"source": 24, "target": 34}, {"source": 24, "target": 32}, {"source": 24, "target": 28}, {"source": 24, "target": 36}, {"source": 24, "target": 29}, {"source": 24, "target": 30}, {"source": 24, "target": 31}, {"source": 24, "target": 37}, {"source": 24, "target": 38}, {"source": 24, "target": 39}, {"source": 25, "target": 34}, {"source": 25, "target": 35}, {"source": 25, "target": 29}, {"source": 25, "target": 32}, {"source": 25, "target": 39}, {"source": 25, "target": 33}, {"source": 26, "target": 35}, {"source": 27, "target": 35}, {"source": 27, "target": 33}], "multigraph": false}