{"directed": false, "graph": [], "nodes": [{"name": "lh_precentral", "weight": 0.125, "pos": [15, 220], "ts_group_id": 0, "label": "precentral", "input_id": 44, "layer_pos": 5, "y": 220, "x": 15, "brain_side": "left", "id": 384, "func_id": "2"}, {"name": "lh_paracentral", "weight": 0.625, "pos": [15, 225], "ts_group_id": 0, "label": "paracentral", "input_id": 45, "layer_pos": 5, "y": 225, "x": 15, "brain_side": "left", "id": 385, "func_id": "2"}, {"name": "lh_posteriorcingulate", "weight": 0.375, "pos": [15, 240], "ts_group_id": 0, "label": "posteriorcingulate", "input_id": 48, "layer_pos": 5, "y": 240, "x": 15, "brain_side": "left", "id": 388, "func_id": "4"}, {"name": "lh_isthmuscingulate", "weight": 0.125, "pos": [15, 245], "ts_group_id": 0, "label": "isthmuscingulate", "input_id": 49, "layer_pos": 5, "y": 245, "x": 15, "brain_side": "left", "id": 389, "func_id": "7"}, {"name": "rh_precentral", "weight": 0.11538461538461539, "pos": [0, 50], "ts_group_id": 0, "label": "precentral", "input_id": 10, "layer_pos": 0, "y": 50, "x": 0, "brain_side": "right", "id": 10, "func_id": "2"}, {"name": "rh_paracentral", "weight": 0.8461538461538461, "pos": [0, 55], "ts_group_id": 0, "label": "paracentral", "input_id": 11, "layer_pos": 0, "y": 55, "x": 0, "brain_side": "right", "id": 11, "func_id": "2"}, {"name": "rh_posteriorcingulate", "weight": 0.15384615384615385, "pos": [0, 70], "ts_group_id": 0, "label": "posteriorcingulate", "input_id": 14, "layer_pos": 0, "y": 70, "x": 0, "brain_side": "right", "id": 14, "func_id": "4"}, {"name": "rh_superiorfrontal", "weight": 0.10526315789473684, "pos": [6, 40], "ts_group_id": 0, "label": "superiorfrontal", "input_id": 8, "layer_pos": 2, "y": 40, "x": 6, "brain_side": "right", "id": 144, "func_id": "7"}, {"name": "rh_precentral", "weight": 0.10526315789473684, "pos": [6, 50], "ts_group_id": 0, "label": "precentral", "input_id": 10, "layer_pos": 2, "y": 50, "x": 6, "brain_side": "right", "id": 146, "func_id": "2"}, {"name": "rh_paracentral", "weight": 1.4736842105263157, "pos": [6, 55], "ts_group_id": 0, "label": "paracentral", "input_id": 11, "layer_pos": 2, "y": 55, "x": 6, "brain_side": "right", "id": 147, "func_id": "2"}, {"name": "rh_precuneus", "weight": 0.11538461538461539, "pos": [0, 100], "ts_group_id": 0, "label": "precuneus", "input_id": 20, "layer_pos": 0, "y": 100, "x": 0, "brain_side": "right", "id": 20, "func_id": "7"}, {"name": "rh_posteriorcingulate", "weight": 0.2631578947368421, "pos": [6, 70], "ts_group_id": 0, "label": "posteriorcingulate", "input_id": 14, "layer_pos": 2, "y": 70, "x": 6, "brain_side": "right", "id": 150, "func_id": "4"}, {"name": "rh_supramarginal", "weight": 0.15789473684210525, "pos": [6, 85], "ts_group_id": 0, "label": "supramarginal", "input_id": 17, "layer_pos": 2, "y": 85, "x": 6, "brain_side": "right", "id": 153, "func_id": "4"}, {"name": "rh_paracentral", "weight": 0.35294117647058826, "pos": [12, 55], "ts_group_id": 0, "label": "paracentral", "input_id": 11, "layer_pos": 4, "y": 55, "x": 12, "brain_side": "right", "id": 283, "func_id": "2"}, {"name": "rh_precuneus", "weight": 0.10526315789473684, "pos": [6, 100], "ts_group_id": 0, "label": "precuneus", "input_id": 20, "layer_pos": 2, "y": 100, "x": 6, "brain_side": "right", "id": 156, "func_id": "7"}, {"name": "rh_posteriorcingulate", "weight": 0.11764705882352941, "pos": [12, 70], "ts_group_id": 0, "label": "posteriorcingulate", "input_id": 14, "layer_pos": 4, "y": 70, "x": 12, "brain_side": "right", "id": 286, "func_id": "4"}, {"name": "rh_paracentral", "weight": 0.2, "pos": [18, 55], "ts_group_id": 0, "label": "paracentral", "input_id": 11, "layer_pos": 6, "y": 55, "x": 18, "brain_side": "right", "id": 419, "func_id": "2"}, {"name": "rh_posteriorcingulate", "weight": 0.2, "pos": [18, 70], "ts_group_id": 0, "label": "posteriorcingulate", "input_id": 14, "layer_pos": 6, "y": 70, "x": 18, "brain_side": "right", "id": 422, "func_id": "4"}, {"name": "rh_superiorfrontal", "weight": 0.125, "pos": [15, 40], "ts_group_id": 0, "label": "superiorfrontal", "input_id": 8, "layer_pos": 5, "y": 40, "x": 15, "brain_side": "right", "id": 348, "func_id": "7"}, {"name": "lh_superiorfrontal", "weight": 0.11538461538461539, "pos": [0, 210], "ts_group_id": 0, "label": "superiorfrontal", "input_id": 42, "layer_pos": 0, "y": 210, "x": 0, "brain_side": "left", "id": 42, "func_id": "7"}, {"name": "lh_precentral", "weight": 0.15384615384615385, "pos": [0, 220], "ts_group_id": 0, "label": "precentral", "input_id": 44, "layer_pos": 0, "y": 220, "x": 0, "brain_side": "left", "id": 44, "func_id": "2"}, {"name": "lh_paracentral", "weight": 0.9615384615384616, "pos": [0, 225], "ts_group_id": 0, "label": "paracentral", "input_id": 45, "layer_pos": 0, "y": 225, "x": 0, "brain_side": "left", "id": 45, "func_id": "2"}, {"name": "lh_postcentral", "weight": 0.11538461538461539, "pos": [0, 250], "ts_group_id": 0, "label": "postcentral", "input_id": 50, "layer_pos": 0, "y": 250, "x": 0, "brain_side": "left", "id": 50, "func_id": "2"}, {"name": "lh_precentral", "weight": 0.10526315789473684, "pos": [6, 220], "ts_group_id": 0, "label": "precentral", "input_id": 44, "layer_pos": 2, "y": 220, "x": 6, "brain_side": "left", "id": 180, "func_id": "2"}, {"name": "lh_paracentral", "weight": 1.631578947368421, "pos": [6, 225], "ts_group_id": 0, "label": "paracentral", "input_id": 45, "layer_pos": 2, "y": 225, "x": 6, "brain_side": "left", "id": 181, "func_id": "2"}, {"name": "lh_posteriorcingulate", "weight": 0.2631578947368421, "pos": [6, 240], "ts_group_id": 0, "label": "posteriorcingulate", "input_id": 48, "layer_pos": 2, "y": 240, "x": 6, "brain_side": "left", "id": 184, "func_id": "4"}, {"name": "lh_precentral", "weight": 0.17647058823529413, "pos": [12, 220], "ts_group_id": 0, "label": "precentral", "input_id": 44, "layer_pos": 4, "y": 220, "x": 12, "brain_side": "left", "id": 316, "func_id": "2"}, {"name": "lh_paracentral", "weight": 0.29411764705882354, "pos": [12, 225], "ts_group_id": 0, "label": "paracentral", "input_id": 45, "layer_pos": 4, "y": 225, "x": 12, "brain_side": "left", "id": 317, "func_id": "2"}, {"name": "lh_precuneus", "weight": 0.125, "pos": [15, 270], "ts_group_id": 0, "label": "precuneus", "input_id": 54, "layer_pos": 5, "y": 270, "x": 15, "brain_side": "left", "id": 394, "func_id": "7"}, {"name": "lh_posteriorcingulate", "weight": 0.11764705882352941, "pos": [12, 240], "ts_group_id": 0, "label": "posteriorcingulate", "input_id": 48, "layer_pos": 4, "y": 240, "x": 12, "brain_side": "left", "id": 320, "func_id": "4"}, {"name": "lh_paracentral", "weight": 0.6, "pos": [18, 225], "ts_group_id": 0, "label": "paracentral", "input_id": 45, "layer_pos": 6, "y": 225, "x": 18, "brain_side": "left", "id": 453, "func_id": "2"}, {"name": "rh_precentral", "weight": 0.16666666666666666, "pos": [3, 50], "ts_group_id": 0, "label": "precentral", "input_id": 10, "layer_pos": 1, "y": 50, "x": 3, "brain_side": "right", "id": 78, "func_id": "2"}, {"name": "rh_paracentral", "weight": 1.3333333333333333, "pos": [3, 55], "ts_group_id": 0, "label": "paracentral", "input_id": 11, "layer_pos": 1, "y": 55, "x": 3, "brain_side": "right", "id": 79, "func_id": "2"}, {"name": "rh_posteriorcingulate", "weight": 0.16666666666666666, "pos": [3, 70], "ts_group_id": 0, "label": "posteriorcingulate", "input_id": 14, "layer_pos": 1, "y": 70, "x": 3, "brain_side": "right", "id": 82, "func_id": "4"}, {"name": "rh_postcentral", "weight": 0.20833333333333334, "pos": [3, 80], "ts_group_id": 0, "label": "postcentral", "input_id": 16, "layer_pos": 1, "y": 80, "x": 3, "brain_side": "right", "id": 84, "func_id": "2"}, {"name": "rh_supramarginal", "weight": 0.125, "pos": [3, 85], "ts_group_id": 0, "label": "supramarginal", "input_id": 17, "layer_pos": 1, "y": 85, "x": 3, "brain_side": "right", "id": 85, "func_id": "4"}, {"name": "rh_paracentral", "weight": 0.6923076923076923, "pos": [9, 55], "ts_group_id": 0, "label": "paracentral", "input_id": 11, "layer_pos": 3, "y": 55, "x": 9, "brain_side": "right", "id": 215, "func_id": "2"}, {"name": "rh_precuneus", "weight": 0.125, "pos": [3, 100], "ts_group_id": 0, "label": "precuneus", "input_id": 20, "layer_pos": 1, "y": 100, "x": 3, "brain_side": "right", "id": 88, "func_id": "7"}, {"name": "rh_posteriorcingulate", "weight": 0.3076923076923077, "pos": [9, 70], "ts_group_id": 0, "label": "posteriorcingulate", "input_id": 14, "layer_pos": 3, "y": 70, "x": 9, "brain_side": "right", "id": 218, "func_id": "4"}, {"name": "rh_postcentral", "weight": 0.15384615384615385, "pos": [9, 80], "ts_group_id": 0, "label": "postcentral", "input_id": 16, "layer_pos": 3, "y": 80, "x": 9, "brain_side": "right", "id": 220, "func_id": "2"}, {"name": "rh_paracentral", "weight": 0.625, "pos": [15, 55], "ts_group_id": 0, "label": "paracentral", "input_id": 11, "layer_pos": 5, "y": 55, "x": 15, "brain_side": "right", "id": 351, "func_id": "2"}, {"name": "rh_postcentral", "weight": 0.19230769230769232, "pos": [0, 80], "ts_group_id": 0, "label": "postcentral", "input_id": 16, "layer_pos": 0, "y": 80, "x": 0, "brain_side": "right", "id": 16, "func_id": "2"}, {"name": "rh_posteriorcingulate", "weight": 0.25, "pos": [15, 70], "ts_group_id": 0, "label": "posteriorcingulate", "input_id": 14, "layer_pos": 5, "y": 70, "x": 15, "brain_side": "right", "id": 354, "func_id": "4"}, {"name": "lh_superiorfrontal", "weight": 0.10526315789473684, "pos": [6, 210], "ts_group_id": 0, "label": "superiorfrontal", "input_id": 42, "layer_pos": 2, "y": 210, "x": 6, "brain_side": "left", "id": 178, "func_id": "7"}, {"name": "lh_precentral", "weight": 0.125, "pos": [3, 220], "ts_group_id": 0, "label": "precentral", "input_id": 44, "layer_pos": 1, "y": 220, "x": 3, "brain_side": "left", "id": 112, "func_id": "2"}, {"name": "lh_paracentral", "weight": 1.5833333333333333, "pos": [3, 225], "ts_group_id": 0, "label": "paracentral", "input_id": 45, "layer_pos": 1, "y": 225, "x": 3, "brain_side": "left", "id": 113, "func_id": "2"}, {"name": "lh_posteriorcingulate", "weight": 0.25, "pos": [3, 240], "ts_group_id": 0, "label": "posteriorcingulate", "input_id": 48, "layer_pos": 1, "y": 240, "x": 3, "brain_side": "left", "id": 116, "func_id": "4"}, {"name": "lh_postcentral", "weight": 0.125, "pos": [3, 250], "ts_group_id": 0, "label": "postcentral", "input_id": 50, "layer_pos": 1, "y": 250, "x": 3, "brain_side": "left", "id": 118, "func_id": "2"}, {"name": "lh_paracentral", "weight": 0.6153846153846154, "pos": [9, 225], "ts_group_id": 0, "label": "paracentral", "input_id": 45, "layer_pos": 3, "y": 225, "x": 9, "brain_side": "left", "id": 249, "func_id": "2"}, {"name": "lh_posteriorcingulate", "weight": 0.23076923076923078, "pos": [9, 240], "ts_group_id": 0, "label": "posteriorcingulate", "input_id": 48, "layer_pos": 3, "y": 240, "x": 9, "brain_side": "left", "id": 252, "func_id": "4"}, {"name": "rh_insula", "weight": 0.10526315789473684, "pos": [6, 170], "ts_group_id": 0, "label": "insula", "input_id": 34, "layer_pos": 2, "y": 170, "x": 6, "brain_side": "right", "id": 170, "func_id": "4"}], "links": [{"source": 0, "target": 29}, {"source": 0, "target": 16}, {"source": 0, "target": 30}, {"source": 0, "target": 17}, {"source": 0, "target": 13}, {"source": 0, "target": 26}, {"source": 0, "target": 27}, {"source": 0, "target": 15}, {"source": 1, "target": 29}, {"source": 1, "target": 16}, {"source": 1, "target": 30}, {"source": 1, "target": 17}, {"source": 1, "target": 13}, {"source": 1, "target": 26}, {"source": 1, "target": 27}, {"source": 1, "target": 15}, {"source": 2, "target": 29}, {"source": 2, "target": 16}, {"source": 2, "target": 30}, {"source": 2, "target": 17}, {"source": 2, "target": 13}, {"source": 2, "target": 26}, {"source": 2, "target": 27}, {"source": 2, "target": 15}, {"source": 3, "target": 29}, {"source": 4, "target": 31}, {"source": 4, "target": 32}, {"source": 4, "target": 44}, {"source": 4, "target": 45}, {"source": 4, "target": 33}, {"source": 4, "target": 34}, {"source": 4, "target": 35}, {"source": 5, "target": 31}, {"source": 5, "target": 32}, {"source": 5, "target": 44}, {"source": 5, "target": 45}, {"source": 5, "target": 33}, {"source": 5, "target": 34}, {"source": 5, "target": 47}, {"source": 5, "target": 37}, {"source": 5, "target": 46}, {"source": 6, "target": 31}, {"source": 6, "target": 32}, {"source": 6, "target": 44}, {"source": 6, "target": 45}, {"source": 6, "target": 33}, {"source": 6, "target": 46}, {"source": 6, "target": 47}, {"source": 6, "target": 37}, {"source": 7, "target": 31}, {"source": 7, "target": 32}, {"source": 7, "target": 44}, {"source": 7, "target": 45}, {"source": 7, "target": 33}, {"source": 7, "target": 46}, {"source": 7, "target": 36}, {"source": 7, "target": 37}, {"source": 7, "target": 48}, {"source": 7, "target": 38}, {"source": 7, "target": 49}, {"source": 8, "target": 31}, {"source": 8, "target": 32}, {"source": 8, "target": 44}, {"source": 8, "target": 45}, {"source": 8, "target": 33}, {"source": 8, "target": 34}, {"source": 8, "target": 35}, {"source": 8, "target": 36}, {"source": 8, "target": 48}, {"source": 8, "target": 38}, {"source": 8, "target": 39}, {"source": 9, "target": 49}, {"source": 9, "target": 31}, {"source": 9, "target": 32}, {"source": 9, "target": 44}, {"source": 9, "target": 45}, {"source": 9, "target": 33}, {"source": 9, "target": 34}, {"source": 9, "target": 47}, {"source": 9, "target": 36}, {"source": 9, "target": 37}, {"source": 9, "target": 46}, {"source": 9, "target": 38}, {"source": 9, "target": 48}, {"source": 9, "target": 39}, {"source": 10, "target": 37}, {"source": 10, "target": 45}, {"source": 10, "target": 33}, {"source": 10, "target": 47}, {"source": 10, "target": 32}, {"source": 11, "target": 31}, {"source": 11, "target": 32}, {"source": 11, "target": 44}, {"source": 11, "target": 45}, {"source": 11, "target": 33}, {"source": 11, "target": 46}, {"source": 11, "target": 47}, {"source": 11, "target": 36}, {"source": 11, "target": 37}, {"source": 11, "target": 48}, {"source": 11, "target": 38}, {"source": 11, "target": 49}, {"source": 12, "target": 39}, {"source": 12, "target": 34}, {"source": 12, "target": 35}, {"source": 12, "target": 31}, {"source": 13, "target": 42}, {"source": 13, "target": 39}, {"source": 13, "target": 28}, {"source": 13, "target": 49}, {"source": 13, "target": 36}, {"source": 13, "target": 48}, {"source": 13, "target": 38}, {"source": 13, "target": 18}, {"source": 13, "target": 40}, {"source": 14, "target": 32}, {"source": 14, "target": 45}, {"source": 14, "target": 33}, {"source": 14, "target": 47}, {"source": 14, "target": 36}, {"source": 14, "target": 37}, {"source": 14, "target": 48}, {"source": 14, "target": 38}, {"source": 15, "target": 42}, {"source": 15, "target": 49}, {"source": 15, "target": 28}, {"source": 15, "target": 36}, {"source": 15, "target": 48}, {"source": 15, "target": 38}, {"source": 15, "target": 18}, {"source": 15, "target": 40}, {"source": 16, "target": 42}, {"source": 16, "target": 28}, {"source": 16, "target": 18}, {"source": 16, "target": 40}, {"source": 17, "target": 42}, {"source": 17, "target": 28}, {"source": 17, "target": 18}, {"source": 17, "target": 40}, {"source": 18, "target": 29}, {"source": 18, "target": 30}, {"source": 18, "target": 26}, {"source": 18, "target": 27}, {"source": 19, "target": 31}, {"source": 19, "target": 32}, {"source": 19, "target": 44}, {"source": 19, "target": 45}, {"source": 19, "target": 33}, {"source": 19, "target": 46}, {"source": 20, "target": 31}, {"source": 20, "target": 32}, {"source": 20, "target": 44}, {"source": 20, "target": 45}, {"source": 20, "target": 33}, {"source": 20, "target": 46}, {"source": 20, "target": 47}, {"source": 21, "target": 31}, {"source": 21, "target": 32}, {"source": 21, "target": 44}, {"source": 21, "target": 45}, {"source": 21, "target": 33}, {"source": 21, "target": 34}, {"source": 21, "target": 47}, {"source": 21, "target": 37}, {"source": 21, "target": 46}, {"source": 22, "target": 32}, {"source": 22, "target": 44}, {"source": 22, "target": 45}, {"source": 22, "target": 33}, {"source": 22, "target": 34}, {"source": 22, "target": 47}, {"source": 22, "target": 37}, {"source": 23, "target": 31}, {"source": 23, "target": 32}, {"source": 23, "target": 44}, {"source": 23, "target": 45}, {"source": 23, "target": 33}, {"source": 23, "target": 46}, {"source": 23, "target": 47}, {"source": 23, "target": 36}, {"source": 23, "target": 48}, {"source": 23, "target": 38}, {"source": 23, "target": 49}, {"source": 24, "target": 49}, {"source": 24, "target": 31}, {"source": 24, "target": 32}, {"source": 24, "target": 44}, {"source": 24, "target": 45}, {"source": 24, "target": 33}, {"source": 24, "target": 34}, {"source": 24, "target": 47}, {"source": 24, "target": 36}, {"source": 24, "target": 37}, {"source": 24, "target": 46}, {"source": 24, "target": 38}, {"source": 24, "target": 48}, {"source": 24, "target": 39}, {"source": 25, "target": 32}, {"source": 25, "target": 44}, {"source": 25, "target": 45}, {"source": 25, "target": 33}, {"source": 25, "target": 46}, {"source": 25, "target": 36}, {"source": 25, "target": 48}, {"source": 25, "target": 38}, {"source": 25, "target": 49}, {"source": 26, "target": 42}, {"source": 26, "target": 49}, {"source": 26, "target": 36}, {"source": 26, "target": 48}, {"source": 26, "target": 38}, {"source": 26, "target": 40}, {"source": 27, "target": 42}, {"source": 27, "target": 39}, {"source": 27, "target": 28}, {"source": 27, "target": 49}, {"source": 27, "target": 36}, {"source": 27, "target": 48}, {"source": 27, "target": 38}, {"source": 27, "target": 40}, {"source": 28, "target": 29}, {"source": 28, "target": 30}, {"source": 29, "target": 42}, {"source": 29, "target": 49}, {"source": 29, "target": 36}, {"source": 29, "target": 48}, {"source": 29, "target": 38}, {"source": 29, "target": 40}, {"source": 30, "target": 42}, {"source": 30, "target": 40}, {"source": 31, "target": 43}, {"source": 31, "target": 41}, {"source": 31, "target": 50}, {"source": 32, "target": 43}, {"source": 32, "target": 41}, {"source": 33, "target": 43}, {"source": 34, "target": 41}, {"source": 34, "target": 50}, {"source": 35, "target": 41}, {"source": 35, "target": 50}, {"source": 36, "target": 43}, {"source": 38, "target": 43}, {"source": 39, "target": 50}, {"source": 41, "target": 45}, {"source": 41, "target": 47}, {"source": 43, "target": 44}, {"source": 43, "target": 45}, {"source": 43, "target": 46}, {"source": 43, "target": 48}, {"source": 43, "target": 49}], "multigraph": false}