{"directed": false, "graph": [], "nodes": [{"name": "rh_parsopercularis", "weight": 0.21739130434782608, "pos": [0, 30], "ts_group_id": 0, "label": "parsopercularis", "input_id": 6, "layer_pos": 0, "y": 30, "x": 0, "brain_side": "right", "id": 6, "func_id": "4"}, {"name": "rh_lateralorbitofrontal", "weight": 0.2, "pos": [6, 5], "ts_group_id": 0, "label": "lateralorbitofrontal", "input_id": 1, "layer_pos": 2, "y": 5, "x": 6, "brain_side": "right", "id": 137, "func_id": "5"}, {"name": "rh_parsorbitalis", "weight": 0.15, "pos": [6, 10], "ts_group_id": 0, "label": "parsorbitalis", "input_id": 2, "layer_pos": 2, "y": 10, "x": 6, "brain_side": "right", "id": 138, "func_id": "7"}, {"name": "rh_parstriangularis", "weight": 0.1, "pos": [6, 25], "ts_group_id": 0, "label": "parstriangularis", "input_id": 5, "layer_pos": 2, "y": 25, "x": 6, "brain_side": "right", "id": 141, "func_id": "4"}, {"name": "rh_parsopercularis", "weight": 0.2, "pos": [6, 30], "ts_group_id": 0, "label": "parsopercularis", "input_id": 6, "layer_pos": 2, "y": 30, "x": 6, "brain_side": "right", "id": 142, "func_id": "4"}, {"name": "rh_supramarginal", "weight": 0.21739130434782608, "pos": [0, 85], "ts_group_id": 0, "label": "supramarginal", "input_id": 17, "layer_pos": 0, "y": 85, "x": 0, "brain_side": "right", "id": 17, "func_id": "4"}, {"name": "rh_supramarginal", "weight": 0.35, "pos": [6, 85], "ts_group_id": 0, "label": "supramarginal", "input_id": 17, "layer_pos": 2, "y": 85, "x": 6, "brain_side": "right", "id": 153, "func_id": "4"}, {"name": "rh_middletemporal", "weight": 0.13043478260869565, "pos": [0, 150], "ts_group_id": 0, "label": "middletemporal", "input_id": 30, "layer_pos": 0, "y": 150, "x": 0, "brain_side": "right", "id": 30, "func_id": "7"}, {"name": "rh_bankssts", "weight": 0.21739130434782608, "pos": [0, 155], "ts_group_id": 0, "label": "bankssts", "input_id": 31, "layer_pos": 0, "y": 155, "x": 0, "brain_side": "right", "id": 31, "func_id": "2"}, {"name": "rh_superiortemporal", "weight": 0.7391304347826086, "pos": [0, 160], "ts_group_id": 0, "label": "superiortemporal", "input_id": 32, "layer_pos": 0, "y": 160, "x": 0, "brain_side": "right", "id": 32, "func_id": "2"}, {"name": "rh_transversetemporal", "weight": 0.8260869565217391, "pos": [0, 165], "ts_group_id": 0, "label": "transversetemporal", "input_id": 33, "layer_pos": 0, "y": 165, "x": 0, "brain_side": "right", "id": 33, "func_id": "2"}, {"name": "rh_insula", "weight": 0.6521739130434783, "pos": [0, 170], "ts_group_id": 0, "label": "insula", "input_id": 34, "layer_pos": 0, "y": 170, "x": 0, "brain_side": "right", "id": 34, "func_id": "4"}, {"name": "rh_middletemporal", "weight": 0.1, "pos": [6, 150], "ts_group_id": 0, "label": "middletemporal", "input_id": 30, "layer_pos": 2, "y": 150, "x": 6, "brain_side": "right", "id": 166, "func_id": "7"}, {"name": "rh_bankssts", "weight": 0.4, "pos": [6, 155], "ts_group_id": 0, "label": "bankssts", "input_id": 31, "layer_pos": 2, "y": 155, "x": 6, "brain_side": "right", "id": 167, "func_id": "2"}, {"name": "rh_superiortemporal", "weight": 1.05, "pos": [6, 160], "ts_group_id": 0, "label": "superiortemporal", "input_id": 32, "layer_pos": 2, "y": 160, "x": 6, "brain_side": "right", "id": 168, "func_id": "2"}, {"name": "rh_transversetemporal", "weight": 0.85, "pos": [6, 165], "ts_group_id": 0, "label": "transversetemporal", "input_id": 33, "layer_pos": 2, "y": 165, "x": 6, "brain_side": "right", "id": 169, "func_id": "2"}, {"name": "rh_insula", "weight": 0.75, "pos": [6, 170], "ts_group_id": 0, "label": "insula", "input_id": 34, "layer_pos": 2, "y": 170, "x": 6, "brain_side": "right", "id": 170, "func_id": "4"}, {"name": "rh_temporalpole", "weight": 0.125, "pos": [12, 140], "ts_group_id": 0, "label": "temporalpole", "input_id": 28, "layer_pos": 4, "y": 140, "x": 12, "brain_side": "right", "id": 300, "func_id": "5"}, {"name": "rh_middletemporal", "weight": 0.125, "pos": [12, 150], "ts_group_id": 0, "label": "middletemporal", "input_id": 30, "layer_pos": 4, "y": 150, "x": 12, "brain_side": "right", "id": 302, "func_id": "7"}, {"name": "rh_bankssts", "weight": 0.125, "pos": [12, 155], "ts_group_id": 0, "label": "bankssts", "input_id": 31, "layer_pos": 4, "y": 155, "x": 12, "brain_side": "right", "id": 303, "func_id": "2"}, {"name": "rh_superiortemporal", "weight": 0.125, "pos": [12, 160], "ts_group_id": 0, "label": "superiortemporal", "input_id": 32, "layer_pos": 4, "y": 160, "x": 12, "brain_side": "right", "id": 304, "func_id": "2"}, {"name": "rh_transversetemporal", "weight": 0.125, "pos": [12, 165], "ts_group_id": 0, "label": "transversetemporal", "input_id": 33, "layer_pos": 4, "y": 165, "x": 12, "brain_side": "right", "id": 305, "func_id": "2"}, {"name": "rh_insula", "weight": 0.25, "pos": [12, 170], "ts_group_id": 0, "label": "insula", "input_id": 34, "layer_pos": 4, "y": 170, "x": 12, "brain_side": "right", "id": 306, "func_id": "4"}, {"name": "rh_lingual", "weight": 0.1, "pos": [6, 120], "ts_group_id": 0, "label": "lingual", "input_id": 24, "layer_pos": 2, "y": 120, "x": 6, "brain_side": "right", "id": 160, "func_id": "1"}, {"name": "rh_lateralorbitofrontal", "weight": 0.20833333333333334, "pos": [3, 5], "ts_group_id": 0, "label": "lateralorbitofrontal", "input_id": 1, "layer_pos": 1, "y": 5, "x": 3, "brain_side": "right", "id": 69, "func_id": "5"}, {"name": "rh_parsorbitalis", "weight": 0.125, "pos": [3, 10], "ts_group_id": 0, "label": "parsorbitalis", "input_id": 2, "layer_pos": 1, "y": 10, "x": 3, "brain_side": "right", "id": 70, "func_id": "7"}, {"name": "rh_parsopercularis", "weight": 0.125, "pos": [3, 30], "ts_group_id": 0, "label": "parsopercularis", "input_id": 6, "layer_pos": 1, "y": 30, "x": 3, "brain_side": "right", "id": 74, "func_id": "4"}, {"name": "rh_lateralorbitofrontal", "weight": 0.13333333333333333, "pos": [9, 5], "ts_group_id": 0, "label": "lateralorbitofrontal", "input_id": 1, "layer_pos": 3, "y": 5, "x": 9, "brain_side": "right", "id": 205, "func_id": "5"}, {"name": "rh_precentral", "weight": 0.125, "pos": [3, 50], "ts_group_id": 0, "label": "precentral", "input_id": 10, "layer_pos": 1, "y": 50, "x": 3, "brain_side": "right", "id": 78, "func_id": "2"}, {"name": "rh_supramarginal", "weight": 0.25, "pos": [3, 85], "ts_group_id": 0, "label": "supramarginal", "input_id": 17, "layer_pos": 1, "y": 85, "x": 3, "brain_side": "right", "id": 85, "func_id": "4"}, {"name": "rh_supramarginal", "weight": 0.13333333333333333, "pos": [9, 85], "ts_group_id": 0, "label": "supramarginal", "input_id": 17, "layer_pos": 3, "y": 85, "x": 9, "brain_side": "right", "id": 221, "func_id": "4"}, {"name": "rh_middletemporal", "weight": 0.125, "pos": [3, 150], "ts_group_id": 0, "label": "middletemporal", "input_id": 30, "layer_pos": 1, "y": 150, "x": 3, "brain_side": "right", "id": 98, "func_id": "7"}, {"name": "rh_bankssts", "weight": 0.375, "pos": [3, 155], "ts_group_id": 0, "label": "bankssts", "input_id": 31, "layer_pos": 1, "y": 155, "x": 3, "brain_side": "right", "id": 99, "func_id": "2"}, {"name": "rh_superiortemporal", "weight": 1.0416666666666667, "pos": [3, 160], "ts_group_id": 0, "label": "superiortemporal", "input_id": 32, "layer_pos": 1, "y": 160, "x": 3, "brain_side": "right", "id": 100, "func_id": "2"}, {"name": "rh_transversetemporal", "weight": 0.625, "pos": [3, 165], "ts_group_id": 0, "label": "transversetemporal", "input_id": 33, "layer_pos": 1, "y": 165, "x": 3, "brain_side": "right", "id": 101, "func_id": "2"}, {"name": "rh_insula", "weight": 0.9166666666666666, "pos": [3, 170], "ts_group_id": 0, "label": "insula", "input_id": 34, "layer_pos": 1, "y": 170, "x": 3, "brain_side": "right", "id": 102, "func_id": "4"}, {"name": "rh_lateralorbitofrontal", "weight": 0.125, "pos": [12, 5], "ts_group_id": 0, "label": "lateralorbitofrontal", "input_id": 1, "layer_pos": 4, "y": 5, "x": 12, "brain_side": "right", "id": 273, "func_id": "5"}, {"name": "rh_middletemporal", "weight": 0.13333333333333333, "pos": [9, 150], "ts_group_id": 0, "label": "middletemporal", "input_id": 30, "layer_pos": 3, "y": 150, "x": 9, "brain_side": "right", "id": 234, "func_id": "7"}, {"name": "rh_bankssts", "weight": 0.26666666666666666, "pos": [9, 155], "ts_group_id": 0, "label": "bankssts", "input_id": 31, "layer_pos": 3, "y": 155, "x": 9, "brain_side": "right", "id": 235, "func_id": "2"}, {"name": "rh_superiortemporal", "weight": 0.4, "pos": [9, 160], "ts_group_id": 0, "label": "superiortemporal", "input_id": 32, "layer_pos": 3, "y": 160, "x": 9, "brain_side": "right", "id": 236, "func_id": "2"}, {"name": "rh_transversetemporal", "weight": 0.2, "pos": [9, 165], "ts_group_id": 0, "label": "transversetemporal", "input_id": 33, "layer_pos": 3, "y": 165, "x": 9, "brain_side": "right", "id": 237, "func_id": "2"}, {"name": "rh_insula", "weight": 0.26666666666666666, "pos": [9, 170], "ts_group_id": 0, "label": "insula", "input_id": 34, "layer_pos": 3, "y": 170, "x": 9, "brain_side": "right", "id": 238, "func_id": "4"}, {"name": "rh_temporalpole", "weight": 0.2, "pos": [15, 140], "ts_group_id": 0, "label": "temporalpole", "input_id": 28, "layer_pos": 5, "y": 140, "x": 15, "brain_side": "right", "id": 368, "func_id": "5"}, {"name": "rh_middletemporal", "weight": 0.2, "pos": [15, 150], "ts_group_id": 0, "label": "middletemporal", "input_id": 30, "layer_pos": 5, "y": 150, "x": 15, "brain_side": "right", "id": 370, "func_id": "7"}, {"name": "rh_bankssts", "weight": 0.4, "pos": [15, 155], "ts_group_id": 0, "label": "bankssts", "input_id": 31, "layer_pos": 5, "y": 155, "x": 15, "brain_side": "right", "id": 371, "func_id": "2"}, {"name": "rh_superiortemporal", "weight": 0.2, "pos": [15, 160], "ts_group_id": 0, "label": "superiortemporal", "input_id": 32, "layer_pos": 5, "y": 160, "x": 15, "brain_side": "right", "id": 372, "func_id": "2"}, {"name": "rh_lateralorbitofrontal", "weight": 0.2, "pos": [15, 5], "ts_group_id": 0, "label": "lateralorbitofrontal", "input_id": 1, "layer_pos": 5, "y": 5, "x": 15, "brain_side": "right", "id": 341, "func_id": "5"}], "links": [{"source": 0, "target": 35}, {"source": 0, "target": 26}, {"source": 0, "target": 31}, {"source": 0, "target": 29}, {"source": 0, "target": 28}, {"source": 1, "target": 31}, {"source": 1, "target": 33}, {"source": 1, "target": 24}, {"source": 1, "target": 35}, {"source": 1, "target": 37}, {"source": 1, "target": 39}, {"source": 1, "target": 27}, {"source": 1, "target": 41}, {"source": 1, "target": 25}, {"source": 2, "target": 41}, {"source": 2, "target": 35}, {"source": 2, "target": 24}, {"source": 2, "target": 25}, {"source": 2, "target": 27}, {"source": 3, "target": 31}, {"source": 3, "target": 24}, {"source": 3, "target": 25}, {"source": 3, "target": 26}, {"source": 3, "target": 27}, {"source": 3, "target": 28}, {"source": 3, "target": 30}, {"source": 3, "target": 41}, {"source": 3, "target": 29}, {"source": 3, "target": 37}, {"source": 3, "target": 35}, {"source": 4, "target": 31}, {"source": 4, "target": 35}, {"source": 4, "target": 26}, {"source": 4, "target": 28}, {"source": 4, "target": 41}, {"source": 4, "target": 29}, {"source": 4, "target": 37}, {"source": 4, "target": 30}, {"source": 5, "target": 31}, {"source": 5, "target": 32}, {"source": 5, "target": 33}, {"source": 5, "target": 34}, {"source": 5, "target": 35}, {"source": 5, "target": 26}, {"source": 5, "target": 28}, {"source": 5, "target": 29}, {"source": 6, "target": 31}, {"source": 6, "target": 32}, {"source": 6, "target": 33}, {"source": 6, "target": 34}, {"source": 6, "target": 35}, {"source": 6, "target": 26}, {"source": 6, "target": 38}, {"source": 6, "target": 39}, {"source": 6, "target": 40}, {"source": 6, "target": 28}, {"source": 6, "target": 41}, {"source": 6, "target": 29}, {"source": 6, "target": 37}, {"source": 6, "target": 30}, {"source": 7, "target": 31}, {"source": 7, "target": 32}, {"source": 7, "target": 33}, {"source": 7, "target": 24}, {"source": 7, "target": 35}, {"source": 7, "target": 26}, {"source": 7, "target": 28}, {"source": 7, "target": 29}, {"source": 8, "target": 31}, {"source": 8, "target": 32}, {"source": 8, "target": 33}, {"source": 8, "target": 29}, {"source": 8, "target": 35}, {"source": 9, "target": 31}, {"source": 9, "target": 32}, {"source": 9, "target": 33}, {"source": 9, "target": 34}, {"source": 9, "target": 35}, {"source": 9, "target": 29}, {"source": 9, "target": 24}, {"source": 10, "target": 33}, {"source": 10, "target": 29}, {"source": 10, "target": 35}, {"source": 10, "target": 34}, {"source": 11, "target": 31}, {"source": 11, "target": 32}, {"source": 11, "target": 33}, {"source": 11, "target": 24}, {"source": 11, "target": 25}, {"source": 11, "target": 26}, {"source": 11, "target": 28}, {"source": 11, "target": 29}, {"source": 11, "target": 35}, {"source": 11, "target": 34}, {"source": 12, "target": 31}, {"source": 12, "target": 32}, {"source": 12, "target": 33}, {"source": 12, "target": 24}, {"source": 12, "target": 35}, {"source": 12, "target": 26}, {"source": 12, "target": 38}, {"source": 12, "target": 39}, {"source": 12, "target": 27}, {"source": 12, "target": 28}, {"source": 12, "target": 41}, {"source": 12, "target": 29}, {"source": 12, "target": 37}, {"source": 12, "target": 30}, {"source": 13, "target": 31}, {"source": 13, "target": 32}, {"source": 13, "target": 33}, {"source": 13, "target": 35}, {"source": 13, "target": 37}, {"source": 13, "target": 38}, {"source": 13, "target": 39}, {"source": 13, "target": 41}, {"source": 13, "target": 29}, {"source": 13, "target": 30}, {"source": 14, "target": 31}, {"source": 14, "target": 32}, {"source": 14, "target": 33}, {"source": 14, "target": 34}, {"source": 14, "target": 35}, {"source": 14, "target": 37}, {"source": 14, "target": 38}, {"source": 14, "target": 39}, {"source": 14, "target": 27}, {"source": 14, "target": 41}, {"source": 14, "target": 40}, {"source": 14, "target": 29}, {"source": 14, "target": 30}, {"source": 14, "target": 24}, {"source": 15, "target": 33}, {"source": 15, "target": 34}, {"source": 15, "target": 35}, {"source": 15, "target": 39}, {"source": 15, "target": 40}, {"source": 15, "target": 41}, {"source": 15, "target": 29}, {"source": 15, "target": 30}, {"source": 16, "target": 31}, {"source": 16, "target": 32}, {"source": 16, "target": 33}, {"source": 16, "target": 24}, {"source": 16, "target": 25}, {"source": 16, "target": 26}, {"source": 16, "target": 38}, {"source": 16, "target": 39}, {"source": 16, "target": 27}, {"source": 16, "target": 28}, {"source": 16, "target": 30}, {"source": 16, "target": 41}, {"source": 16, "target": 40}, {"source": 16, "target": 29}, {"source": 16, "target": 37}, {"source": 16, "target": 35}, {"source": 16, "target": 34}, {"source": 17, "target": 42}, {"source": 17, "target": 27}, {"source": 17, "target": 41}, {"source": 17, "target": 46}, {"source": 18, "target": 37}, {"source": 18, "target": 38}, {"source": 18, "target": 39}, {"source": 18, "target": 27}, {"source": 18, "target": 41}, {"source": 18, "target": 43}, {"source": 18, "target": 44}, {"source": 18, "target": 45}, {"source": 18, "target": 46}, {"source": 18, "target": 30}, {"source": 19, "target": 37}, {"source": 19, "target": 38}, {"source": 19, "target": 39}, {"source": 19, "target": 41}, {"source": 19, "target": 43}, {"source": 19, "target": 44}, {"source": 19, "target": 45}, {"source": 19, "target": 30}, {"source": 20, "target": 37}, {"source": 20, "target": 38}, {"source": 20, "target": 39}, {"source": 20, "target": 40}, {"source": 20, "target": 41}, {"source": 20, "target": 27}, {"source": 20, "target": 43}, {"source": 20, "target": 44}, {"source": 20, "target": 45}, {"source": 20, "target": 46}, {"source": 20, "target": 30}, {"source": 21, "target": 45}, {"source": 21, "target": 39}, {"source": 21, "target": 30}, {"source": 21, "target": 41}, {"source": 21, "target": 40}, {"source": 22, "target": 37}, {"source": 22, "target": 38}, {"source": 22, "target": 39}, {"source": 22, "target": 40}, {"source": 22, "target": 41}, {"source": 22, "target": 27}, {"source": 22, "target": 42}, {"source": 22, "target": 43}, {"source": 22, "target": 44}, {"source": 22, "target": 45}, {"source": 22, "target": 46}, {"source": 22, "target": 30}, {"source": 23, "target": 31}, {"source": 23, "target": 33}, {"source": 23, "target": 24}, {"source": 23, "target": 35}, {"source": 23, "target": 37}, {"source": 23, "target": 39}, {"source": 23, "target": 27}, {"source": 23, "target": 41}, {"source": 23, "target": 25}, {"source": 27, "target": 36}, {"source": 36, "target": 37}, {"source": 36, "target": 39}, {"source": 36, "target": 41}, {"source": 36, "target": 42}, {"source": 36, "target": 43}, {"source": 36, "target": 45}, {"source": 36, "target": 46}], "multigraph": false}