{"directed": false, "graph": [], "nodes": [{"name": "lh_superiorparietal", "weight": 0.16666666666666666, "pos": [9, 260], "ts_group_id": 0, "label": "superiorparietal", "input_id": 52, "layer_pos": 3, "y": 260, "x": 9, "brain_side": "left", "id": 256, "func_id": "3"}, {"name": "lh_cuneus", "weight": 0.1111111111111111, "pos": [9, 275], "ts_group_id": 0, "label": "cuneus", "input_id": 55, "layer_pos": 3, "y": 275, "x": 9, "brain_side": "left", "id": 259, "func_id": "1"}, {"name": "lh_lateraloccipital", "weight": 0.5, "pos": [9, 285], "ts_group_id": 0, "label": "lateraloccipital", "input_id": 57, "layer_pos": 3, "y": 285, "x": 9, "brain_side": "left", "id": 261, "func_id": "1"}, {"name": "lh_fusiform", "weight": 0.2777777777777778, "pos": [9, 295], "ts_group_id": 0, "label": "fusiform", "input_id": 59, "layer_pos": 3, "y": 295, "x": 9, "brain_side": "left", "id": 263, "func_id": "1"}, {"name": "lh_parahippocampal", "weight": 0.1111111111111111, "pos": [9, 300], "ts_group_id": 0, "label": "parahippocampal", "input_id": 60, "layer_pos": 3, "y": 300, "x": 9, "brain_side": "left", "id": 264, "func_id": "7"}, {"name": "lh_lateraloccipital", "weight": 0.5, "pos": [15, 285], "ts_group_id": 0, "label": "lateraloccipital", "input_id": 57, "layer_pos": 5, "y": 285, "x": 15, "brain_side": "left", "id": 397, "func_id": "1"}, {"name": "lh_lingual", "weight": 0.1, "pos": [15, 290], "ts_group_id": 0, "label": "lingual", "input_id": 58, "layer_pos": 5, "y": 290, "x": 15, "brain_side": "left", "id": 398, "func_id": "1"}, {"name": "lh_fusiform", "weight": 0.1, "pos": [15, 295], "ts_group_id": 0, "label": "fusiform", "input_id": 59, "layer_pos": 5, "y": 295, "x": 15, "brain_side": "left", "id": 399, "func_id": "1"}, {"name": "lh_superiorparietal", "weight": 1.0, "pos": [21, 260], "ts_group_id": 0, "label": "superiorparietal", "input_id": 52, "layer_pos": 7, "y": 260, "x": 21, "brain_side": "left", "id": 528, "func_id": "3"}, {"name": "rh_superiorparietal", "weight": 0.28, "pos": [0, 90], "ts_group_id": 0, "label": "superiorparietal", "input_id": 18, "layer_pos": 0, "y": 90, "x": 0, "brain_side": "right", "id": 18, "func_id": "3"}, {"name": "rh_cuneus", "weight": 0.12, "pos": [0, 105], "ts_group_id": 0, "label": "cuneus", "input_id": 21, "layer_pos": 0, "y": 105, "x": 0, "brain_side": "right", "id": 21, "func_id": "1"}, {"name": "rh_pericalcarine", "weight": 0.24, "pos": [0, 110], "ts_group_id": 0, "label": "pericalcarine", "input_id": 22, "layer_pos": 0, "y": 110, "x": 0, "brain_side": "right", "id": 22, "func_id": "1"}, {"name": "rh_lateraloccipital", "weight": 0.8, "pos": [0, 115], "ts_group_id": 0, "label": "lateraloccipital", "input_id": 23, "layer_pos": 0, "y": 115, "x": 0, "brain_side": "right", "id": 23, "func_id": "1"}, {"name": "rh_lingual", "weight": 0.16, "pos": [0, 120], "ts_group_id": 0, "label": "lingual", "input_id": 24, "layer_pos": 0, "y": 120, "x": 0, "brain_side": "right", "id": 24, "func_id": "1"}, {"name": "rh_fusiform", "weight": 0.36, "pos": [0, 125], "ts_group_id": 0, "label": "fusiform", "input_id": 25, "layer_pos": 0, "y": 125, "x": 0, "brain_side": "right", "id": 25, "func_id": "1"}, {"name": "rh_superiorparietal", "weight": 0.2, "pos": [6, 90], "ts_group_id": 0, "label": "superiorparietal", "input_id": 18, "layer_pos": 2, "y": 90, "x": 6, "brain_side": "right", "id": 154, "func_id": "3"}, {"name": "rh_lateraloccipital", "weight": 0.8, "pos": [6, 115], "ts_group_id": 0, "label": "lateraloccipital", "input_id": 23, "layer_pos": 2, "y": 115, "x": 6, "brain_side": "right", "id": 159, "func_id": "1"}, {"name": "rh_lingual", "weight": 0.16, "pos": [6, 120], "ts_group_id": 0, "label": "lingual", "input_id": 24, "layer_pos": 2, "y": 120, "x": 6, "brain_side": "right", "id": 160, "func_id": "1"}, {"name": "rh_fusiform", "weight": 0.28, "pos": [6, 125], "ts_group_id": 0, "label": "fusiform", "input_id": 25, "layer_pos": 2, "y": 125, "x": 6, "brain_side": "right", "id": 161, "func_id": "1"}, {"name": "rh_posteriorcingulate", "weight": 0.2, "pos": [18, 70], "ts_group_id": 0, "label": "posteriorcingulate", "input_id": 14, "layer_pos": 6, "y": 70, "x": 18, "brain_side": "right", "id": 422, "func_id": "4"}, {"name": "rh_lateraloccipital", "weight": 0.3333333333333333, "pos": [12, 115], "ts_group_id": 0, "label": "lateraloccipital", "input_id": 23, "layer_pos": 4, "y": 115, "x": 12, "brain_side": "right", "id": 295, "func_id": "1"}, {"name": "rh_lingual", "weight": 0.16666666666666666, "pos": [12, 120], "ts_group_id": 0, "label": "lingual", "input_id": 24, "layer_pos": 4, "y": 120, "x": 12, "brain_side": "right", "id": 296, "func_id": "1"}, {"name": "rh_fusiform", "weight": 0.25, "pos": [12, 125], "ts_group_id": 0, "label": "fusiform", "input_id": 25, "layer_pos": 4, "y": 125, "x": 12, "brain_side": "right", "id": 297, "func_id": "1"}, {"name": "rh_lateraloccipital", "weight": 0.4, "pos": [18, 115], "ts_group_id": 0, "label": "lateraloccipital", "input_id": 23, "layer_pos": 6, "y": 115, "x": 18, "brain_side": "right", "id": 431, "func_id": "1"}, {"name": "rh_fusiform", "weight": 0.2, "pos": [18, 125], "ts_group_id": 0, "label": "fusiform", "input_id": 25, "layer_pos": 6, "y": 125, "x": 18, "brain_side": "right", "id": 433, "func_id": "1"}, {"name": "lh_superiorparietal", "weight": 0.28, "pos": [0, 260], "ts_group_id": 0, "label": "superiorparietal", "input_id": 52, "layer_pos": 0, "y": 260, "x": 0, "brain_side": "left", "id": 52, "func_id": "3"}, {"name": "lh_pericalcarine", "weight": 0.28, "pos": [0, 280], "ts_group_id": 0, "label": "pericalcarine", "input_id": 56, "layer_pos": 0, "y": 280, "x": 0, "brain_side": "left", "id": 56, "func_id": "1"}, {"name": "lh_lateraloccipital", "weight": 0.76, "pos": [0, 285], "ts_group_id": 0, "label": "lateraloccipital", "input_id": 57, "layer_pos": 0, "y": 285, "x": 0, "brain_side": "left", "id": 57, "func_id": "1"}, {"name": "lh_lingual", "weight": 0.2, "pos": [0, 290], "ts_group_id": 0, "label": "lingual", "input_id": 58, "layer_pos": 0, "y": 290, "x": 0, "brain_side": "left", "id": 58, "func_id": "1"}, {"name": "lh_fusiform", "weight": 0.52, "pos": [0, 295], "ts_group_id": 0, "label": "fusiform", "input_id": 59, "layer_pos": 0, "y": 295, "x": 0, "brain_side": "left", "id": 59, "func_id": "1"}, {"name": "lh_superiorparietal", "weight": 0.12, "pos": [6, 260], "ts_group_id": 0, "label": "superiorparietal", "input_id": 52, "layer_pos": 2, "y": 260, "x": 6, "brain_side": "left", "id": 188, "func_id": "3"}, {"name": "lh_middletemporal", "weight": 0.12, "pos": [0, 320], "ts_group_id": 0, "label": "middletemporal", "input_id": 64, "layer_pos": 0, "y": 320, "x": 0, "brain_side": "left", "id": 64, "func_id": "7"}, {"name": "lh_lateraloccipital", "weight": 0.76, "pos": [6, 285], "ts_group_id": 0, "label": "lateraloccipital", "input_id": 57, "layer_pos": 2, "y": 285, "x": 6, "brain_side": "left", "id": 193, "func_id": "1"}, {"name": "lh_fusiform", "weight": 0.32, "pos": [6, 295], "ts_group_id": 0, "label": "fusiform", "input_id": 59, "layer_pos": 2, "y": 295, "x": 6, "brain_side": "left", "id": 195, "func_id": "1"}, {"name": "lh_lateraloccipital", "weight": 0.5, "pos": [12, 285], "ts_group_id": 0, "label": "lateraloccipital", "input_id": 57, "layer_pos": 4, "y": 285, "x": 12, "brain_side": "left", "id": 329, "func_id": "1"}, {"name": "lh_fusiform", "weight": 0.16666666666666666, "pos": [12, 295], "ts_group_id": 0, "label": "fusiform", "input_id": 59, "layer_pos": 4, "y": 295, "x": 12, "brain_side": "left", "id": 331, "func_id": "1"}, {"name": "lh_superiorparietal", "weight": 0.2, "pos": [18, 260], "ts_group_id": 0, "label": "superiorparietal", "input_id": 52, "layer_pos": 6, "y": 260, "x": 18, "brain_side": "left", "id": 460, "func_id": "3"}, {"name": "lh_lateraloccipital", "weight": 0.6, "pos": [18, 285], "ts_group_id": 0, "label": "lateraloccipital", "input_id": 57, "layer_pos": 6, "y": 285, "x": 18, "brain_side": "left", "id": 465, "func_id": "1"}, {"name": "rh_superiorparietal", "weight": 0.16666666666666666, "pos": [3, 90], "ts_group_id": 0, "label": "superiorparietal", "input_id": 18, "layer_pos": 1, "y": 90, "x": 3, "brain_side": "right", "id": 86, "func_id": "3"}, {"name": "rh_pericalcarine", "weight": 0.16666666666666666, "pos": [3, 110], "ts_group_id": 0, "label": "pericalcarine", "input_id": 22, "layer_pos": 1, "y": 110, "x": 3, "brain_side": "right", "id": 90, "func_id": "1"}, {"name": "rh_lateraloccipital", "weight": 0.8666666666666667, "pos": [3, 115], "ts_group_id": 0, "label": "lateraloccipital", "input_id": 23, "layer_pos": 1, "y": 115, "x": 3, "brain_side": "right", "id": 91, "func_id": "1"}, {"name": "rh_fusiform", "weight": 0.4, "pos": [3, 125], "ts_group_id": 0, "label": "fusiform", "input_id": 25, "layer_pos": 1, "y": 125, "x": 3, "brain_side": "right", "id": 93, "func_id": "1"}, {"name": "rh_superiorparietal", "weight": 0.16666666666666666, "pos": [9, 90], "ts_group_id": 0, "label": "superiorparietal", "input_id": 18, "layer_pos": 3, "y": 90, "x": 9, "brain_side": "right", "id": 222, "func_id": "3"}, {"name": "rh_lateraloccipital", "weight": 0.4444444444444444, "pos": [9, 115], "ts_group_id": 0, "label": "lateraloccipital", "input_id": 23, "layer_pos": 3, "y": 115, "x": 9, "brain_side": "right", "id": 227, "func_id": "1"}, {"name": "rh_fusiform", "weight": 0.3333333333333333, "pos": [9, 125], "ts_group_id": 0, "label": "fusiform", "input_id": 25, "layer_pos": 3, "y": 125, "x": 9, "brain_side": "right", "id": 229, "func_id": "1"}, {"name": "rh_superiorparietal", "weight": 0.2, "pos": [15, 90], "ts_group_id": 0, "label": "superiorparietal", "input_id": 18, "layer_pos": 5, "y": 90, "x": 15, "brain_side": "right", "id": 358, "func_id": "3"}, {"name": "rh_cuneus", "weight": 0.1, "pos": [15, 105], "ts_group_id": 0, "label": "cuneus", "input_id": 21, "layer_pos": 5, "y": 105, "x": 15, "brain_side": "right", "id": 361, "func_id": "1"}, {"name": "rh_lateraloccipital", "weight": 0.4, "pos": [15, 115], "ts_group_id": 0, "label": "lateraloccipital", "input_id": 23, "layer_pos": 5, "y": 115, "x": 15, "brain_side": "right", "id": 363, "func_id": "1"}, {"name": "rh_lingual", "weight": 0.2, "pos": [15, 120], "ts_group_id": 0, "label": "lingual", "input_id": 24, "layer_pos": 5, "y": 120, "x": 15, "brain_side": "right", "id": 364, "func_id": "1"}, {"name": "rh_fusiform", "weight": 0.1, "pos": [15, 125], "ts_group_id": 0, "label": "fusiform", "input_id": 25, "layer_pos": 5, "y": 125, "x": 15, "brain_side": "right", "id": 365, "func_id": "1"}, {"name": "rh_insula", "weight": 0.1111111111111111, "pos": [9, 170], "ts_group_id": 0, "label": "insula", "input_id": 34, "layer_pos": 3, "y": 170, "x": 9, "brain_side": "right", "id": 238, "func_id": "4"}, {"name": "rh_insula", "weight": 0.1, "pos": [15, 170], "ts_group_id": 0, "label": "insula", "input_id": 34, "layer_pos": 5, "y": 170, "x": 15, "brain_side": "right", "id": 374, "func_id": "4"}, {"name": "lh_superiorparietal", "weight": 0.23333333333333334, "pos": [3, 260], "ts_group_id": 0, "label": "superiorparietal", "input_id": 52, "layer_pos": 1, "y": 260, "x": 3, "brain_side": "left", "id": 120, "func_id": "3"}, {"name": "lh_pericalcarine", "weight": 0.13333333333333333, "pos": [3, 280], "ts_group_id": 0, "label": "pericalcarine", "input_id": 56, "layer_pos": 1, "y": 280, "x": 3, "brain_side": "left", "id": 124, "func_id": "1"}, {"name": "lh_lateraloccipital", "weight": 0.8333333333333334, "pos": [3, 285], "ts_group_id": 0, "label": "lateraloccipital", "input_id": 57, "layer_pos": 1, "y": 285, "x": 3, "brain_side": "left", "id": 125, "func_id": "1"}, {"name": "lh_lingual", "weight": 0.1, "pos": [3, 290], "ts_group_id": 0, "label": "lingual", "input_id": 58, "layer_pos": 1, "y": 290, "x": 3, "brain_side": "left", "id": 126, "func_id": "1"}, {"name": "lh_fusiform", "weight": 0.3333333333333333, "pos": [3, 295], "ts_group_id": 0, "label": "fusiform", "input_id": 59, "layer_pos": 1, "y": 295, "x": 3, "brain_side": "left", "id": 127, "func_id": "1"}], "links": [{"source": 0, "target": 17}, {"source": 0, "target": 32}, {"source": 0, "target": 33}, {"source": 0, "target": 20}, {"source": 0, "target": 21}, {"source": 0, "target": 34}, {"source": 0, "target": 35}, {"source": 0, "target": 15}, {"source": 0, "target": 30}, {"source": 0, "target": 16}, {"source": 1, "target": 17}, {"source": 1, "target": 32}, {"source": 1, "target": 20}, {"source": 1, "target": 21}, {"source": 1, "target": 34}, {"source": 1, "target": 15}, {"source": 1, "target": 30}, {"source": 1, "target": 16}, {"source": 2, "target": 32}, {"source": 2, "target": 33}, {"source": 2, "target": 20}, {"source": 2, "target": 34}, {"source": 2, "target": 35}, {"source": 2, "target": 15}, {"source": 2, "target": 30}, {"source": 2, "target": 16}, {"source": 3, "target": 32}, {"source": 3, "target": 35}, {"source": 3, "target": 33}, {"source": 3, "target": 30}, {"source": 3, "target": 34}, {"source": 4, "target": 35}, {"source": 4, "target": 33}, {"source": 4, "target": 30}, {"source": 5, "target": 20}, {"source": 5, "target": 34}, {"source": 5, "target": 35}, {"source": 5, "target": 36}, {"source": 5, "target": 23}, {"source": 5, "target": 37}, {"source": 6, "target": 21}, {"source": 6, "target": 34}, {"source": 6, "target": 35}, {"source": 6, "target": 36}, {"source": 6, "target": 37}, {"source": 7, "target": 34}, {"source": 7, "target": 35}, {"source": 7, "target": 36}, {"source": 7, "target": 37}, {"source": 8, "target": 37}, {"source": 8, "target": 36}, {"source": 8, "target": 19}, {"source": 8, "target": 23}, {"source": 9, "target": 54}, {"source": 9, "target": 38}, {"source": 9, "target": 52}, {"source": 9, "target": 39}, {"source": 9, "target": 40}, {"source": 9, "target": 53}, {"source": 9, "target": 41}, {"source": 10, "target": 38}, {"source": 10, "target": 52}, {"source": 10, "target": 39}, {"source": 10, "target": 40}, {"source": 10, "target": 53}, {"source": 10, "target": 54}, {"source": 11, "target": 54}, {"source": 11, "target": 38}, {"source": 11, "target": 52}, {"source": 11, "target": 39}, {"source": 11, "target": 40}, {"source": 11, "target": 53}, {"source": 11, "target": 41}, {"source": 11, "target": 55}, {"source": 12, "target": 54}, {"source": 12, "target": 38}, {"source": 12, "target": 52}, {"source": 12, "target": 39}, {"source": 12, "target": 40}, {"source": 12, "target": 53}, {"source": 12, "target": 41}, {"source": 13, "target": 38}, {"source": 13, "target": 52}, {"source": 13, "target": 39}, {"source": 13, "target": 40}, {"source": 13, "target": 53}, {"source": 13, "target": 41}, {"source": 13, "target": 55}, {"source": 14, "target": 39}, {"source": 14, "target": 40}, {"source": 14, "target": 41}, {"source": 14, "target": 38}, {"source": 15, "target": 43}, {"source": 15, "target": 44}, {"source": 15, "target": 50}, {"source": 15, "target": 54}, {"source": 15, "target": 38}, {"source": 15, "target": 52}, {"source": 15, "target": 39}, {"source": 15, "target": 40}, {"source": 15, "target": 53}, {"source": 15, "target": 41}, {"source": 15, "target": 42}, {"source": 16, "target": 43}, {"source": 16, "target": 44}, {"source": 16, "target": 50}, {"source": 16, "target": 54}, {"source": 16, "target": 38}, {"source": 16, "target": 52}, {"source": 16, "target": 39}, {"source": 16, "target": 40}, {"source": 16, "target": 53}, {"source": 16, "target": 41}, {"source": 16, "target": 42}, {"source": 17, "target": 43}, {"source": 17, "target": 44}, {"source": 17, "target": 50}, {"source": 17, "target": 42}, {"source": 17, "target": 38}, {"source": 17, "target": 52}, {"source": 17, "target": 39}, {"source": 17, "target": 40}, {"source": 17, "target": 53}, {"source": 17, "target": 41}, {"source": 17, "target": 55}, {"source": 18, "target": 43}, {"source": 18, "target": 44}, {"source": 18, "target": 38}, {"source": 18, "target": 39}, {"source": 18, "target": 40}, {"source": 18, "target": 41}, {"source": 18, "target": 42}, {"source": 20, "target": 43}, {"source": 20, "target": 44}, {"source": 20, "target": 45}, {"source": 20, "target": 46}, {"source": 20, "target": 47}, {"source": 20, "target": 48}, {"source": 20, "target": 49}, {"source": 20, "target": 50}, {"source": 20, "target": 51}, {"source": 20, "target": 42}, {"source": 21, "target": 43}, {"source": 21, "target": 44}, {"source": 21, "target": 45}, {"source": 21, "target": 46}, {"source": 21, "target": 47}, {"source": 21, "target": 48}, {"source": 21, "target": 49}, {"source": 21, "target": 50}, {"source": 21, "target": 51}, {"source": 21, "target": 42}, {"source": 22, "target": 43}, {"source": 22, "target": 44}, {"source": 22, "target": 45}, {"source": 22, "target": 47}, {"source": 22, "target": 48}, {"source": 22, "target": 49}, {"source": 22, "target": 42}, {"source": 23, "target": 45}, {"source": 23, "target": 46}, {"source": 23, "target": 47}, {"source": 23, "target": 48}, {"source": 23, "target": 49}, {"source": 23, "target": 51}, {"source": 24, "target": 47}, {"source": 24, "target": 48}, {"source": 24, "target": 49}, {"source": 24, "target": 45}, {"source": 25, "target": 38}, {"source": 25, "target": 52}, {"source": 25, "target": 39}, {"source": 25, "target": 40}, {"source": 25, "target": 53}, {"source": 25, "target": 54}, {"source": 25, "target": 55}, {"source": 25, "target": 56}, {"source": 26, "target": 38}, {"source": 26, "target": 52}, {"source": 26, "target": 39}, {"source": 26, "target": 40}, {"source": 26, "target": 53}, {"source": 26, "target": 54}, {"source": 26, "target": 55}, {"source": 26, "target": 56}, {"source": 27, "target": 38}, {"source": 27, "target": 52}, {"source": 27, "target": 39}, {"source": 27, "target": 40}, {"source": 27, "target": 53}, {"source": 27, "target": 54}, {"source": 27, "target": 55}, {"source": 27, "target": 56}, {"source": 28, "target": 52}, {"source": 28, "target": 39}, {"source": 28, "target": 53}, {"source": 28, "target": 54}, {"source": 28, "target": 55}, {"source": 28, "target": 56}, {"source": 29, "target": 52}, {"source": 29, "target": 53}, {"source": 29, "target": 54}, {"source": 29, "target": 55}, {"source": 29, "target": 56}, {"source": 30, "target": 43}, {"source": 30, "target": 42}, {"source": 30, "target": 38}, {"source": 30, "target": 52}, {"source": 30, "target": 39}, {"source": 30, "target": 40}, {"source": 30, "target": 53}, {"source": 30, "target": 54}, {"source": 30, "target": 55}, {"source": 30, "target": 56}, {"source": 31, "target": 52}, {"source": 31, "target": 53}, {"source": 31, "target": 54}, {"source": 31, "target": 55}, {"source": 31, "target": 56}, {"source": 32, "target": 43}, {"source": 32, "target": 42}, {"source": 32, "target": 38}, {"source": 32, "target": 52}, {"source": 32, "target": 39}, {"source": 32, "target": 40}, {"source": 32, "target": 53}, {"source": 32, "target": 54}, {"source": 32, "target": 55}, {"source": 32, "target": 56}, {"source": 33, "target": 52}, {"source": 33, "target": 53}, {"source": 33, "target": 54}, {"source": 33, "target": 55}, {"source": 33, "target": 56}, {"source": 34, "target": 45}, {"source": 34, "target": 46}, {"source": 34, "target": 47}, {"source": 34, "target": 43}, {"source": 34, "target": 42}, {"source": 36, "target": 45}, {"source": 36, "target": 46}, {"source": 36, "target": 47}, {"source": 36, "target": 48}, {"source": 37, "target": 45}, {"source": 37, "target": 46}, {"source": 37, "target": 47}], "multigraph": false}