{"directed": false, "graph": [], "nodes": [{"name": "rh_superiorfrontal", "weight": 0.14285714285714285, "pos": [0, 40], "ts_group_id": 0, "label": "superiorfrontal", "input_id": 8, "layer_pos": 0, "y": 40, "x": 0, "brain_side": "right", "id": 8, "func_id": "7"}, {"name": "rh_lateralorbitofrontal", "weight": 0.1, "pos": [6, 5], "ts_group_id": 0, "label": "lateralorbitofrontal", "input_id": 1, "layer_pos": 2, "y": 5, "x": 6, "brain_side": "right", "id": 137, "func_id": "5"}, {"name": "rh_rostralanteriorcingulate", "weight": 0.21428571428571427, "pos": [0, 60], "ts_group_id": 0, "label": "rostralanteriorcingulate", "input_id": 12, "layer_pos": 0, "y": 60, "x": 0, "brain_side": "right", "id": 12, "func_id": "7"}, {"name": "rh_caudalanteriorcingulate", "weight": 1.0, "pos": [0, 65], "ts_group_id": 0, "label": "caudalanteriorcingulate", "input_id": 13, "layer_pos": 0, "y": 65, "x": 0, "brain_side": "right", "id": 13, "func_id": "4"}, {"name": "rh_rostralmiddlefrontal", "weight": 0.1, "pos": [6, 35], "ts_group_id": 0, "label": "rostralmiddlefrontal", "input_id": 7, "layer_pos": 2, "y": 35, "x": 6, "brain_side": "right", "id": 143, "func_id": "6"}, {"name": "rh_superiorfrontal", "weight": 0.1, "pos": [6, 40], "ts_group_id": 0, "label": "superiorfrontal", "input_id": 8, "layer_pos": 2, "y": 40, "x": 6, "brain_side": "right", "id": 144, "func_id": "7"}, {"name": "rh_rostralanteriorcingulate", "weight": 0.2, "pos": [9, 60], "ts_group_id": 0, "label": "rostralanteriorcingulate", "input_id": 12, "layer_pos": 3, "y": 60, "x": 9, "brain_side": "right", "id": 216, "func_id": "7"}, {"name": "rh_rostralanteriorcingulate", "weight": 0.1, "pos": [6, 60], "ts_group_id": 0, "label": "rostralanteriorcingulate", "input_id": 12, "layer_pos": 2, "y": 60, "x": 6, "brain_side": "right", "id": 148, "func_id": "7"}, {"name": "rh_caudalanteriorcingulate", "weight": 1.1, "pos": [6, 65], "ts_group_id": 0, "label": "caudalanteriorcingulate", "input_id": 13, "layer_pos": 2, "y": 65, "x": 6, "brain_side": "right", "id": 149, "func_id": "4"}, {"name": "rh_posteriorcingulate", "weight": 0.1, "pos": [6, 70], "ts_group_id": 0, "label": "posteriorcingulate", "input_id": 14, "layer_pos": 2, "y": 70, "x": 6, "brain_side": "right", "id": 150, "func_id": "4"}, {"name": "rh_superiorparietal", "weight": 0.1, "pos": [6, 90], "ts_group_id": 0, "label": "superiorparietal", "input_id": 18, "layer_pos": 2, "y": 90, "x": 6, "brain_side": "right", "id": 154, "func_id": "3"}, {"name": "rh_precuneus", "weight": 0.1, "pos": [6, 100], "ts_group_id": 0, "label": "precuneus", "input_id": 20, "layer_pos": 2, "y": 100, "x": 6, "brain_side": "right", "id": 156, "func_id": "7"}, {"name": "rh_caudalanteriorcingulate", "weight": 0.5, "pos": [12, 65], "ts_group_id": 0, "label": "caudalanteriorcingulate", "input_id": 13, "layer_pos": 4, "y": 65, "x": 12, "brain_side": "right", "id": 285, "func_id": "4"}, {"name": "rh_rostralanteriorcingulate", "weight": 0.5, "pos": [12, 60], "ts_group_id": 0, "label": "rostralanteriorcingulate", "input_id": 12, "layer_pos": 4, "y": 60, "x": 12, "brain_side": "right", "id": 284, "func_id": "7"}, {"name": "lh_rostralanteriorcingulate", "weight": 0.21428571428571427, "pos": [0, 230], "ts_group_id": 0, "label": "rostralanteriorcingulate", "input_id": 46, "layer_pos": 0, "y": 230, "x": 0, "brain_side": "left", "id": 46, "func_id": "7"}, {"name": "lh_caudalanteriorcingulate", "weight": 1.0, "pos": [0, 235], "ts_group_id": 0, "label": "caudalanteriorcingulate", "input_id": 47, "layer_pos": 0, "y": 235, "x": 0, "brain_side": "left", "id": 47, "func_id": "4"}, {"name": "lh_posteriorcingulate", "weight": 0.14285714285714285, "pos": [0, 240], "ts_group_id": 0, "label": "posteriorcingulate", "input_id": 48, "layer_pos": 0, "y": 240, "x": 0, "brain_side": "left", "id": 48, "func_id": "4"}, {"name": "lh_caudalanteriorcingulate", "weight": 1.2, "pos": [6, 235], "ts_group_id": 0, "label": "caudalanteriorcingulate", "input_id": 47, "layer_pos": 2, "y": 235, "x": 6, "brain_side": "left", "id": 183, "func_id": "4"}, {"name": "rh_rostralmiddlefrontal", "weight": 0.125, "pos": [3, 35], "ts_group_id": 0, "label": "rostralmiddlefrontal", "input_id": 7, "layer_pos": 1, "y": 35, "x": 3, "brain_side": "right", "id": 75, "func_id": "6"}, {"name": "rh_superiorfrontal", "weight": 0.125, "pos": [3, 40], "ts_group_id": 0, "label": "superiorfrontal", "input_id": 8, "layer_pos": 1, "y": 40, "x": 3, "brain_side": "right", "id": 76, "func_id": "7"}, {"name": "rh_lateralorbitofrontal", "weight": 0.1, "pos": [9, 5], "ts_group_id": 0, "label": "lateralorbitofrontal", "input_id": 1, "layer_pos": 3, "y": 5, "x": 9, "brain_side": "right", "id": 205, "func_id": "5"}, {"name": "rh_rostralanteriorcingulate", "weight": 0.375, "pos": [3, 60], "ts_group_id": 0, "label": "rostralanteriorcingulate", "input_id": 12, "layer_pos": 1, "y": 60, "x": 3, "brain_side": "right", "id": 80, "func_id": "7"}, {"name": "rh_caudalanteriorcingulate", "weight": 1.875, "pos": [3, 65], "ts_group_id": 0, "label": "caudalanteriorcingulate", "input_id": 13, "layer_pos": 1, "y": 65, "x": 3, "brain_side": "right", "id": 81, "func_id": "4"}, {"name": "rh_rostralmiddlefrontal", "weight": 0.1, "pos": [9, 35], "ts_group_id": 0, "label": "rostralmiddlefrontal", "input_id": 7, "layer_pos": 3, "y": 35, "x": 9, "brain_side": "right", "id": 211, "func_id": "6"}, {"name": "rh_superiorfrontal", "weight": 0.1, "pos": [9, 40], "ts_group_id": 0, "label": "superiorfrontal", "input_id": 8, "layer_pos": 3, "y": 40, "x": 9, "brain_side": "right", "id": 212, "func_id": "7"}, {"name": "rh_superiorparietal", "weight": 0.125, "pos": [3, 90], "ts_group_id": 0, "label": "superiorparietal", "input_id": 18, "layer_pos": 1, "y": 90, "x": 3, "brain_side": "right", "id": 86, "func_id": "3"}, {"name": "rh_precuneus", "weight": 0.125, "pos": [3, 100], "ts_group_id": 0, "label": "precuneus", "input_id": 20, "layer_pos": 1, "y": 100, "x": 3, "brain_side": "right", "id": 88, "func_id": "7"}, {"name": "rh_caudalanteriorcingulate", "weight": 0.3, "pos": [9, 65], "ts_group_id": 0, "label": "caudalanteriorcingulate", "input_id": 13, "layer_pos": 3, "y": 65, "x": 9, "brain_side": "right", "id": 217, "func_id": "4"}, {"name": "rh_posteriorcingulate", "weight": 0.1, "pos": [9, 70], "ts_group_id": 0, "label": "posteriorcingulate", "input_id": 14, "layer_pos": 3, "y": 70, "x": 9, "brain_side": "right", "id": 218, "func_id": "4"}, {"name": "rh_superiorparietal", "weight": 0.1, "pos": [9, 90], "ts_group_id": 0, "label": "superiorparietal", "input_id": 18, "layer_pos": 3, "y": 90, "x": 9, "brain_side": "right", "id": 222, "func_id": "3"}, {"name": "rh_precuneus", "weight": 0.1, "pos": [9, 100], "ts_group_id": 0, "label": "precuneus", "input_id": 20, "layer_pos": 3, "y": 100, "x": 9, "brain_side": "right", "id": 224, "func_id": "7"}, {"name": "lh_rostralanteriorcingulate", "weight": 0.375, "pos": [3, 230], "ts_group_id": 0, "label": "rostralanteriorcingulate", "input_id": 46, "layer_pos": 1, "y": 230, "x": 3, "brain_side": "left", "id": 114, "func_id": "7"}, {"name": "lh_caudalanteriorcingulate", "weight": 1.75, "pos": [3, 235], "ts_group_id": 0, "label": "caudalanteriorcingulate", "input_id": 47, "layer_pos": 1, "y": 235, "x": 3, "brain_side": "left", "id": 115, "func_id": "4"}, {"name": "lh_caudalanteriorcingulate", "weight": 0.1, "pos": [9, 235], "ts_group_id": 0, "label": "caudalanteriorcingulate", "input_id": 47, "layer_pos": 3, "y": 235, "x": 9, "brain_side": "left", "id": 251, "func_id": "4"}, {"name": "lh_posteriorcingulate", "weight": 0.1, "pos": [9, 240], "ts_group_id": 0, "label": "posteriorcingulate", "input_id": 48, "layer_pos": 3, "y": 240, "x": 9, "brain_side": "left", "id": 252, "func_id": "4"}], "links": [{"source": 0, "target": 18}, {"source": 0, "target": 19}, {"source": 0, "target": 21}, {"source": 0, "target": 22}, {"source": 0, "target": 31}, {"source": 0, "target": 32}, {"source": 0, "target": 26}, {"source": 1, "target": 18}, {"source": 1, "target": 20}, {"source": 1, "target": 23}, {"source": 2, "target": 21}, {"source": 2, "target": 22}, {"source": 2, "target": 31}, {"source": 2, "target": 19}, {"source": 3, "target": 21}, {"source": 3, "target": 22}, {"source": 3, "target": 32}, {"source": 3, "target": 19}, {"source": 3, "target": 26}, {"source": 4, "target": 24}, {"source": 4, "target": 18}, {"source": 4, "target": 19}, {"source": 4, "target": 20}, {"source": 4, "target": 23}, {"source": 5, "target": 30}, {"source": 5, "target": 23}, {"source": 5, "target": 34}, {"source": 5, "target": 18}, {"source": 5, "target": 19}, {"source": 5, "target": 21}, {"source": 5, "target": 22}, {"source": 5, "target": 31}, {"source": 5, "target": 32}, {"source": 5, "target": 24}, {"source": 5, "target": 26}, {"source": 5, "target": 27}, {"source": 5, "target": 28}, {"source": 5, "target": 33}, {"source": 5, "target": 6}, {"source": 6, "target": 7}, {"source": 6, "target": 8}, {"source": 6, "target": 9}, {"source": 6, "target": 13}, {"source": 6, "target": 12}, {"source": 7, "target": 19}, {"source": 7, "target": 21}, {"source": 7, "target": 22}, {"source": 7, "target": 31}, {"source": 7, "target": 24}, {"source": 7, "target": 27}, {"source": 7, "target": 28}, {"source": 8, "target": 30}, {"source": 8, "target": 19}, {"source": 8, "target": 21}, {"source": 8, "target": 22}, {"source": 8, "target": 32}, {"source": 8, "target": 24}, {"source": 8, "target": 26}, {"source": 8, "target": 27}, {"source": 8, "target": 28}, {"source": 8, "target": 33}, {"source": 9, "target": 30}, {"source": 9, "target": 19}, {"source": 9, "target": 21}, {"source": 9, "target": 22}, {"source": 9, "target": 24}, {"source": 9, "target": 27}, {"source": 9, "target": 26}, {"source": 9, "target": 28}, {"source": 9, "target": 34}, {"source": 10, "target": 26}, {"source": 10, "target": 30}, {"source": 10, "target": 29}, {"source": 10, "target": 25}, {"source": 11, "target": 30}, {"source": 11, "target": 19}, {"source": 11, "target": 22}, {"source": 11, "target": 24}, {"source": 11, "target": 25}, {"source": 11, "target": 26}, {"source": 11, "target": 27}, {"source": 11, "target": 28}, {"source": 11, "target": 29}, {"source": 12, "target": 30}, {"source": 12, "target": 24}, {"source": 12, "target": 27}, {"source": 12, "target": 28}, {"source": 12, "target": 33}, {"source": 13, "target": 27}, {"source": 13, "target": 28}, {"source": 13, "target": 24}, {"source": 14, "target": 21}, {"source": 14, "target": 31}, {"source": 14, "target": 32}, {"source": 14, "target": 19}, {"source": 15, "target": 22}, {"source": 15, "target": 31}, {"source": 15, "target": 32}, {"source": 15, "target": 19}, {"source": 16, "target": 31}, {"source": 16, "target": 32}, {"source": 16, "target": 19}, {"source": 17, "target": 19}, {"source": 17, "target": 22}, {"source": 17, "target": 31}, {"source": 17, "target": 32}, {"source": 17, "target": 24}, {"source": 17, "target": 27}, {"source": 17, "target": 33}, {"source": 17, "target": 34}], "multigraph": false}