{"directed": false, "graph": [], "nodes": [{"name": "lh_precentral", "weight": 0.1111111111111111, "pos": [15, 220], "ts_group_id": 0, "label": "precentral", "input_id": 44, "layer_pos": 5, "y": 220, "x": 15, "brain_side": "left", "id": 384, "func_id": "2"}, {"name": "lh_parstriangularis", "weight": 0.16666666666666666, "pos": [12, 195], "ts_group_id": 0, "label": "parstriangularis", "input_id": 39, "layer_pos": 4, "y": 195, "x": 12, "brain_side": "left", "id": 311, "func_id": "7"}, {"name": "lh_inferiortemporal", "weight": 0.18181818181818182, "pos": [3, 315], "ts_group_id": 0, "label": "inferiortemporal", "input_id": 63, "layer_pos": 1, "y": 315, "x": 3, "brain_side": "left", "id": 131, "func_id": "5"}, {"name": "lh_middletemporal", "weight": 0.22727272727272727, "pos": [3, 320], "ts_group_id": 0, "label": "middletemporal", "input_id": 64, "layer_pos": 1, "y": 320, "x": 3, "brain_side": "left", "id": 132, "func_id": "7"}, {"name": "lh_bankssts", "weight": 0.3181818181818182, "pos": [3, 325], "ts_group_id": 0, "label": "bankssts", "input_id": 65, "layer_pos": 1, "y": 325, "x": 3, "brain_side": "left", "id": 133, "func_id": "7"}, {"name": "lh_superiortemporal", "weight": 0.18181818181818182, "pos": [3, 330], "ts_group_id": 0, "label": "superiortemporal", "input_id": 66, "layer_pos": 1, "y": 330, "x": 3, "brain_side": "left", "id": 134, "func_id": "2"}, {"name": "lh_insula", "weight": 0.09090909090909091, "pos": [3, 340], "ts_group_id": 0, "label": "insula", "input_id": 68, "layer_pos": 1, "y": 340, "x": 3, "brain_side": "left", "id": 136, "func_id": "4"}, {"name": "lh_parsorbitalis", "weight": 0.8181818181818182, "pos": [6, 180], "ts_group_id": 0, "label": "parsorbitalis", "input_id": 36, "layer_pos": 2, "y": 180, "x": 6, "brain_side": "left", "id": 172, "func_id": "7"}, {"name": "rh_precentral", "weight": 0.12, "pos": [0, 50], "ts_group_id": 0, "label": "precentral", "input_id": 10, "layer_pos": 0, "y": 50, "x": 0, "brain_side": "right", "id": 10, "func_id": "2"}, {"name": "rh_parstriangularis", "weight": 0.09090909090909091, "pos": [6, 25], "ts_group_id": 0, "label": "parstriangularis", "input_id": 5, "layer_pos": 2, "y": 25, "x": 6, "brain_side": "right", "id": 141, "func_id": "4"}, {"name": "rh_fusiform", "weight": 0.1111111111111111, "pos": [15, 125], "ts_group_id": 0, "label": "fusiform", "input_id": 25, "layer_pos": 5, "y": 125, "x": 15, "brain_side": "right", "id": 365, "func_id": "1"}, {"name": "lh_lateralorbitofrontal", "weight": 0.3181818181818182, "pos": [6, 175], "ts_group_id": 0, "label": "lateralorbitofrontal", "input_id": 35, "layer_pos": 2, "y": 175, "x": 6, "brain_side": "left", "id": 171, "func_id": "5"}, {"name": "lh_superiortemporal", "weight": 0.1111111111111111, "pos": [15, 330], "ts_group_id": 0, "label": "superiortemporal", "input_id": 66, "layer_pos": 5, "y": 330, "x": 15, "brain_side": "left", "id": 406, "func_id": "2"}, {"name": "lh_caudalmiddlefrontal", "weight": 0.18181818181818182, "pos": [6, 215], "ts_group_id": 0, "label": "caudalmiddlefrontal", "input_id": 43, "layer_pos": 2, "y": 215, "x": 6, "brain_side": "left", "id": 179, "func_id": "7"}, {"name": "lh_lateralorbitofrontal", "weight": 0.16666666666666666, "pos": [9, 175], "ts_group_id": 0, "label": "lateralorbitofrontal", "input_id": 35, "layer_pos": 3, "y": 175, "x": 9, "brain_side": "left", "id": 239, "func_id": "5"}, {"name": "lh_parsorbitalis", "weight": 0.5555555555555556, "pos": [9, 180], "ts_group_id": 0, "label": "parsorbitalis", "input_id": 36, "layer_pos": 3, "y": 180, "x": 9, "brain_side": "left", "id": 240, "func_id": "7"}, {"name": "rh_precentral", "weight": 0.16666666666666666, "pos": [18, 50], "ts_group_id": 0, "label": "precentral", "input_id": 10, "layer_pos": 6, "y": 50, "x": 18, "brain_side": "right", "id": 418, "func_id": "2"}, {"name": "lh_lateralorbitofrontal", "weight": 0.32, "pos": [0, 175], "ts_group_id": 0, "label": "lateralorbitofrontal", "input_id": 35, "layer_pos": 0, "y": 175, "x": 0, "brain_side": "left", "id": 35, "func_id": "5"}, {"name": "lh_parsorbitalis", "weight": 0.68, "pos": [0, 180], "ts_group_id": 0, "label": "parsorbitalis", "input_id": 36, "layer_pos": 0, "y": 180, "x": 0, "brain_side": "left", "id": 36, "func_id": "7"}, {"name": "lh_parstriangularis", "weight": 0.96, "pos": [0, 195], "ts_group_id": 0, "label": "parstriangularis", "input_id": 39, "layer_pos": 0, "y": 195, "x": 0, "brain_side": "left", "id": 39, "func_id": "7"}, {"name": "lh_parsopercularis", "weight": 0.68, "pos": [0, 200], "ts_group_id": 0, "label": "parsopercularis", "input_id": 40, "layer_pos": 0, "y": 200, "x": 0, "brain_side": "left", "id": 40, "func_id": "4"}, {"name": "lh_rostralmiddlefrontal", "weight": 0.16, "pos": [0, 205], "ts_group_id": 0, "label": "rostralmiddlefrontal", "input_id": 41, "layer_pos": 0, "y": 205, "x": 0, "brain_side": "left", "id": 41, "func_id": "6"}, {"name": "lh_superiorfrontal", "weight": 0.16, "pos": [0, 210], "ts_group_id": 0, "label": "superiorfrontal", "input_id": 42, "layer_pos": 0, "y": 210, "x": 0, "brain_side": "left", "id": 42, "func_id": "7"}, {"name": "lh_caudalmiddlefrontal", "weight": 0.2, "pos": [0, 215], "ts_group_id": 0, "label": "caudalmiddlefrontal", "input_id": 43, "layer_pos": 0, "y": 215, "x": 0, "brain_side": "left", "id": 43, "func_id": "7"}, {"name": "lh_precentral", "weight": 0.2, "pos": [0, 220], "ts_group_id": 0, "label": "precentral", "input_id": 44, "layer_pos": 0, "y": 220, "x": 0, "brain_side": "left", "id": 44, "func_id": "2"}, {"name": "lh_parstriangularis", "weight": 0.9090909090909091, "pos": [6, 195], "ts_group_id": 0, "label": "parstriangularis", "input_id": 39, "layer_pos": 2, "y": 195, "x": 6, "brain_side": "left", "id": 175, "func_id": "7"}, {"name": "lh_parsopercularis", "weight": 0.7727272727272727, "pos": [6, 200], "ts_group_id": 0, "label": "parsopercularis", "input_id": 40, "layer_pos": 2, "y": 200, "x": 6, "brain_side": "left", "id": 176, "func_id": "4"}, {"name": "lh_rostralmiddlefrontal", "weight": 0.22727272727272727, "pos": [6, 205], "ts_group_id": 0, "label": "rostralmiddlefrontal", "input_id": 41, "layer_pos": 2, "y": 205, "x": 6, "brain_side": "left", "id": 177, "func_id": "6"}, {"name": "lh_superiorfrontal", "weight": 0.09090909090909091, "pos": [6, 210], "ts_group_id": 0, "label": "superiorfrontal", "input_id": 42, "layer_pos": 2, "y": 210, "x": 6, "brain_side": "left", "id": 178, "func_id": "7"}, {"name": "lh_supramarginal", "weight": 0.16, "pos": [0, 255], "ts_group_id": 0, "label": "supramarginal", "input_id": 51, "layer_pos": 0, "y": 255, "x": 0, "brain_side": "left", "id": 51, "func_id": "4"}, {"name": "lh_precentral", "weight": 0.09090909090909091, "pos": [6, 220], "ts_group_id": 0, "label": "precentral", "input_id": 44, "layer_pos": 2, "y": 220, "x": 6, "brain_side": "left", "id": 180, "func_id": "2"}, {"name": "lh_bankssts", "weight": 0.18181818181818182, "pos": [6, 325], "ts_group_id": 0, "label": "bankssts", "input_id": 65, "layer_pos": 2, "y": 325, "x": 6, "brain_side": "left", "id": 201, "func_id": "7"}, {"name": "lh_parsopercularis", "weight": 0.25, "pos": [12, 200], "ts_group_id": 0, "label": "parsopercularis", "input_id": 40, "layer_pos": 4, "y": 200, "x": 12, "brain_side": "left", "id": 312, "func_id": "4"}, {"name": "lh_isthmuscingulate", "weight": 0.09090909090909091, "pos": [6, 245], "ts_group_id": 0, "label": "isthmuscingulate", "input_id": 49, "layer_pos": 2, "y": 245, "x": 6, "brain_side": "left", "id": 185, "func_id": "7"}, {"name": "lh_supramarginal", "weight": 0.13636363636363635, "pos": [6, 255], "ts_group_id": 0, "label": "supramarginal", "input_id": 51, "layer_pos": 2, "y": 255, "x": 6, "brain_side": "left", "id": 187, "func_id": "4"}, {"name": "lh_precentral", "weight": 0.16666666666666666, "pos": [12, 220], "ts_group_id": 0, "label": "precentral", "input_id": 44, "layer_pos": 4, "y": 220, "x": 12, "brain_side": "left", "id": 316, "func_id": "2"}, {"name": "lh_inferiorparietal", "weight": 0.09090909090909091, "pos": [6, 265], "ts_group_id": 0, "label": "inferiorparietal", "input_id": 53, "layer_pos": 2, "y": 265, "x": 6, "brain_side": "left", "id": 189, "func_id": "7"}, {"name": "lh_inferiortemporal", "weight": 0.12, "pos": [0, 315], "ts_group_id": 0, "label": "inferiortemporal", "input_id": 63, "layer_pos": 0, "y": 315, "x": 0, "brain_side": "left", "id": 63, "func_id": "5"}, {"name": "lh_parsorbitalis", "weight": 0.16666666666666666, "pos": [12, 180], "ts_group_id": 0, "label": "parsorbitalis", "input_id": 36, "layer_pos": 4, "y": 180, "x": 12, "brain_side": "left", "id": 308, "func_id": "7"}, {"name": "lh_inferiortemporal", "weight": 0.22727272727272727, "pos": [6, 315], "ts_group_id": 0, "label": "inferiortemporal", "input_id": 63, "layer_pos": 2, "y": 315, "x": 6, "brain_side": "left", "id": 199, "func_id": "5"}, {"name": "lh_middletemporal", "weight": 0.13636363636363635, "pos": [6, 320], "ts_group_id": 0, "label": "middletemporal", "input_id": 64, "layer_pos": 2, "y": 320, "x": 6, "brain_side": "left", "id": 200, "func_id": "7"}, {"name": "rh_parstriangularis", "weight": 0.09090909090909091, "pos": [3, 25], "ts_group_id": 0, "label": "parstriangularis", "input_id": 5, "layer_pos": 1, "y": 25, "x": 3, "brain_side": "right", "id": 73, "func_id": "4"}, {"name": "lh_superiortemporal", "weight": 0.13636363636363635, "pos": [6, 330], "ts_group_id": 0, "label": "superiortemporal", "input_id": 66, "layer_pos": 2, "y": 330, "x": 6, "brain_side": "left", "id": 202, "func_id": "2"}, {"name": "lh_caudalmiddlefrontal", "weight": 0.1111111111111111, "pos": [9, 215], "ts_group_id": 0, "label": "caudalmiddlefrontal", "input_id": 43, "layer_pos": 3, "y": 215, "x": 9, "brain_side": "left", "id": 247, "func_id": "7"}, {"name": "rh_lateraloccipital", "weight": 0.3333333333333333, "pos": [21, 115], "ts_group_id": 0, "label": "lateraloccipital", "input_id": 23, "layer_pos": 7, "y": 115, "x": 21, "brain_side": "right", "id": 499, "func_id": "1"}, {"name": "rh_lateraloccipital", "weight": 0.1111111111111111, "pos": [15, 115], "ts_group_id": 0, "label": "lateraloccipital", "input_id": 23, "layer_pos": 5, "y": 115, "x": 15, "brain_side": "right", "id": 363, "func_id": "1"}, {"name": "lh_parsorbitalis", "weight": 0.1111111111111111, "pos": [15, 180], "ts_group_id": 0, "label": "parsorbitalis", "input_id": 36, "layer_pos": 5, "y": 180, "x": 15, "brain_side": "left", "id": 376, "func_id": "7"}, {"name": "lh_temporalpole", "weight": 0.16666666666666666, "pos": [18, 310], "ts_group_id": 0, "label": "temporalpole", "input_id": 62, "layer_pos": 6, "y": 310, "x": 18, "brain_side": "left", "id": 470, "func_id": "5"}, {"name": "rh_superiorparietal", "weight": 0.3333333333333333, "pos": [21, 90], "ts_group_id": 0, "label": "superiorparietal", "input_id": 18, "layer_pos": 7, "y": 90, "x": 21, "brain_side": "right", "id": 494, "func_id": "3"}, {"name": "rh_superiorparietal", "weight": 0.16666666666666666, "pos": [18, 90], "ts_group_id": 0, "label": "superiorparietal", "input_id": 18, "layer_pos": 6, "y": 90, "x": 18, "brain_side": "right", "id": 426, "func_id": "3"}, {"name": "lh_superiortemporal", "weight": 0.16666666666666666, "pos": [18, 330], "ts_group_id": 0, "label": "superiortemporal", "input_id": 66, "layer_pos": 6, "y": 330, "x": 18, "brain_side": "left", "id": 474, "func_id": "2"}, {"name": "rh_precentral", "weight": 0.1111111111111111, "pos": [15, 50], "ts_group_id": 0, "label": "precentral", "input_id": 10, "layer_pos": 5, "y": 50, "x": 15, "brain_side": "right", "id": 350, "func_id": "2"}, {"name": "rh_paracentral", "weight": 0.1111111111111111, "pos": [15, 55], "ts_group_id": 0, "label": "paracentral", "input_id": 11, "layer_pos": 5, "y": 55, "x": 15, "brain_side": "right", "id": 351, "func_id": "2"}, {"name": "rh_precentral", "weight": 0.3333333333333333, "pos": [21, 50], "ts_group_id": 0, "label": "precentral", "input_id": 10, "layer_pos": 7, "y": 50, "x": 21, "brain_side": "right", "id": 486, "func_id": "2"}, {"name": "lh_lateralorbitofrontal", "weight": 0.36363636363636365, "pos": [3, 175], "ts_group_id": 0, "label": "lateralorbitofrontal", "input_id": 35, "layer_pos": 1, "y": 175, "x": 3, "brain_side": "left", "id": 103, "func_id": "5"}, {"name": "lh_parsorbitalis", "weight": 1.0909090909090908, "pos": [3, 180], "ts_group_id": 0, "label": "parsorbitalis", "input_id": 36, "layer_pos": 1, "y": 180, "x": 3, "brain_side": "left", "id": 104, "func_id": "7"}, {"name": "rh_lateraloccipital", "weight": 0.16666666666666666, "pos": [18, 115], "ts_group_id": 0, "label": "lateraloccipital", "input_id": 23, "layer_pos": 6, "y": 115, "x": 18, "brain_side": "right", "id": 431, "func_id": "1"}, {"name": "lh_parstriangularis", "weight": 1.2272727272727273, "pos": [3, 195], "ts_group_id": 0, "label": "parstriangularis", "input_id": 39, "layer_pos": 1, "y": 195, "x": 3, "brain_side": "left", "id": 107, "func_id": "7"}, {"name": "lh_parsopercularis", "weight": 1.0, "pos": [3, 200], "ts_group_id": 0, "label": "parsopercularis", "input_id": 40, "layer_pos": 1, "y": 200, "x": 3, "brain_side": "left", "id": 108, "func_id": "4"}, {"name": "lh_rostralmiddlefrontal", "weight": 0.3181818181818182, "pos": [3, 205], "ts_group_id": 0, "label": "rostralmiddlefrontal", "input_id": 41, "layer_pos": 1, "y": 205, "x": 3, "brain_side": "left", "id": 109, "func_id": "6"}, {"name": "lh_superiorfrontal", "weight": 0.13636363636363635, "pos": [3, 210], "ts_group_id": 0, "label": "superiorfrontal", "input_id": 42, "layer_pos": 1, "y": 210, "x": 3, "brain_side": "left", "id": 110, "func_id": "7"}, {"name": "lh_caudalmiddlefrontal", "weight": 0.18181818181818182, "pos": [3, 215], "ts_group_id": 0, "label": "caudalmiddlefrontal", "input_id": 43, "layer_pos": 1, "y": 215, "x": 3, "brain_side": "left", "id": 111, "func_id": "7"}, {"name": "lh_precentral", "weight": 0.13636363636363635, "pos": [3, 220], "ts_group_id": 0, "label": "precentral", "input_id": 44, "layer_pos": 1, "y": 220, "x": 3, "brain_side": "left", "id": 112, "func_id": "2"}, {"name": "lh_parstriangularis", "weight": 0.6111111111111112, "pos": [9, 195], "ts_group_id": 0, "label": "parstriangularis", "input_id": 39, "layer_pos": 3, "y": 195, "x": 9, "brain_side": "left", "id": 243, "func_id": "7"}, {"name": "lh_parsopercularis", "weight": 0.5555555555555556, "pos": [9, 200], "ts_group_id": 0, "label": "parsopercularis", "input_id": 40, "layer_pos": 3, "y": 200, "x": 9, "brain_side": "left", "id": 244, "func_id": "4"}, {"name": "lh_parstriangularis", "weight": 0.16666666666666666, "pos": [18, 195], "ts_group_id": 0, "label": "parstriangularis", "input_id": 39, "layer_pos": 6, "y": 195, "x": 18, "brain_side": "left", "id": 447, "func_id": "7"}, {"name": "lh_superiorfrontal", "weight": 0.1111111111111111, "pos": [9, 210], "ts_group_id": 0, "label": "superiorfrontal", "input_id": 42, "layer_pos": 3, "y": 210, "x": 9, "brain_side": "left", "id": 246, "func_id": "7"}, {"name": "lh_supramarginal", "weight": 0.13636363636363635, "pos": [3, 255], "ts_group_id": 0, "label": "supramarginal", "input_id": 51, "layer_pos": 1, "y": 255, "x": 3, "brain_side": "left", "id": 119, "func_id": "4"}, {"name": "lh_precentral", "weight": 0.1111111111111111, "pos": [9, 220], "ts_group_id": 0, "label": "precentral", "input_id": 44, "layer_pos": 3, "y": 220, "x": 9, "brain_side": "left", "id": 248, "func_id": "2"}, {"name": "lh_inferiorparietal", "weight": 0.18181818181818182, "pos": [3, 265], "ts_group_id": 0, "label": "inferiorparietal", "input_id": 53, "layer_pos": 1, "y": 265, "x": 3, "brain_side": "left", "id": 121, "func_id": "7"}, {"name": "lh_parstriangularis", "weight": 0.2222222222222222, "pos": [15, 195], "ts_group_id": 0, "label": "parstriangularis", "input_id": 39, "layer_pos": 5, "y": 195, "x": 15, "brain_side": "left", "id": 379, "func_id": "7"}, {"name": "lh_parsopercularis", "weight": 0.1111111111111111, "pos": [15, 200], "ts_group_id": 0, "label": "parsopercularis", "input_id": 40, "layer_pos": 5, "y": 200, "x": 15, "brain_side": "left", "id": 380, "func_id": "4"}, {"name": "lh_isthmuscingulate", "weight": 0.1111111111111111, "pos": [9, 245], "ts_group_id": 0, "label": "isthmuscingulate", "input_id": 49, "layer_pos": 3, "y": 245, "x": 9, "brain_side": "left", "id": 253, "func_id": "7"}, {"name": "lh_supramarginal", "weight": 0.16666666666666666, "pos": [9, 255], "ts_group_id": 0, "label": "supramarginal", "input_id": 51, "layer_pos": 3, "y": 255, "x": 9, "brain_side": "left", "id": 255, "func_id": "4"}], "links": [{"source": 0, "target": 32}, {"source": 0, "target": 16}, {"source": 0, "target": 35}, {"source": 0, "target": 50}, {"source": 1, "target": 14}, {"source": 1, "target": 15}, {"source": 1, "target": 63}, {"source": 1, "target": 64}, {"source": 1, "target": 66}, {"source": 1, "target": 46}, {"source": 1, "target": 70}, {"source": 1, "target": 71}, {"source": 2, "target": 13}, {"source": 2, "target": 39}, {"source": 2, "target": 20}, {"source": 2, "target": 21}, {"source": 2, "target": 42}, {"source": 2, "target": 23}, {"source": 2, "target": 24}, {"source": 2, "target": 26}, {"source": 2, "target": 27}, {"source": 2, "target": 29}, {"source": 2, "target": 30}, {"source": 2, "target": 34}, {"source": 2, "target": 40}, {"source": 2, "target": 36}, {"source": 2, "target": 37}, {"source": 3, "target": 17}, {"source": 3, "target": 13}, {"source": 3, "target": 39}, {"source": 3, "target": 20}, {"source": 3, "target": 31}, {"source": 3, "target": 42}, {"source": 3, "target": 23}, {"source": 3, "target": 24}, {"source": 3, "target": 26}, {"source": 3, "target": 40}, {"source": 3, "target": 29}, {"source": 3, "target": 30}, {"source": 3, "target": 11}, {"source": 3, "target": 34}, {"source": 3, "target": 36}, {"source": 3, "target": 37}, {"source": 4, "target": 20}, {"source": 4, "target": 31}, {"source": 4, "target": 42}, {"source": 4, "target": 24}, {"source": 4, "target": 26}, {"source": 4, "target": 40}, {"source": 4, "target": 29}, {"source": 4, "target": 30}, {"source": 4, "target": 34}, {"source": 4, "target": 36}, {"source": 5, "target": 17}, {"source": 5, "target": 39}, {"source": 5, "target": 20}, {"source": 5, "target": 31}, {"source": 5, "target": 42}, {"source": 5, "target": 11}, {"source": 5, "target": 24}, {"source": 5, "target": 26}, {"source": 5, "target": 40}, {"source": 5, "target": 29}, {"source": 5, "target": 30}, {"source": 5, "target": 34}, {"source": 5, "target": 36}, {"source": 5, "target": 37}, {"source": 6, "target": 7}, {"source": 6, "target": 17}, {"source": 6, "target": 18}, {"source": 6, "target": 19}, {"source": 6, "target": 20}, {"source": 6, "target": 21}, {"source": 6, "target": 22}, {"source": 6, "target": 11}, {"source": 6, "target": 24}, {"source": 6, "target": 25}, {"source": 6, "target": 26}, {"source": 6, "target": 27}, {"source": 6, "target": 28}, {"source": 6, "target": 29}, {"source": 6, "target": 30}, {"source": 6, "target": 42}, {"source": 6, "target": 34}, {"source": 6, "target": 40}, {"source": 6, "target": 36}, {"source": 6, "target": 39}, {"source": 6, "target": 37}, {"source": 7, "target": 54}, {"source": 7, "target": 55}, {"source": 7, "target": 57}, {"source": 7, "target": 59}, {"source": 7, "target": 14}, {"source": 7, "target": 15}, {"source": 7, "target": 63}, {"source": 8, "target": 62}, {"source": 8, "target": 41}, {"source": 8, "target": 60}, {"source": 9, "target": 41}, {"source": 10, "target": 49}, {"source": 10, "target": 56}, {"source": 11, "target": 54}, {"source": 11, "target": 55}, {"source": 11, "target": 57}, {"source": 11, "target": 59}, {"source": 11, "target": 14}, {"source": 11, "target": 15}, {"source": 11, "target": 63}, {"source": 12, "target": 32}, {"source": 12, "target": 50}, {"source": 12, "target": 35}, {"source": 12, "target": 47}, {"source": 13, "target": 58}, {"source": 13, "target": 59}, {"source": 13, "target": 60}, {"source": 13, "target": 61}, {"source": 13, "target": 62}, {"source": 13, "target": 64}, {"source": 13, "target": 66}, {"source": 13, "target": 43}, {"source": 13, "target": 68}, {"source": 13, "target": 69}, {"source": 14, "target": 40}, {"source": 14, "target": 42}, {"source": 14, "target": 25}, {"source": 14, "target": 27}, {"source": 14, "target": 38}, {"source": 15, "target": 25}, {"source": 15, "target": 27}, {"source": 15, "target": 38}, {"source": 16, "target": 48}, {"source": 16, "target": 53}, {"source": 16, "target": 51}, {"source": 16, "target": 52}, {"source": 17, "target": 54}, {"source": 17, "target": 55}, {"source": 17, "target": 57}, {"source": 17, "target": 59}, {"source": 18, "target": 55}, {"source": 18, "target": 57}, {"source": 18, "target": 59}, {"source": 18, "target": 54}, {"source": 19, "target": 54}, {"source": 19, "target": 55}, {"source": 19, "target": 57}, {"source": 19, "target": 58}, {"source": 19, "target": 59}, {"source": 19, "target": 60}, {"source": 20, "target": 57}, {"source": 20, "target": 58}, {"source": 20, "target": 59}, {"source": 20, "target": 60}, {"source": 20, "target": 61}, {"source": 20, "target": 62}, {"source": 20, "target": 67}, {"source": 21, "target": 54}, {"source": 21, "target": 55}, {"source": 21, "target": 57}, {"source": 21, "target": 58}, {"source": 21, "target": 59}, {"source": 21, "target": 60}, {"source": 21, "target": 61}, {"source": 21, "target": 62}, {"source": 22, "target": 57}, {"source": 22, "target": 58}, {"source": 22, "target": 59}, {"source": 22, "target": 60}, {"source": 22, "target": 61}, {"source": 22, "target": 62}, {"source": 23, "target": 58}, {"source": 23, "target": 59}, {"source": 23, "target": 60}, {"source": 23, "target": 61}, {"source": 23, "target": 62}, {"source": 23, "target": 69}, {"source": 24, "target": 58}, {"source": 24, "target": 59}, {"source": 24, "target": 60}, {"source": 24, "target": 61}, {"source": 24, "target": 62}, {"source": 24, "target": 67}, {"source": 24, "target": 69}, {"source": 25, "target": 54}, {"source": 25, "target": 55}, {"source": 25, "target": 57}, {"source": 25, "target": 58}, {"source": 25, "target": 59}, {"source": 25, "target": 60}, {"source": 25, "target": 63}, {"source": 25, "target": 64}, {"source": 25, "target": 66}, {"source": 26, "target": 57}, {"source": 26, "target": 58}, {"source": 26, "target": 59}, {"source": 26, "target": 60}, {"source": 26, "target": 61}, {"source": 26, "target": 62}, {"source": 26, "target": 63}, {"source": 26, "target": 64}, {"source": 26, "target": 66}, {"source": 26, "target": 67}, {"source": 26, "target": 68}, {"source": 26, "target": 73}, {"source": 26, "target": 43}, {"source": 27, "target": 54}, {"source": 27, "target": 55}, {"source": 27, "target": 57}, {"source": 27, "target": 58}, {"source": 27, "target": 59}, {"source": 27, "target": 60}, {"source": 27, "target": 61}, {"source": 27, "target": 62}, {"source": 27, "target": 63}, {"source": 27, "target": 64}, {"source": 27, "target": 66}, {"source": 27, "target": 43}, {"source": 27, "target": 68}, {"source": 28, "target": 57}, {"source": 28, "target": 58}, {"source": 28, "target": 59}, {"source": 28, "target": 60}, {"source": 28, "target": 61}, {"source": 28, "target": 62}, {"source": 28, "target": 63}, {"source": 28, "target": 64}, {"source": 28, "target": 66}, {"source": 28, "target": 43}, {"source": 28, "target": 68}, {"source": 28, "target": 72}, {"source": 29, "target": 58}, {"source": 29, "target": 62}, {"source": 29, "target": 67}, {"source": 29, "target": 69}, {"source": 30, "target": 43}, {"source": 30, "target": 58}, {"source": 30, "target": 59}, {"source": 30, "target": 60}, {"source": 30, "target": 61}, {"source": 30, "target": 62}, {"source": 30, "target": 64}, {"source": 30, "target": 66}, {"source": 30, "target": 67}, {"source": 30, "target": 68}, {"source": 30, "target": 69}, {"source": 30, "target": 73}, {"source": 31, "target": 58}, {"source": 31, "target": 62}, {"source": 31, "target": 64}, {"source": 31, "target": 67}, {"source": 31, "target": 68}, {"source": 31, "target": 69}, {"source": 31, "target": 73}, {"source": 32, "target": 63}, {"source": 32, "target": 64}, {"source": 32, "target": 66}, {"source": 32, "target": 43}, {"source": 32, "target": 68}, {"source": 32, "target": 70}, {"source": 32, "target": 71}, {"source": 32, "target": 73}, {"source": 33, "target": 66}, {"source": 33, "target": 60}, {"source": 33, "target": 72}, {"source": 34, "target": 58}, {"source": 34, "target": 62}, {"source": 34, "target": 64}, {"source": 34, "target": 67}, {"source": 34, "target": 68}, {"source": 34, "target": 69}, {"source": 34, "target": 73}, {"source": 35, "target": 64}, {"source": 35, "target": 66}, {"source": 35, "target": 43}, {"source": 35, "target": 68}, {"source": 35, "target": 52}, {"source": 35, "target": 71}, {"source": 35, "target": 51}, {"source": 35, "target": 73}, {"source": 36, "target": 43}, {"source": 36, "target": 61}, {"source": 36, "target": 62}, {"source": 36, "target": 67}, {"source": 36, "target": 68}, {"source": 36, "target": 69}, {"source": 36, "target": 73}, {"source": 37, "target": 58}, {"source": 37, "target": 59}, {"source": 37, "target": 61}, {"source": 37, "target": 62}, {"source": 37, "target": 67}, {"source": 37, "target": 69}, {"source": 38, "target": 46}, {"source": 38, "target": 63}, {"source": 38, "target": 70}, {"source": 39, "target": 43}, {"source": 39, "target": 58}, {"source": 39, "target": 59}, {"source": 39, "target": 61}, {"source": 39, "target": 62}, {"source": 39, "target": 64}, {"source": 39, "target": 67}, {"source": 39, "target": 68}, {"source": 39, "target": 69}, {"source": 39, "target": 73}, {"source": 40, "target": 54}, {"source": 40, "target": 43}, {"source": 40, "target": 58}, {"source": 40, "target": 61}, {"source": 40, "target": 62}, {"source": 40, "target": 64}, {"source": 40, "target": 67}, {"source": 40, "target": 68}, {"source": 40, "target": 69}, {"source": 40, "target": 73}, {"source": 42, "target": 54}, {"source": 42, "target": 58}, {"source": 42, "target": 62}, {"source": 42, "target": 64}, {"source": 42, "target": 67}, {"source": 42, "target": 68}, {"source": 42, "target": 69}, {"source": 42, "target": 73}, {"source": 44, "target": 49}, {"source": 44, "target": 56}, {"source": 45, "target": 49}, {"source": 45, "target": 56}, {"source": 46, "target": 65}, {"source": 48, "target": 49}, {"source": 48, "target": 56}, {"source": 49, "target": 53}, {"source": 49, "target": 51}, {"source": 49, "target": 52}, {"source": 50, "target": 71}, {"source": 65, "target": 70}, {"source": 65, "target": 71}], "multigraph": false}