{"directed": false, "graph": [], "nodes": [{"name": "lh_rostralanteriorcingulate", "weight": 0.1111111111111111, "pos": [15, 230], "ts_group_id": 0, "label": "rostralanteriorcingulate", "input_id": 46, "layer_pos": 5, "y": 230, "x": 15, "brain_side": "left", "id": 386, "func_id": "7"}, {"name": "rh_parsopercularis", "weight": 0.125, "pos": [0, 30], "ts_group_id": 0, "label": "parsopercularis", "input_id": 6, "layer_pos": 0, "y": 30, "x": 0, "brain_side": "right", "id": 6, "func_id": "4"}, {"name": "rh_rostralmiddlefrontal", "weight": 0.4583333333333333, "pos": [0, 35], "ts_group_id": 0, "label": "rostralmiddlefrontal", "input_id": 7, "layer_pos": 0, "y": 35, "x": 0, "brain_side": "right", "id": 7, "func_id": "6"}, {"name": "rh_superiorfrontal", "weight": 0.125, "pos": [0, 40], "ts_group_id": 0, "label": "superiorfrontal", "input_id": 8, "layer_pos": 0, "y": 40, "x": 0, "brain_side": "right", "id": 8, "func_id": "7"}, {"name": "rh_caudalmiddlefrontal", "weight": 0.75, "pos": [0, 45], "ts_group_id": 0, "label": "caudalmiddlefrontal", "input_id": 9, "layer_pos": 0, "y": 45, "x": 0, "brain_side": "right", "id": 9, "func_id": "6"}, {"name": "rh_rostralmiddlefrontal", "weight": 0.3333333333333333, "pos": [6, 35], "ts_group_id": 0, "label": "rostralmiddlefrontal", "input_id": 7, "layer_pos": 2, "y": 35, "x": 6, "brain_side": "right", "id": 143, "func_id": "6"}, {"name": "rh_caudalmiddlefrontal", "weight": 0.9523809523809523, "pos": [6, 45], "ts_group_id": 0, "label": "caudalmiddlefrontal", "input_id": 9, "layer_pos": 2, "y": 45, "x": 6, "brain_side": "right", "id": 145, "func_id": "6"}, {"name": "rh_inferiorparietal", "weight": 0.7916666666666666, "pos": [0, 95], "ts_group_id": 0, "label": "inferiorparietal", "input_id": 19, "layer_pos": 0, "y": 95, "x": 0, "brain_side": "right", "id": 19, "func_id": "7"}, {"name": "rh_rostralanteriorcingulate", "weight": 0.09523809523809523, "pos": [6, 60], "ts_group_id": 0, "label": "rostralanteriorcingulate", "input_id": 12, "layer_pos": 2, "y": 60, "x": 6, "brain_side": "right", "id": 148, "func_id": "7"}, {"name": "rh_rostralmiddlefrontal", "weight": 0.15384615384615385, "pos": [12, 35], "ts_group_id": 0, "label": "rostralmiddlefrontal", "input_id": 7, "layer_pos": 4, "y": 35, "x": 12, "brain_side": "right", "id": 279, "func_id": "6"}, {"name": "rh_superiorfrontal", "weight": 0.23076923076923078, "pos": [12, 40], "ts_group_id": 0, "label": "superiorfrontal", "input_id": 8, "layer_pos": 4, "y": 40, "x": 12, "brain_side": "right", "id": 280, "func_id": "7"}, {"name": "rh_caudalmiddlefrontal", "weight": 0.3076923076923077, "pos": [12, 45], "ts_group_id": 0, "label": "caudalmiddlefrontal", "input_id": 9, "layer_pos": 4, "y": 45, "x": 12, "brain_side": "right", "id": 281, "func_id": "6"}, {"name": "rh_inferiorparietal", "weight": 0.8571428571428571, "pos": [6, 95], "ts_group_id": 0, "label": "inferiorparietal", "input_id": 19, "layer_pos": 2, "y": 95, "x": 6, "brain_side": "right", "id": 155, "func_id": "7"}, {"name": "rh_middletemporal", "weight": 0.25, "pos": [0, 150], "ts_group_id": 0, "label": "middletemporal", "input_id": 30, "layer_pos": 0, "y": 150, "x": 0, "brain_side": "right", "id": 30, "func_id": "7"}, {"name": "rh_superiorfrontal", "weight": 1.0, "pos": [18, 40], "ts_group_id": 0, "label": "superiorfrontal", "input_id": 8, "layer_pos": 6, "y": 40, "x": 18, "brain_side": "right", "id": 416, "func_id": "7"}, {"name": "rh_inferiorparietal", "weight": 0.23076923076923078, "pos": [12, 95], "ts_group_id": 0, "label": "inferiorparietal", "input_id": 19, "layer_pos": 4, "y": 95, "x": 12, "brain_side": "right", "id": 291, "func_id": "7"}, {"name": "rh_middletemporal", "weight": 0.3333333333333333, "pos": [6, 150], "ts_group_id": 0, "label": "middletemporal", "input_id": 30, "layer_pos": 2, "y": 150, "x": 6, "brain_side": "right", "id": 166, "func_id": "7"}, {"name": "lh_rostralmiddlefrontal", "weight": 0.125, "pos": [0, 205], "ts_group_id": 0, "label": "rostralmiddlefrontal", "input_id": 41, "layer_pos": 0, "y": 205, "x": 0, "brain_side": "left", "id": 41, "func_id": "6"}, {"name": "lh_caudalmiddlefrontal", "weight": 0.25, "pos": [0, 215], "ts_group_id": 0, "label": "caudalmiddlefrontal", "input_id": 43, "layer_pos": 0, "y": 215, "x": 0, "brain_side": "left", "id": 43, "func_id": "7"}, {"name": "lh_rostralmiddlefrontal", "weight": 0.09523809523809523, "pos": [6, 205], "ts_group_id": 0, "label": "rostralmiddlefrontal", "input_id": 41, "layer_pos": 2, "y": 205, "x": 6, "brain_side": "left", "id": 177, "func_id": "6"}, {"name": "lh_caudalmiddlefrontal", "weight": 0.09523809523809523, "pos": [6, 215], "ts_group_id": 0, "label": "caudalmiddlefrontal", "input_id": 43, "layer_pos": 2, "y": 215, "x": 6, "brain_side": "left", "id": 179, "func_id": "7"}, {"name": "lh_inferiorparietal", "weight": 0.125, "pos": [0, 265], "ts_group_id": 0, "label": "inferiorparietal", "input_id": 53, "layer_pos": 0, "y": 265, "x": 0, "brain_side": "left", "id": 53, "func_id": "7"}, {"name": "rh_rostralmiddlefrontal", "weight": 0.34615384615384615, "pos": [3, 35], "ts_group_id": 0, "label": "rostralmiddlefrontal", "input_id": 7, "layer_pos": 1, "y": 35, "x": 3, "brain_side": "right", "id": 75, "func_id": "6"}, {"name": "rh_caudalmiddlefrontal", "weight": 1.0, "pos": [3, 45], "ts_group_id": 0, "label": "caudalmiddlefrontal", "input_id": 9, "layer_pos": 1, "y": 45, "x": 3, "brain_side": "right", "id": 77, "func_id": "6"}, {"name": "rh_rostralmiddlefrontal", "weight": 0.23076923076923078, "pos": [9, 35], "ts_group_id": 0, "label": "rostralmiddlefrontal", "input_id": 7, "layer_pos": 3, "y": 35, "x": 9, "brain_side": "right", "id": 211, "func_id": "6"}, {"name": "rh_postcentral", "weight": 0.11538461538461539, "pos": [3, 80], "ts_group_id": 0, "label": "postcentral", "input_id": 16, "layer_pos": 1, "y": 80, "x": 3, "brain_side": "right", "id": 84, "func_id": "2"}, {"name": "rh_supramarginal", "weight": 0.11538461538461539, "pos": [3, 85], "ts_group_id": 0, "label": "supramarginal", "input_id": 17, "layer_pos": 1, "y": 85, "x": 3, "brain_side": "right", "id": 85, "func_id": "4"}, {"name": "rh_inferiorparietal", "weight": 0.8461538461538461, "pos": [3, 95], "ts_group_id": 0, "label": "inferiorparietal", "input_id": 19, "layer_pos": 1, "y": 95, "x": 3, "brain_side": "right", "id": 87, "func_id": "7"}, {"name": "rh_parsopercularis", "weight": 0.2222222222222222, "pos": [15, 30], "ts_group_id": 0, "label": "parsopercularis", "input_id": 6, "layer_pos": 5, "y": 30, "x": 15, "brain_side": "right", "id": 346, "func_id": "4"}, {"name": "rh_rostralmiddlefrontal", "weight": 0.1111111111111111, "pos": [15, 35], "ts_group_id": 0, "label": "rostralmiddlefrontal", "input_id": 7, "layer_pos": 5, "y": 35, "x": 15, "brain_side": "right", "id": 347, "func_id": "6"}, {"name": "rh_superiorfrontal", "weight": 0.2222222222222222, "pos": [15, 40], "ts_group_id": 0, "label": "superiorfrontal", "input_id": 8, "layer_pos": 5, "y": 40, "x": 15, "brain_side": "right", "id": 348, "func_id": "7"}, {"name": "rh_caudalmiddlefrontal", "weight": 0.2222222222222222, "pos": [15, 45], "ts_group_id": 0, "label": "caudalmiddlefrontal", "input_id": 9, "layer_pos": 5, "y": 45, "x": 15, "brain_side": "right", "id": 349, "func_id": "6"}, {"name": "rh_inferiorparietal", "weight": 0.6153846153846154, "pos": [9, 95], "ts_group_id": 0, "label": "inferiorparietal", "input_id": 19, "layer_pos": 3, "y": 95, "x": 9, "brain_side": "right", "id": 223, "func_id": "7"}, {"name": "rh_middletemporal", "weight": 0.15384615384615385, "pos": [3, 150], "ts_group_id": 0, "label": "middletemporal", "input_id": 30, "layer_pos": 1, "y": 150, "x": 3, "brain_side": "right", "id": 98, "func_id": "7"}, {"name": "rh_superiorparietal", "weight": 0.1111111111111111, "pos": [15, 90], "ts_group_id": 0, "label": "superiorparietal", "input_id": 18, "layer_pos": 5, "y": 90, "x": 15, "brain_side": "right", "id": 358, "func_id": "3"}, {"name": "rh_inferiorparietal", "weight": 0.1111111111111111, "pos": [15, 95], "ts_group_id": 0, "label": "inferiorparietal", "input_id": 19, "layer_pos": 5, "y": 95, "x": 15, "brain_side": "right", "id": 359, "func_id": "7"}, {"name": "lh_caudalmiddlefrontal", "weight": 0.19230769230769232, "pos": [3, 215], "ts_group_id": 0, "label": "caudalmiddlefrontal", "input_id": 43, "layer_pos": 1, "y": 215, "x": 3, "brain_side": "left", "id": 111, "func_id": "7"}, {"name": "rh_superiorfrontal", "weight": 0.15384615384615385, "pos": [9, 40], "ts_group_id": 0, "label": "superiorfrontal", "input_id": 8, "layer_pos": 3, "y": 40, "x": 9, "brain_side": "right", "id": 212, "func_id": "7"}, {"name": "lh_medialorbitofrontal", "weight": 0.1111111111111111, "pos": [15, 190], "ts_group_id": 0, "label": "medialorbitofrontal", "input_id": 38, "layer_pos": 5, "y": 190, "x": 15, "brain_side": "left", "id": 378, "func_id": "5"}, {"name": "rh_caudalmiddlefrontal", "weight": 0.5384615384615384, "pos": [9, 45], "ts_group_id": 0, "label": "caudalmiddlefrontal", "input_id": 9, "layer_pos": 3, "y": 45, "x": 9, "brain_side": "right", "id": 213, "func_id": "6"}], "links": [{"source": 0, "target": 10}, {"source": 0, "target": 14}, {"source": 1, "target": 33}, {"source": 1, "target": 27}, {"source": 1, "target": 22}, {"source": 1, "target": 23}, {"source": 1, "target": 26}, {"source": 2, "target": 33}, {"source": 2, "target": 22}, {"source": 2, "target": 23}, {"source": 2, "target": 27}, {"source": 3, "target": 22}, {"source": 3, "target": 23}, {"source": 3, "target": 36}, {"source": 4, "target": 36}, {"source": 4, "target": 33}, {"source": 4, "target": 22}, {"source": 4, "target": 23}, {"source": 4, "target": 27}, {"source": 5, "target": 33}, {"source": 5, "target": 22}, {"source": 5, "target": 23}, {"source": 5, "target": 24}, {"source": 5, "target": 37}, {"source": 5, "target": 39}, {"source": 5, "target": 27}, {"source": 5, "target": 32}, {"source": 6, "target": 33}, {"source": 6, "target": 22}, {"source": 6, "target": 23}, {"source": 6, "target": 36}, {"source": 6, "target": 24}, {"source": 6, "target": 37}, {"source": 6, "target": 39}, {"source": 6, "target": 27}, {"source": 6, "target": 32}, {"source": 7, "target": 33}, {"source": 7, "target": 22}, {"source": 7, "target": 23}, {"source": 7, "target": 25}, {"source": 7, "target": 26}, {"source": 7, "target": 27}, {"source": 8, "target": 37}, {"source": 9, "target": 35}, {"source": 9, "target": 24}, {"source": 9, "target": 37}, {"source": 9, "target": 39}, {"source": 9, "target": 28}, {"source": 9, "target": 29}, {"source": 9, "target": 30}, {"source": 9, "target": 31}, {"source": 9, "target": 32}, {"source": 10, "target": 38}, {"source": 10, "target": 24}, {"source": 10, "target": 37}, {"source": 10, "target": 39}, {"source": 10, "target": 28}, {"source": 10, "target": 29}, {"source": 10, "target": 30}, {"source": 10, "target": 31}, {"source": 11, "target": 34}, {"source": 11, "target": 35}, {"source": 11, "target": 24}, {"source": 11, "target": 37}, {"source": 11, "target": 39}, {"source": 11, "target": 28}, {"source": 11, "target": 29}, {"source": 11, "target": 30}, {"source": 11, "target": 31}, {"source": 11, "target": 32}, {"source": 12, "target": 33}, {"source": 12, "target": 22}, {"source": 12, "target": 23}, {"source": 12, "target": 24}, {"source": 12, "target": 25}, {"source": 12, "target": 26}, {"source": 12, "target": 27}, {"source": 12, "target": 32}, {"source": 12, "target": 39}, {"source": 13, "target": 33}, {"source": 13, "target": 27}, {"source": 13, "target": 22}, {"source": 13, "target": 23}, {"source": 13, "target": 26}, {"source": 14, "target": 31}, {"source": 14, "target": 38}, {"source": 14, "target": 29}, {"source": 14, "target": 30}, {"source": 14, "target": 28}, {"source": 15, "target": 34}, {"source": 15, "target": 35}, {"source": 15, "target": 24}, {"source": 15, "target": 39}, {"source": 15, "target": 28}, {"source": 15, "target": 29}, {"source": 15, "target": 31}, {"source": 15, "target": 32}, {"source": 16, "target": 33}, {"source": 16, "target": 22}, {"source": 16, "target": 23}, {"source": 16, "target": 24}, {"source": 16, "target": 26}, {"source": 16, "target": 27}, {"source": 16, "target": 32}, {"source": 16, "target": 39}, {"source": 17, "target": 22}, {"source": 17, "target": 36}, {"source": 18, "target": 23}, {"source": 18, "target": 36}, {"source": 19, "target": 22}, {"source": 19, "target": 37}, {"source": 19, "target": 24}, {"source": 19, "target": 36}, {"source": 20, "target": 39}, {"source": 20, "target": 37}, {"source": 20, "target": 23}, {"source": 20, "target": 36}, {"source": 21, "target": 36}], "multigraph": false}