{"directed": false, "graph": [], "nodes": [{"name": "rh_lateralorbitofrontal", "weight": 0.0967741935483871, "pos": [0, 5], "ts_group_id": 0, "label": "lateralorbitofrontal", "input_id": 1, "layer_pos": 0, "y": 5, "x": 0, "brain_side": "right", "id": 1, "func_id": "5"}, {"name": "rh_frontalpole", "weight": 0.14516129032258066, "pos": [0, 15], "ts_group_id": 0, "label": "frontalpole", "input_id": 3, "layer_pos": 0, "y": 15, "x": 0, "brain_side": "right", "id": 3, "func_id": "5"}, {"name": "rh_superiorfrontal", "weight": 0.0967741935483871, "pos": [0, 40], "ts_group_id": 0, "label": "superiorfrontal", "input_id": 8, "layer_pos": 0, "y": 40, "x": 0, "brain_side": "right", "id": 8, "func_id": "7"}, {"name": "lh_paracentral", "weight": 0.1, "pos": [21, 225], "ts_group_id": 0, "label": "paracentral", "input_id": 45, "layer_pos": 7, "y": 225, "x": 21, "brain_side": "left", "id": 521, "func_id": "2"}, {"name": "lh_superiorparietal", "weight": 0.1, "pos": [21, 260], "ts_group_id": 0, "label": "superiorparietal", "input_id": 52, "layer_pos": 7, "y": 260, "x": 21, "brain_side": "left", "id": 528, "func_id": "3"}, {"name": "rh_supramarginal", "weight": 0.11290322580645161, "pos": [0, 85], "ts_group_id": 0, "label": "supramarginal", "input_id": 17, "layer_pos": 0, "y": 85, "x": 0, "brain_side": "right", "id": 17, "func_id": "4"}, {"name": "rh_superiorparietal", "weight": 0.11290322580645161, "pos": [0, 90], "ts_group_id": 0, "label": "superiorparietal", "input_id": 18, "layer_pos": 0, "y": 90, "x": 0, "brain_side": "right", "id": 18, "func_id": "3"}, {"name": "rh_cuneus", "weight": 0.1774193548387097, "pos": [0, 105], "ts_group_id": 0, "label": "cuneus", "input_id": 21, "layer_pos": 0, "y": 105, "x": 0, "brain_side": "right", "id": 21, "func_id": "1"}, {"name": "lh_parahippocampal", "weight": 0.1, "pos": [21, 300], "ts_group_id": 0, "label": "parahippocampal", "input_id": 60, "layer_pos": 7, "y": 300, "x": 21, "brain_side": "left", "id": 536, "func_id": "7"}, {"name": "rh_fusiform", "weight": 0.16129032258064516, "pos": [0, 125], "ts_group_id": 0, "label": "fusiform", "input_id": 25, "layer_pos": 0, "y": 125, "x": 0, "brain_side": "right", "id": 25, "func_id": "1"}, {"name": "rh_parahippocampal", "weight": 0.11290322580645161, "pos": [0, 130], "ts_group_id": 0, "label": "parahippocampal", "input_id": 26, "layer_pos": 0, "y": 130, "x": 0, "brain_side": "right", "id": 26, "func_id": "1"}, {"name": "rh_inferiortemporal", "weight": 0.12903225806451613, "pos": [0, 145], "ts_group_id": 0, "label": "inferiortemporal", "input_id": 29, "layer_pos": 0, "y": 145, "x": 0, "brain_side": "right", "id": 29, "func_id": "5"}, {"name": "rh_middletemporal", "weight": 0.11290322580645161, "pos": [0, 150], "ts_group_id": 0, "label": "middletemporal", "input_id": 30, "layer_pos": 0, "y": 150, "x": 0, "brain_side": "right", "id": 30, "func_id": "7"}, {"name": "rh_bankssts", "weight": 0.0967741935483871, "pos": [0, 155], "ts_group_id": 0, "label": "bankssts", "input_id": 31, "layer_pos": 0, "y": 155, "x": 0, "brain_side": "right", "id": 31, "func_id": "2"}, {"name": "lh_lateralorbitofrontal", "weight": 0.11290322580645161, "pos": [0, 175], "ts_group_id": 0, "label": "lateralorbitofrontal", "input_id": 35, "layer_pos": 0, "y": 175, "x": 0, "brain_side": "left", "id": 35, "func_id": "5"}, {"name": "lh_parsopercularis", "weight": 0.0967741935483871, "pos": [0, 200], "ts_group_id": 0, "label": "parsopercularis", "input_id": 40, "layer_pos": 0, "y": 200, "x": 0, "brain_side": "left", "id": 40, "func_id": "4"}, {"name": "lh_rostralmiddlefrontal", "weight": 0.14516129032258066, "pos": [0, 205], "ts_group_id": 0, "label": "rostralmiddlefrontal", "input_id": 41, "layer_pos": 0, "y": 205, "x": 0, "brain_side": "left", "id": 41, "func_id": "6"}, {"name": "lh_superiorfrontal", "weight": 0.14516129032258066, "pos": [0, 210], "ts_group_id": 0, "label": "superiorfrontal", "input_id": 42, "layer_pos": 0, "y": 210, "x": 0, "brain_side": "left", "id": 42, "func_id": "7"}, {"name": "lh_caudalmiddlefrontal", "weight": 0.20967741935483872, "pos": [0, 215], "ts_group_id": 0, "label": "caudalmiddlefrontal", "input_id": 43, "layer_pos": 0, "y": 215, "x": 0, "brain_side": "left", "id": 43, "func_id": "7"}, {"name": "lh_precentral", "weight": 0.14516129032258066, "pos": [0, 220], "ts_group_id": 0, "label": "precentral", "input_id": 44, "layer_pos": 0, "y": 220, "x": 0, "brain_side": "left", "id": 44, "func_id": "2"}, {"name": "lh_precentral", "weight": 0.1, "pos": [21, 220], "ts_group_id": 0, "label": "precentral", "input_id": 44, "layer_pos": 7, "y": 220, "x": 21, "brain_side": "left", "id": 520, "func_id": "2"}, {"name": "lh_supramarginal", "weight": 0.16129032258064516, "pos": [0, 255], "ts_group_id": 0, "label": "supramarginal", "input_id": 51, "layer_pos": 0, "y": 255, "x": 0, "brain_side": "left", "id": 51, "func_id": "4"}, {"name": "lh_superiorparietal", "weight": 0.1774193548387097, "pos": [0, 260], "ts_group_id": 0, "label": "superiorparietal", "input_id": 52, "layer_pos": 0, "y": 260, "x": 0, "brain_side": "left", "id": 52, "func_id": "3"}, {"name": "lh_inferiorparietal", "weight": 0.24193548387096775, "pos": [0, 265], "ts_group_id": 0, "label": "inferiorparietal", "input_id": 53, "layer_pos": 0, "y": 265, "x": 0, "brain_side": "left", "id": 53, "func_id": "7"}, {"name": "lh_cuneus", "weight": 0.11290322580645161, "pos": [0, 275], "ts_group_id": 0, "label": "cuneus", "input_id": 55, "layer_pos": 0, "y": 275, "x": 0, "brain_side": "left", "id": 55, "func_id": "1"}, {"name": "lh_fusiform", "weight": 0.22580645161290322, "pos": [0, 295], "ts_group_id": 0, "label": "fusiform", "input_id": 59, "layer_pos": 0, "y": 295, "x": 0, "brain_side": "left", "id": 59, "func_id": "1"}, {"name": "lh_parahippocampal", "weight": 0.14516129032258066, "pos": [0, 300], "ts_group_id": 0, "label": "parahippocampal", "input_id": 60, "layer_pos": 0, "y": 300, "x": 0, "brain_side": "left", "id": 60, "func_id": "7"}, {"name": "lh_inferiortemporal", "weight": 0.16129032258064516, "pos": [0, 315], "ts_group_id": 0, "label": "inferiortemporal", "input_id": 63, "layer_pos": 0, "y": 315, "x": 0, "brain_side": "left", "id": 63, "func_id": "5"}, {"name": "lh_middletemporal", "weight": 0.14516129032258066, "pos": [0, 320], "ts_group_id": 0, "label": "middletemporal", "input_id": 64, "layer_pos": 0, "y": 320, "x": 0, "brain_side": "left", "id": 64, "func_id": "7"}, {"name": "rh_frontalpole", "weight": 0.14285714285714285, "pos": [3, 15], "ts_group_id": 0, "label": "frontalpole", "input_id": 3, "layer_pos": 1, "y": 15, "x": 3, "brain_side": "right", "id": 71, "func_id": "5"}, {"name": "rh_rostralmiddlefrontal", "weight": 0.14285714285714285, "pos": [3, 35], "ts_group_id": 0, "label": "rostralmiddlefrontal", "input_id": 7, "layer_pos": 1, "y": 35, "x": 3, "brain_side": "right", "id": 75, "func_id": "6"}, {"name": "rh_superiorfrontal", "weight": 0.12698412698412698, "pos": [3, 40], "ts_group_id": 0, "label": "superiorfrontal", "input_id": 8, "layer_pos": 1, "y": 40, "x": 3, "brain_side": "right", "id": 76, "func_id": "7"}, {"name": "rh_supramarginal", "weight": 0.09523809523809523, "pos": [3, 85], "ts_group_id": 0, "label": "supramarginal", "input_id": 17, "layer_pos": 1, "y": 85, "x": 3, "brain_side": "right", "id": 85, "func_id": "4"}, {"name": "rh_superiorparietal", "weight": 0.2222222222222222, "pos": [3, 90], "ts_group_id": 0, "label": "superiorparietal", "input_id": 18, "layer_pos": 1, "y": 90, "x": 3, "brain_side": "right", "id": 86, "func_id": "3"}, {"name": "rh_cuneus", "weight": 0.12698412698412698, "pos": [3, 105], "ts_group_id": 0, "label": "cuneus", "input_id": 21, "layer_pos": 1, "y": 105, "x": 3, "brain_side": "right", "id": 89, "func_id": "1"}, {"name": "rh_fusiform", "weight": 0.15873015873015872, "pos": [3, 125], "ts_group_id": 0, "label": "fusiform", "input_id": 25, "layer_pos": 1, "y": 125, "x": 3, "brain_side": "right", "id": 93, "func_id": "1"}, {"name": "rh_parahippocampal", "weight": 0.1111111111111111, "pos": [3, 130], "ts_group_id": 0, "label": "parahippocampal", "input_id": 26, "layer_pos": 1, "y": 130, "x": 3, "brain_side": "right", "id": 94, "func_id": "1"}, {"name": "rh_inferiortemporal", "weight": 0.15873015873015872, "pos": [3, 145], "ts_group_id": 0, "label": "inferiortemporal", "input_id": 29, "layer_pos": 1, "y": 145, "x": 3, "brain_side": "right", "id": 97, "func_id": "5"}, {"name": "rh_middletemporal", "weight": 0.1111111111111111, "pos": [3, 150], "ts_group_id": 0, "label": "middletemporal", "input_id": 30, "layer_pos": 1, "y": 150, "x": 3, "brain_side": "right", "id": 98, "func_id": "7"}, {"name": "rh_bankssts", "weight": 0.14285714285714285, "pos": [3, 155], "ts_group_id": 0, "label": "bankssts", "input_id": 31, "layer_pos": 1, "y": 155, "x": 3, "brain_side": "right", "id": 99, "func_id": "2"}, {"name": "lh_lateralorbitofrontal", "weight": 0.12698412698412698, "pos": [3, 175], "ts_group_id": 0, "label": "lateralorbitofrontal", "input_id": 35, "layer_pos": 1, "y": 175, "x": 3, "brain_side": "left", "id": 103, "func_id": "5"}, {"name": "lh_parsopercularis", "weight": 0.1111111111111111, "pos": [3, 200], "ts_group_id": 0, "label": "parsopercularis", "input_id": 40, "layer_pos": 1, "y": 200, "x": 3, "brain_side": "left", "id": 108, "func_id": "4"}, {"name": "lh_rostralmiddlefrontal", "weight": 0.1746031746031746, "pos": [3, 205], "ts_group_id": 0, "label": "rostralmiddlefrontal", "input_id": 41, "layer_pos": 1, "y": 205, "x": 3, "brain_side": "left", "id": 109, "func_id": "6"}, {"name": "lh_superiorfrontal", "weight": 0.20634920634920634, "pos": [3, 210], "ts_group_id": 0, "label": "superiorfrontal", "input_id": 42, "layer_pos": 1, "y": 210, "x": 3, "brain_side": "left", "id": 110, "func_id": "7"}, {"name": "lh_caudalmiddlefrontal", "weight": 0.19047619047619047, "pos": [3, 215], "ts_group_id": 0, "label": "caudalmiddlefrontal", "input_id": 43, "layer_pos": 1, "y": 215, "x": 3, "brain_side": "left", "id": 111, "func_id": "7"}, {"name": "lh_precentral", "weight": 0.12698412698412698, "pos": [3, 220], "ts_group_id": 0, "label": "precentral", "input_id": 44, "layer_pos": 1, "y": 220, "x": 3, "brain_side": "left", "id": 112, "func_id": "2"}, {"name": "lh_supramarginal", "weight": 0.14285714285714285, "pos": [3, 255], "ts_group_id": 0, "label": "supramarginal", "input_id": 51, "layer_pos": 1, "y": 255, "x": 3, "brain_side": "left", "id": 119, "func_id": "4"}, {"name": "lh_superiorparietal", "weight": 0.31746031746031744, "pos": [3, 260], "ts_group_id": 0, "label": "superiorparietal", "input_id": 52, "layer_pos": 1, "y": 260, "x": 3, "brain_side": "left", "id": 120, "func_id": "3"}, {"name": "lh_inferiorparietal", "weight": 0.31746031746031744, "pos": [3, 265], "ts_group_id": 0, "label": "inferiorparietal", "input_id": 53, "layer_pos": 1, "y": 265, "x": 3, "brain_side": "left", "id": 121, "func_id": "7"}, {"name": "lh_precuneus", "weight": 0.12698412698412698, "pos": [3, 270], "ts_group_id": 0, "label": "precuneus", "input_id": 54, "layer_pos": 1, "y": 270, "x": 3, "brain_side": "left", "id": 122, "func_id": "7"}, {"name": "lh_cuneus", "weight": 0.09523809523809523, "pos": [3, 275], "ts_group_id": 0, "label": "cuneus", "input_id": 55, "layer_pos": 1, "y": 275, "x": 3, "brain_side": "left", "id": 123, "func_id": "1"}, {"name": "lh_fusiform", "weight": 0.2698412698412698, "pos": [3, 295], "ts_group_id": 0, "label": "fusiform", "input_id": 59, "layer_pos": 1, "y": 295, "x": 3, "brain_side": "left", "id": 127, "func_id": "1"}, {"name": "lh_parahippocampal", "weight": 0.12698412698412698, "pos": [3, 300], "ts_group_id": 0, "label": "parahippocampal", "input_id": 60, "layer_pos": 1, "y": 300, "x": 3, "brain_side": "left", "id": 128, "func_id": "7"}, {"name": "lh_inferiortemporal", "weight": 0.15873015873015872, "pos": [3, 315], "ts_group_id": 0, "label": "inferiortemporal", "input_id": 63, "layer_pos": 1, "y": 315, "x": 3, "brain_side": "left", "id": 131, "func_id": "5"}, {"name": "lh_middletemporal", "weight": 0.2222222222222222, "pos": [3, 320], "ts_group_id": 0, "label": "middletemporal", "input_id": 64, "layer_pos": 1, "y": 320, "x": 3, "brain_side": "left", "id": 132, "func_id": "7"}, {"name": "lh_bankssts", "weight": 0.12698412698412698, "pos": [3, 325], "ts_group_id": 0, "label": "bankssts", "input_id": 65, "layer_pos": 1, "y": 325, "x": 3, "brain_side": "left", "id": 133, "func_id": "7"}, {"name": "rh_lateralorbitofrontal", "weight": 0.09836065573770492, "pos": [6, 5], "ts_group_id": 0, "label": "lateralorbitofrontal", "input_id": 1, "layer_pos": 2, "y": 5, "x": 6, "brain_side": "right", "id": 137, "func_id": "5"}, {"name": "rh_frontalpole", "weight": 0.13114754098360656, "pos": [6, 15], "ts_group_id": 0, "label": "frontalpole", "input_id": 3, "layer_pos": 2, "y": 15, "x": 6, "brain_side": "right", "id": 139, "func_id": "5"}, {"name": "rh_superiorfrontal", "weight": 0.13114754098360656, "pos": [6, 40], "ts_group_id": 0, "label": "superiorfrontal", "input_id": 8, "layer_pos": 2, "y": 40, "x": 6, "brain_side": "right", "id": 144, "func_id": "7"}, {"name": "rh_precentral", "weight": 0.11475409836065574, "pos": [6, 50], "ts_group_id": 0, "label": "precentral", "input_id": 10, "layer_pos": 2, "y": 50, "x": 6, "brain_side": "right", "id": 146, "func_id": "2"}, {"name": "rh_paracentral", "weight": 0.11475409836065574, "pos": [6, 55], "ts_group_id": 0, "label": "paracentral", "input_id": 11, "layer_pos": 2, "y": 55, "x": 6, "brain_side": "right", "id": 147, "func_id": "2"}, {"name": "rh_supramarginal", "weight": 0.09836065573770492, "pos": [6, 85], "ts_group_id": 0, "label": "supramarginal", "input_id": 17, "layer_pos": 2, "y": 85, "x": 6, "brain_side": "right", "id": 153, "func_id": "4"}, {"name": "rh_superiorparietal", "weight": 0.19672131147540983, "pos": [6, 90], "ts_group_id": 0, "label": "superiorparietal", "input_id": 18, "layer_pos": 2, "y": 90, "x": 6, "brain_side": "right", "id": 154, "func_id": "3"}, {"name": "rh_cuneus", "weight": 0.11475409836065574, "pos": [6, 105], "ts_group_id": 0, "label": "cuneus", "input_id": 21, "layer_pos": 2, "y": 105, "x": 6, "brain_side": "right", "id": 157, "func_id": "1"}, {"name": "rh_pericalcarine", "weight": 0.09836065573770492, "pos": [6, 110], "ts_group_id": 0, "label": "pericalcarine", "input_id": 22, "layer_pos": 2, "y": 110, "x": 6, "brain_side": "right", "id": 158, "func_id": "1"}, {"name": "rh_fusiform", "weight": 0.09836065573770492, "pos": [6, 125], "ts_group_id": 0, "label": "fusiform", "input_id": 25, "layer_pos": 2, "y": 125, "x": 6, "brain_side": "right", "id": 161, "func_id": "1"}, {"name": "rh_inferiortemporal", "weight": 0.14754098360655737, "pos": [6, 145], "ts_group_id": 0, "label": "inferiortemporal", "input_id": 29, "layer_pos": 2, "y": 145, "x": 6, "brain_side": "right", "id": 165, "func_id": "5"}, {"name": "rh_middletemporal", "weight": 0.13114754098360656, "pos": [6, 150], "ts_group_id": 0, "label": "middletemporal", "input_id": 30, "layer_pos": 2, "y": 150, "x": 6, "brain_side": "right", "id": 166, "func_id": "7"}, {"name": "rh_bankssts", "weight": 0.14754098360655737, "pos": [6, 155], "ts_group_id": 0, "label": "bankssts", "input_id": 31, "layer_pos": 2, "y": 155, "x": 6, "brain_side": "right", "id": 167, "func_id": "2"}, {"name": "lh_lateralorbitofrontal", "weight": 0.14754098360655737, "pos": [6, 175], "ts_group_id": 0, "label": "lateralorbitofrontal", "input_id": 35, "layer_pos": 2, "y": 175, "x": 6, "brain_side": "left", "id": 171, "func_id": "5"}, {"name": "lh_rostralmiddlefrontal", "weight": 0.13114754098360656, "pos": [6, 205], "ts_group_id": 0, "label": "rostralmiddlefrontal", "input_id": 41, "layer_pos": 2, "y": 205, "x": 6, "brain_side": "left", "id": 177, "func_id": "6"}, {"name": "lh_superiorfrontal", "weight": 0.16393442622950818, "pos": [6, 210], "ts_group_id": 0, "label": "superiorfrontal", "input_id": 42, "layer_pos": 2, "y": 210, "x": 6, "brain_side": "left", "id": 178, "func_id": "7"}, {"name": "lh_caudalmiddlefrontal", "weight": 0.26229508196721313, "pos": [6, 215], "ts_group_id": 0, "label": "caudalmiddlefrontal", "input_id": 43, "layer_pos": 2, "y": 215, "x": 6, "brain_side": "left", "id": 179, "func_id": "7"}, {"name": "lh_precentral", "weight": 0.11475409836065574, "pos": [6, 220], "ts_group_id": 0, "label": "precentral", "input_id": 44, "layer_pos": 2, "y": 220, "x": 6, "brain_side": "left", "id": 180, "func_id": "2"}, {"name": "lh_superiorparietal", "weight": 0.2786885245901639, "pos": [6, 260], "ts_group_id": 0, "label": "superiorparietal", "input_id": 52, "layer_pos": 2, "y": 260, "x": 6, "brain_side": "left", "id": 188, "func_id": "3"}, {"name": "lh_inferiorparietal", "weight": 0.26229508196721313, "pos": [6, 265], "ts_group_id": 0, "label": "inferiorparietal", "input_id": 53, "layer_pos": 2, "y": 265, "x": 6, "brain_side": "left", "id": 189, "func_id": "7"}, {"name": "lh_cuneus", "weight": 0.09836065573770492, "pos": [6, 275], "ts_group_id": 0, "label": "cuneus", "input_id": 55, "layer_pos": 2, "y": 275, "x": 6, "brain_side": "left", "id": 191, "func_id": "1"}, {"name": "lh_pericalcarine", "weight": 0.09836065573770492, "pos": [6, 280], "ts_group_id": 0, "label": "pericalcarine", "input_id": 56, "layer_pos": 2, "y": 280, "x": 6, "brain_side": "left", "id": 192, "func_id": "1"}, {"name": "lh_fusiform", "weight": 0.2459016393442623, "pos": [6, 295], "ts_group_id": 0, "label": "fusiform", "input_id": 59, "layer_pos": 2, "y": 295, "x": 6, "brain_side": "left", "id": 195, "func_id": "1"}, {"name": "lh_inferiortemporal", "weight": 0.13114754098360656, "pos": [6, 315], "ts_group_id": 0, "label": "inferiortemporal", "input_id": 63, "layer_pos": 2, "y": 315, "x": 6, "brain_side": "left", "id": 199, "func_id": "5"}, {"name": "lh_middletemporal", "weight": 0.18032786885245902, "pos": [6, 320], "ts_group_id": 0, "label": "middletemporal", "input_id": 64, "layer_pos": 2, "y": 320, "x": 6, "brain_side": "left", "id": 200, "func_id": "7"}, {"name": "rh_rostralmiddlefrontal", "weight": 0.12244897959183673, "pos": [9, 35], "ts_group_id": 0, "label": "rostralmiddlefrontal", "input_id": 7, "layer_pos": 3, "y": 35, "x": 9, "brain_side": "right", "id": 211, "func_id": "6"}, {"name": "rh_superiorfrontal", "weight": 0.12244897959183673, "pos": [9, 40], "ts_group_id": 0, "label": "superiorfrontal", "input_id": 8, "layer_pos": 3, "y": 40, "x": 9, "brain_side": "right", "id": 212, "func_id": "7"}, {"name": "rh_precentral", "weight": 0.10204081632653061, "pos": [9, 50], "ts_group_id": 0, "label": "precentral", "input_id": 10, "layer_pos": 3, "y": 50, "x": 9, "brain_side": "right", "id": 214, "func_id": "2"}, {"name": "rh_superiorparietal", "weight": 0.10204081632653061, "pos": [9, 90], "ts_group_id": 0, "label": "superiorparietal", "input_id": 18, "layer_pos": 3, "y": 90, "x": 9, "brain_side": "right", "id": 222, "func_id": "3"}, {"name": "lh_parsopercularis", "weight": 0.10204081632653061, "pos": [9, 200], "ts_group_id": 0, "label": "parsopercularis", "input_id": 40, "layer_pos": 3, "y": 200, "x": 9, "brain_side": "left", "id": 244, "func_id": "4"}, {"name": "lh_superiorfrontal", "weight": 0.12244897959183673, "pos": [9, 210], "ts_group_id": 0, "label": "superiorfrontal", "input_id": 42, "layer_pos": 3, "y": 210, "x": 9, "brain_side": "left", "id": 246, "func_id": "7"}, {"name": "lh_precentral", "weight": 0.12244897959183673, "pos": [9, 220], "ts_group_id": 0, "label": "precentral", "input_id": 44, "layer_pos": 3, "y": 220, "x": 9, "brain_side": "left", "id": 248, "func_id": "2"}, {"name": "lh_inferiorparietal", "weight": 0.10204081632653061, "pos": [9, 265], "ts_group_id": 0, "label": "inferiorparietal", "input_id": 53, "layer_pos": 3, "y": 265, "x": 9, "brain_side": "left", "id": 257, "func_id": "7"}, {"name": "lh_fusiform", "weight": 0.10204081632653061, "pos": [9, 295], "ts_group_id": 0, "label": "fusiform", "input_id": 59, "layer_pos": 3, "y": 295, "x": 9, "brain_side": "left", "id": 263, "func_id": "1"}, {"name": "lh_inferiortemporal", "weight": 0.12244897959183673, "pos": [9, 315], "ts_group_id": 0, "label": "inferiortemporal", "input_id": 63, "layer_pos": 3, "y": 315, "x": 9, "brain_side": "left", "id": 267, "func_id": "5"}, {"name": "rh_frontalpole", "weight": 0.09090909090909091, "pos": [12, 15], "ts_group_id": 0, "label": "frontalpole", "input_id": 3, "layer_pos": 4, "y": 15, "x": 12, "brain_side": "right", "id": 275, "func_id": "5"}, {"name": "rh_rostralmiddlefrontal", "weight": 0.09090909090909091, "pos": [12, 35], "ts_group_id": 0, "label": "rostralmiddlefrontal", "input_id": 7, "layer_pos": 4, "y": 35, "x": 12, "brain_side": "right", "id": 279, "func_id": "6"}, {"name": "rh_precentral", "weight": 0.09090909090909091, "pos": [12, 50], "ts_group_id": 0, "label": "precentral", "input_id": 10, "layer_pos": 4, "y": 50, "x": 12, "brain_side": "right", "id": 282, "func_id": "2"}, {"name": "rh_isthmuscingulate", "weight": 0.09090909090909091, "pos": [12, 75], "ts_group_id": 0, "label": "isthmuscingulate", "input_id": 15, "layer_pos": 4, "y": 75, "x": 12, "brain_side": "right", "id": 287, "func_id": "7"}, {"name": "lh_precentral", "weight": 0.09090909090909091, "pos": [12, 220], "ts_group_id": 0, "label": "precentral", "input_id": 44, "layer_pos": 4, "y": 220, "x": 12, "brain_side": "left", "id": 316, "func_id": "2"}, {"name": "lh_fusiform", "weight": 0.09090909090909091, "pos": [12, 295], "ts_group_id": 0, "label": "fusiform", "input_id": 59, "layer_pos": 4, "y": 295, "x": 12, "brain_side": "left", "id": 331, "func_id": "1"}, {"name": "lh_precentral", "weight": 0.09375, "pos": [15, 220], "ts_group_id": 0, "label": "precentral", "input_id": 44, "layer_pos": 5, "y": 220, "x": 15, "brain_side": "left", "id": 384, "func_id": "2"}, {"name": "rh_postcentral", "weight": 0.1111111111111111, "pos": [18, 80], "ts_group_id": 0, "label": "postcentral", "input_id": 16, "layer_pos": 6, "y": 80, "x": 18, "brain_side": "right", "id": 424, "func_id": "2"}, {"name": "rh_supramarginal", "weight": 0.1111111111111111, "pos": [18, 85], "ts_group_id": 0, "label": "supramarginal", "input_id": 17, "layer_pos": 6, "y": 85, "x": 18, "brain_side": "right", "id": 425, "func_id": "4"}, {"name": "rh_superiorparietal", "weight": 0.1111111111111111, "pos": [18, 90], "ts_group_id": 0, "label": "superiorparietal", "input_id": 18, "layer_pos": 6, "y": 90, "x": 18, "brain_side": "right", "id": 426, "func_id": "3"}, {"name": "rh_middletemporal", "weight": 0.1111111111111111, "pos": [18, 150], "ts_group_id": 0, "label": "middletemporal", "input_id": 30, "layer_pos": 6, "y": 150, "x": 18, "brain_side": "right", "id": 438, "func_id": "7"}, {"name": "lh_superiorparietal", "weight": 0.1111111111111111, "pos": [18, 260], "ts_group_id": 0, "label": "superiorparietal", "input_id": 52, "layer_pos": 6, "y": 260, "x": 18, "brain_side": "left", "id": 460, "func_id": "3"}, {"name": "rh_precentral", "weight": 0.1, "pos": [21, 50], "ts_group_id": 0, "label": "precentral", "input_id": 10, "layer_pos": 7, "y": 50, "x": 21, "brain_side": "right", "id": 486, "func_id": "2"}, {"name": "rh_paracentral", "weight": 0.1, "pos": [21, 55], "ts_group_id": 0, "label": "paracentral", "input_id": 11, "layer_pos": 7, "y": 55, "x": 21, "brain_side": "right", "id": 487, "func_id": "2"}, {"name": "rh_superiorparietal", "weight": 0.1, "pos": [21, 90], "ts_group_id": 0, "label": "superiorparietal", "input_id": 18, "layer_pos": 7, "y": 90, "x": 21, "brain_side": "right", "id": 494, "func_id": "3"}, {"name": "rh_lateraloccipital", "weight": 0.1, "pos": [21, 115], "ts_group_id": 0, "label": "lateraloccipital", "input_id": 23, "layer_pos": 7, "y": 115, "x": 21, "brain_side": "right", "id": 499, "func_id": "1"}], "links": [{"source": 0, "target": 37}, {"source": 0, "target": 38}, {"source": 0, "target": 30}, {"source": 0, "target": 35}, {"source": 0, "target": 29}, {"source": 1, "target": 30}, {"source": 1, "target": 42}, {"source": 1, "target": 43}, {"source": 1, "target": 29}, {"source": 2, "target": 30}, {"source": 2, "target": 31}, {"source": 2, "target": 42}, {"source": 2, "target": 43}, {"source": 2, "target": 44}, {"source": 2, "target": 45}, {"source": 3, "target": 98}, {"source": 4, "target": 98}, {"source": 4, "target": 100}, {"source": 4, "target": 102}, {"source": 5, "target": 38}, {"source": 5, "target": 39}, {"source": 5, "target": 32}, {"source": 5, "target": 33}, {"source": 6, "target": 37}, {"source": 6, "target": 38}, {"source": 6, "target": 32}, {"source": 6, "target": 33}, {"source": 6, "target": 47}, {"source": 6, "target": 34}, {"source": 6, "target": 49}, {"source": 6, "target": 50}, {"source": 6, "target": 35}, {"source": 7, "target": 47}, {"source": 7, "target": 34}, {"source": 7, "target": 49}, {"source": 7, "target": 50}, {"source": 7, "target": 33}, {"source": 8, "target": 102}, {"source": 9, "target": 37}, {"source": 9, "target": 38}, {"source": 9, "target": 36}, {"source": 9, "target": 35}, {"source": 9, "target": 33}, {"source": 10, "target": 37}, {"source": 10, "target": 35}, {"source": 10, "target": 36}, {"source": 11, "target": 37}, {"source": 11, "target": 38}, {"source": 11, "target": 30}, {"source": 11, "target": 33}, {"source": 11, "target": 35}, {"source": 11, "target": 36}, {"source": 12, "target": 37}, {"source": 12, "target": 38}, {"source": 12, "target": 39}, {"source": 12, "target": 30}, {"source": 12, "target": 32}, {"source": 12, "target": 33}, {"source": 12, "target": 35}, {"source": 13, "target": 38}, {"source": 13, "target": 39}, {"source": 13, "target": 32}, {"source": 14, "target": 51}, {"source": 14, "target": 54}, {"source": 14, "target": 42}, {"source": 14, "target": 40}, {"source": 15, "target": 53}, {"source": 15, "target": 54}, {"source": 15, "target": 55}, {"source": 15, "target": 41}, {"source": 15, "target": 42}, {"source": 15, "target": 43}, {"source": 15, "target": 44}, {"source": 15, "target": 45}, {"source": 15, "target": 46}, {"source": 16, "target": 53}, {"source": 16, "target": 40}, {"source": 16, "target": 31}, {"source": 16, "target": 30}, {"source": 16, "target": 41}, {"source": 16, "target": 42}, {"source": 16, "target": 43}, {"source": 16, "target": 44}, {"source": 16, "target": 45}, {"source": 16, "target": 29}, {"source": 17, "target": 29}, {"source": 17, "target": 31}, {"source": 17, "target": 30}, {"source": 17, "target": 41}, {"source": 17, "target": 42}, {"source": 17, "target": 43}, {"source": 17, "target": 44}, {"source": 17, "target": 45}, {"source": 17, "target": 47}, {"source": 17, "target": 49}, {"source": 18, "target": 53}, {"source": 18, "target": 54}, {"source": 18, "target": 31}, {"source": 18, "target": 41}, {"source": 18, "target": 42}, {"source": 18, "target": 43}, {"source": 18, "target": 44}, {"source": 18, "target": 45}, {"source": 18, "target": 48}, {"source": 19, "target": 53}, {"source": 19, "target": 54}, {"source": 19, "target": 55}, {"source": 19, "target": 31}, {"source": 19, "target": 41}, {"source": 19, "target": 42}, {"source": 19, "target": 43}, {"source": 19, "target": 44}, {"source": 19, "target": 45}, {"source": 19, "target": 46}, {"source": 19, "target": 47}, {"source": 19, "target": 48}, {"source": 20, "target": 102}, {"source": 21, "target": 53}, {"source": 21, "target": 54}, {"source": 21, "target": 55}, {"source": 21, "target": 41}, {"source": 21, "target": 45}, {"source": 21, "target": 46}, {"source": 21, "target": 47}, {"source": 21, "target": 48}, {"source": 22, "target": 52}, {"source": 22, "target": 53}, {"source": 22, "target": 54}, {"source": 22, "target": 43}, {"source": 22, "target": 45}, {"source": 22, "target": 48}, {"source": 22, "target": 33}, {"source": 22, "target": 46}, {"source": 22, "target": 47}, {"source": 22, "target": 34}, {"source": 22, "target": 49}, {"source": 22, "target": 50}, {"source": 22, "target": 51}, {"source": 23, "target": 53}, {"source": 23, "target": 54}, {"source": 23, "target": 55}, {"source": 23, "target": 44}, {"source": 23, "target": 45}, {"source": 23, "target": 46}, {"source": 23, "target": 47}, {"source": 23, "target": 48}, {"source": 23, "target": 51}, {"source": 24, "target": 47}, {"source": 24, "target": 34}, {"source": 24, "target": 49}, {"source": 24, "target": 50}, {"source": 24, "target": 33}, {"source": 25, "target": 52}, {"source": 25, "target": 53}, {"source": 25, "target": 54}, {"source": 25, "target": 40}, {"source": 25, "target": 47}, {"source": 25, "target": 48}, {"source": 25, "target": 51}, {"source": 26, "target": 47}, {"source": 26, "target": 52}, {"source": 26, "target": 49}, {"source": 26, "target": 51}, {"source": 27, "target": 53}, {"source": 27, "target": 54}, {"source": 27, "target": 41}, {"source": 27, "target": 42}, {"source": 27, "target": 44}, {"source": 27, "target": 45}, {"source": 27, "target": 46}, {"source": 27, "target": 47}, {"source": 27, "target": 48}, {"source": 27, "target": 51}, {"source": 28, "target": 53}, {"source": 28, "target": 54}, {"source": 28, "target": 55}, {"source": 28, "target": 40}, {"source": 28, "target": 41}, {"source": 28, "target": 44}, {"source": 28, "target": 45}, {"source": 28, "target": 46}, {"source": 28, "target": 47}, {"source": 28, "target": 48}, {"source": 28, "target": 51}, {"source": 29, "target": 56}, {"source": 29, "target": 57}, {"source": 29, "target": 70}, {"source": 29, "target": 71}, {"source": 30, "target": 66}, {"source": 30, "target": 67}, {"source": 30, "target": 57}, {"source": 30, "target": 71}, {"source": 30, "target": 58}, {"source": 30, "target": 70}, {"source": 30, "target": 59}, {"source": 30, "target": 64}, {"source": 30, "target": 56}, {"source": 31, "target": 72}, {"source": 31, "target": 71}, {"source": 31, "target": 58}, {"source": 31, "target": 70}, {"source": 31, "target": 59}, {"source": 31, "target": 60}, {"source": 31, "target": 73}, {"source": 32, "target": 67}, {"source": 32, "target": 68}, {"source": 32, "target": 59}, {"source": 32, "target": 61}, {"source": 32, "target": 62}, {"source": 33, "target": 77}, {"source": 33, "target": 65}, {"source": 33, "target": 66}, {"source": 33, "target": 67}, {"source": 33, "target": 59}, {"source": 33, "target": 64}, {"source": 33, "target": 63}, {"source": 33, "target": 60}, {"source": 33, "target": 61}, {"source": 33, "target": 62}, {"source": 33, "target": 74}, {"source": 33, "target": 76}, {"source": 34, "target": 77}, {"source": 34, "target": 62}, {"source": 34, "target": 74}, {"source": 34, "target": 63}, {"source": 34, "target": 64}, {"source": 34, "target": 76}, {"source": 35, "target": 66}, {"source": 35, "target": 67}, {"source": 35, "target": 65}, {"source": 35, "target": 56}, {"source": 35, "target": 64}, {"source": 35, "target": 62}, {"source": 36, "target": 66}, {"source": 36, "target": 65}, {"source": 37, "target": 66}, {"source": 37, "target": 67}, {"source": 37, "target": 65}, {"source": 37, "target": 56}, {"source": 37, "target": 64}, {"source": 37, "target": 62}, {"source": 38, "target": 66}, {"source": 38, "target": 67}, {"source": 38, "target": 65}, {"source": 38, "target": 56}, {"source": 38, "target": 68}, {"source": 38, "target": 59}, {"source": 38, "target": 64}, {"source": 38, "target": 61}, {"source": 38, "target": 62}, {"source": 39, "target": 67}, {"source": 39, "target": 68}, {"source": 39, "target": 61}, {"source": 40, "target": 77}, {"source": 40, "target": 80}, {"source": 40, "target": 69}, {"source": 40, "target": 70}, {"source": 40, "target": 78}, {"source": 41, "target": 72}, {"source": 41, "target": 79}, {"source": 41, "target": 70}, {"source": 41, "target": 71}, {"source": 41, "target": 73}, {"source": 41, "target": 80}, {"source": 42, "target": 72}, {"source": 42, "target": 70}, {"source": 42, "target": 58}, {"source": 42, "target": 71}, {"source": 42, "target": 57}, {"source": 42, "target": 69}, {"source": 42, "target": 73}, {"source": 42, "target": 79}, {"source": 43, "target": 57}, {"source": 43, "target": 70}, {"source": 43, "target": 71}, {"source": 43, "target": 58}, {"source": 43, "target": 59}, {"source": 43, "target": 60}, {"source": 43, "target": 73}, {"source": 43, "target": 72}, {"source": 43, "target": 74}, {"source": 44, "target": 70}, {"source": 44, "target": 58}, {"source": 44, "target": 71}, {"source": 44, "target": 72}, {"source": 44, "target": 73}, {"source": 44, "target": 80}, {"source": 44, "target": 75}, {"source": 44, "target": 79}, {"source": 45, "target": 58}, {"source": 45, "target": 59}, {"source": 45, "target": 60}, {"source": 45, "target": 70}, {"source": 45, "target": 71}, {"source": 45, "target": 72}, {"source": 45, "target": 73}, {"source": 45, "target": 74}, {"source": 45, "target": 75}, {"source": 45, "target": 79}, {"source": 45, "target": 80}, {"source": 46, "target": 79}, {"source": 46, "target": 80}, {"source": 46, "target": 73}, {"source": 46, "target": 74}, {"source": 46, "target": 75}, {"source": 47, "target": 77}, {"source": 47, "target": 60}, {"source": 47, "target": 62}, {"source": 47, "target": 63}, {"source": 47, "target": 64}, {"source": 47, "target": 71}, {"source": 47, "target": 73}, {"source": 47, "target": 74}, {"source": 47, "target": 75}, {"source": 47, "target": 76}, {"source": 47, "target": 78}, {"source": 47, "target": 79}, {"source": 47, "target": 80}, {"source": 48, "target": 78}, {"source": 48, "target": 72}, {"source": 48, "target": 79}, {"source": 48, "target": 80}, {"source": 48, "target": 73}, {"source": 48, "target": 74}, {"source": 48, "target": 75}, {"source": 49, "target": 77}, {"source": 49, "target": 74}, {"source": 49, "target": 71}, {"source": 49, "target": 60}, {"source": 49, "target": 62}, {"source": 49, "target": 63}, {"source": 49, "target": 64}, {"source": 49, "target": 76}, {"source": 50, "target": 77}, {"source": 50, "target": 62}, {"source": 50, "target": 74}, {"source": 50, "target": 63}, {"source": 50, "target": 64}, {"source": 50, "target": 76}, {"source": 51, "target": 77}, {"source": 51, "target": 79}, {"source": 51, "target": 80}, {"source": 51, "target": 74}, {"source": 51, "target": 69}, {"source": 51, "target": 78}, {"source": 51, "target": 75}, {"source": 52, "target": 74}, {"source": 52, "target": 78}, {"source": 53, "target": 77}, {"source": 53, "target": 78}, {"source": 53, "target": 72}, {"source": 53, "target": 79}, {"source": 53, "target": 80}, {"source": 53, "target": 70}, {"source": 53, "target": 73}, {"source": 53, "target": 74}, {"source": 53, "target": 75}, {"source": 54, "target": 77}, {"source": 54, "target": 72}, {"source": 54, "target": 78}, {"source": 54, "target": 79}, {"source": 54, "target": 69}, {"source": 54, "target": 80}, {"source": 54, "target": 73}, {"source": 54, "target": 74}, {"source": 54, "target": 75}, {"source": 55, "target": 80}, {"source": 55, "target": 73}, {"source": 55, "target": 75}, {"source": 56, "target": 81}, {"source": 57, "target": 81}, {"source": 57, "target": 86}, {"source": 58, "target": 86}, {"source": 58, "target": 81}, {"source": 58, "target": 82}, {"source": 58, "target": 83}, {"source": 58, "target": 87}, {"source": 59, "target": 86}, {"source": 59, "target": 83}, {"source": 59, "target": 81}, {"source": 59, "target": 82}, {"source": 59, "target": 87}, {"source": 59, "target": 84}, {"source": 60, "target": 86}, {"source": 60, "target": 83}, {"source": 60, "target": 87}, {"source": 60, "target": 82}, {"source": 60, "target": 84}, {"source": 61, "target": 83}, {"source": 61, "target": 84}, {"source": 62, "target": 83}, {"source": 62, "target": 84}, {"source": 63, "target": 84}, {"source": 64, "target": 81}, {"source": 64, "target": 84}, {"source": 65, "target": 84}, {"source": 66, "target": 81}, {"source": 66, "target": 84}, {"source": 67, "target": 83}, {"source": 67, "target": 81}, {"source": 67, "target": 84}, {"source": 69, "target": 89}, {"source": 70, "target": 81}, {"source": 70, "target": 82}, {"source": 70, "target": 86}, {"source": 70, "target": 87}, {"source": 70, "target": 85}, {"source": 70, "target": 90}, {"source": 71, "target": 86}, {"source": 71, "target": 87}, {"source": 71, "target": 81}, {"source": 71, "target": 82}, {"source": 71, "target": 83}, {"source": 71, "target": 85}, {"source": 72, "target": 88}, {"source": 72, "target": 85}, {"source": 72, "target": 90}, {"source": 72, "target": 82}, {"source": 72, "target": 86}, {"source": 72, "target": 87}, {"source": 73, "target": 86}, {"source": 73, "target": 88}, {"source": 73, "target": 90}, {"source": 73, "target": 87}, {"source": 73, "target": 82}, {"source": 73, "target": 83}, {"source": 73, "target": 85}, {"source": 74, "target": 88}, {"source": 74, "target": 86}, {"source": 74, "target": 89}, {"source": 74, "target": 90}, {"source": 74, "target": 87}, {"source": 74, "target": 84}, {"source": 75, "target": 88}, {"source": 75, "target": 89}, {"source": 75, "target": 90}, {"source": 75, "target": 87}, {"source": 76, "target": 84}, {"source": 77, "target": 89}, {"source": 77, "target": 90}, {"source": 77, "target": 84}, {"source": 78, "target": 88}, {"source": 78, "target": 89}, {"source": 78, "target": 90}, {"source": 79, "target": 88}, {"source": 79, "target": 89}, {"source": 79, "target": 90}, {"source": 79, "target": 87}, {"source": 79, "target": 85}, {"source": 80, "target": 88}, {"source": 80, "target": 89}, {"source": 80, "target": 87}, {"source": 80, "target": 85}, {"source": 80, "target": 90}, {"source": 81, "target": 91}, {"source": 81, "target": 92}, {"source": 81, "target": 93}, {"source": 82, "target": 92}, {"source": 82, "target": 93}, {"source": 82, "target": 95}, {"source": 82, "target": 94}, {"source": 83, "target": 92}, {"source": 83, "target": 95}, {"source": 83, "target": 93}, {"source": 84, "target": 93}, {"source": 84, "target": 94}, {"source": 85, "target": 95}, {"source": 86, "target": 91}, {"source": 86, "target": 95}, {"source": 86, "target": 92}, {"source": 86, "target": 93}, {"source": 87, "target": 95}, {"source": 87, "target": 93}, {"source": 88, "target": 95}, {"source": 88, "target": 96}, {"source": 89, "target": 96}, {"source": 90, "target": 95}, {"source": 90, "target": 96}, {"source": 93, "target": 97}, {"source": 95, "target": 97}, {"source": 97, "target": 102}, {"source": 98, "target": 105}, {"source": 98, "target": 103}, {"source": 98, "target": 104}, {"source": 99, "target": 105}, {"source": 99, "target": 103}, {"source": 100, "target": 106}, {"source": 100, "target": 105}, {"source": 100, "target": 103}, {"source": 100, "target": 104}, {"source": 101, "target": 106}, {"source": 101, "target": 105}, {"source": 101, "target": 103}, {"source": 102, "target": 104}, {"source": 102, "target": 105}, {"source": 102, "target": 106}], "multigraph": false}