{"directed": false, "graph": [], "nodes": [{"name": "rh_frontalpole", "weight": 0.14285714285714285, "pos": [0, 15], "ts_group_id": 0, "label": "frontalpole", "input_id": 3, "layer_pos": 0, "y": 15, "x": 0, "brain_side": "right", "id": 3, "func_id": "5"}, {"name": "rh_lateralorbitofrontal", "weight": 0.1111111111111111, "pos": [6, 5], "ts_group_id": 0, "label": "lateralorbitofrontal", "input_id": 1, "layer_pos": 2, "y": 5, "x": 6, "brain_side": "right", "id": 137, "func_id": "5"}, {"name": "rh_frontalpole", "weight": 0.1111111111111111, "pos": [6, 15], "ts_group_id": 0, "label": "frontalpole", "input_id": 3, "layer_pos": 2, "y": 15, "x": 6, "brain_side": "right", "id": 139, "func_id": "5"}, {"name": "rh_fusiform", "weight": 0.21428571428571427, "pos": [0, 125], "ts_group_id": 0, "label": "fusiform", "input_id": 25, "layer_pos": 0, "y": 125, "x": 0, "brain_side": "right", "id": 25, "func_id": "1"}, {"name": "rh_parahippocampal", "weight": 0.35714285714285715, "pos": [0, 130], "ts_group_id": 0, "label": "parahippocampal", "input_id": 26, "layer_pos": 0, "y": 130, "x": 0, "brain_side": "right", "id": 26, "func_id": "1"}, {"name": "rh_entorhinal", "weight": 1.0, "pos": [0, 135], "ts_group_id": 0, "label": "entorhinal", "input_id": 27, "layer_pos": 0, "y": 135, "x": 0, "brain_side": "right", "id": 27, "func_id": "5"}, {"name": "rh_temporalpole", "weight": 1.1428571428571428, "pos": [0, 140], "ts_group_id": 0, "label": "temporalpole", "input_id": 28, "layer_pos": 0, "y": 140, "x": 0, "brain_side": "right", "id": 28, "func_id": "5"}, {"name": "rh_inferiortemporal", "weight": 0.5714285714285714, "pos": [0, 145], "ts_group_id": 0, "label": "inferiortemporal", "input_id": 29, "layer_pos": 0, "y": 145, "x": 0, "brain_side": "right", "id": 29, "func_id": "5"}, {"name": "rh_middletemporal", "weight": 0.2857142857142857, "pos": [0, 150], "ts_group_id": 0, "label": "middletemporal", "input_id": 30, "layer_pos": 0, "y": 150, "x": 0, "brain_side": "right", "id": 30, "func_id": "7"}, {"name": "rh_bankssts", "weight": 0.14285714285714285, "pos": [0, 155], "ts_group_id": 0, "label": "bankssts", "input_id": 31, "layer_pos": 0, "y": 155, "x": 0, "brain_side": "right", "id": 31, "func_id": "2"}, {"name": "rh_fusiform", "weight": 0.2777777777777778, "pos": [6, 125], "ts_group_id": 0, "label": "fusiform", "input_id": 25, "layer_pos": 2, "y": 125, "x": 6, "brain_side": "right", "id": 161, "func_id": "1"}, {"name": "rh_parahippocampal", "weight": 0.2777777777777778, "pos": [6, 130], "ts_group_id": 0, "label": "parahippocampal", "input_id": 26, "layer_pos": 2, "y": 130, "x": 6, "brain_side": "right", "id": 162, "func_id": "1"}, {"name": "rh_entorhinal", "weight": 1.0555555555555556, "pos": [6, 135], "ts_group_id": 0, "label": "entorhinal", "input_id": 27, "layer_pos": 2, "y": 135, "x": 6, "brain_side": "right", "id": 163, "func_id": "5"}, {"name": "rh_temporalpole", "weight": 0.7222222222222222, "pos": [6, 140], "ts_group_id": 0, "label": "temporalpole", "input_id": 28, "layer_pos": 2, "y": 140, "x": 6, "brain_side": "right", "id": 164, "func_id": "5"}, {"name": "rh_inferiortemporal", "weight": 0.4444444444444444, "pos": [6, 145], "ts_group_id": 0, "label": "inferiortemporal", "input_id": 29, "layer_pos": 2, "y": 145, "x": 6, "brain_side": "right", "id": 165, "func_id": "5"}, {"name": "rh_middletemporal", "weight": 0.3888888888888889, "pos": [6, 150], "ts_group_id": 0, "label": "middletemporal", "input_id": 30, "layer_pos": 2, "y": 150, "x": 6, "brain_side": "right", "id": 166, "func_id": "7"}, {"name": "rh_fusiform", "weight": 0.5, "pos": [12, 125], "ts_group_id": 0, "label": "fusiform", "input_id": 25, "layer_pos": 4, "y": 125, "x": 12, "brain_side": "right", "id": 297, "func_id": "1"}, {"name": "rh_temporalpole", "weight": 0.5, "pos": [12, 140], "ts_group_id": 0, "label": "temporalpole", "input_id": 28, "layer_pos": 4, "y": 140, "x": 12, "brain_side": "right", "id": 300, "func_id": "5"}, {"name": "rh_lateralorbitofrontal", "weight": 0.16666666666666666, "pos": [3, 5], "ts_group_id": 0, "label": "lateralorbitofrontal", "input_id": 1, "layer_pos": 1, "y": 5, "x": 3, "brain_side": "right", "id": 69, "func_id": "5"}, {"name": "rh_lateralorbitofrontal", "weight": 0.16666666666666666, "pos": [9, 5], "ts_group_id": 0, "label": "lateralorbitofrontal", "input_id": 1, "layer_pos": 3, "y": 5, "x": 9, "brain_side": "right", "id": 205, "func_id": "5"}, {"name": "rh_fusiform", "weight": 0.2222222222222222, "pos": [3, 125], "ts_group_id": 0, "label": "fusiform", "input_id": 25, "layer_pos": 1, "y": 125, "x": 3, "brain_side": "right", "id": 93, "func_id": "1"}, {"name": "rh_parahippocampal", "weight": 0.16666666666666666, "pos": [3, 130], "ts_group_id": 0, "label": "parahippocampal", "input_id": 26, "layer_pos": 1, "y": 130, "x": 3, "brain_side": "right", "id": 94, "func_id": "1"}, {"name": "rh_entorhinal", "weight": 1.1666666666666667, "pos": [3, 135], "ts_group_id": 0, "label": "entorhinal", "input_id": 27, "layer_pos": 1, "y": 135, "x": 3, "brain_side": "right", "id": 95, "func_id": "5"}, {"name": "rh_temporalpole", "weight": 1.0, "pos": [3, 140], "ts_group_id": 0, "label": "temporalpole", "input_id": 28, "layer_pos": 1, "y": 140, "x": 3, "brain_side": "right", "id": 96, "func_id": "5"}, {"name": "rh_inferiortemporal", "weight": 0.3888888888888889, "pos": [3, 145], "ts_group_id": 0, "label": "inferiortemporal", "input_id": 29, "layer_pos": 1, "y": 145, "x": 3, "brain_side": "right", "id": 97, "func_id": "5"}, {"name": "rh_middletemporal", "weight": 0.2777777777777778, "pos": [3, 150], "ts_group_id": 0, "label": "middletemporal", "input_id": 30, "layer_pos": 1, "y": 150, "x": 3, "brain_side": "right", "id": 98, "func_id": "7"}, {"name": "rh_fusiform", "weight": 0.16666666666666666, "pos": [9, 125], "ts_group_id": 0, "label": "fusiform", "input_id": 25, "layer_pos": 3, "y": 125, "x": 9, "brain_side": "right", "id": 229, "func_id": "1"}, {"name": "rh_entorhinal", "weight": 0.25, "pos": [9, 135], "ts_group_id": 0, "label": "entorhinal", "input_id": 27, "layer_pos": 3, "y": 135, "x": 9, "brain_side": "right", "id": 231, "func_id": "5"}, {"name": "rh_temporalpole", "weight": 0.25, "pos": [9, 140], "ts_group_id": 0, "label": "temporalpole", "input_id": 28, "layer_pos": 3, "y": 140, "x": 9, "brain_side": "right", "id": 232, "func_id": "5"}, {"name": "rh_middletemporal", "weight": 0.25, "pos": [9, 150], "ts_group_id": 0, "label": "middletemporal", "input_id": 30, "layer_pos": 3, "y": 150, "x": 9, "brain_side": "right", "id": 234, "func_id": "7"}], "links": [{"source": 0, "target": 18}, {"source": 1, "target": 23}, {"source": 1, "target": 24}, {"source": 1, "target": 25}, {"source": 1, "target": 18}, {"source": 1, "target": 28}, {"source": 1, "target": 29}, {"source": 1, "target": 19}, {"source": 1, "target": 20}, {"source": 1, "target": 26}, {"source": 2, "target": 18}, {"source": 2, "target": 19}, {"source": 3, "target": 23}, {"source": 3, "target": 24}, {"source": 3, "target": 25}, {"source": 3, "target": 18}, {"source": 3, "target": 20}, {"source": 3, "target": 21}, {"source": 3, "target": 22}, {"source": 4, "target": 24}, {"source": 4, "target": 20}, {"source": 4, "target": 21}, {"source": 4, "target": 22}, {"source": 5, "target": 23}, {"source": 5, "target": 20}, {"source": 5, "target": 21}, {"source": 5, "target": 22}, {"source": 6, "target": 23}, {"source": 6, "target": 24}, {"source": 6, "target": 22}, {"source": 6, "target": 18}, {"source": 6, "target": 20}, {"source": 7, "target": 23}, {"source": 7, "target": 24}, {"source": 7, "target": 25}, {"source": 7, "target": 18}, {"source": 7, "target": 20}, {"source": 7, "target": 21}, {"source": 8, "target": 24}, {"source": 8, "target": 25}, {"source": 8, "target": 18}, {"source": 8, "target": 20}, {"source": 9, "target": 25}, {"source": 10, "target": 23}, {"source": 10, "target": 24}, {"source": 10, "target": 25}, {"source": 10, "target": 26}, {"source": 10, "target": 18}, {"source": 10, "target": 27}, {"source": 10, "target": 28}, {"source": 10, "target": 29}, {"source": 10, "target": 19}, {"source": 10, "target": 20}, {"source": 10, "target": 21}, {"source": 10, "target": 22}, {"source": 11, "target": 24}, {"source": 11, "target": 26}, {"source": 11, "target": 27}, {"source": 11, "target": 20}, {"source": 11, "target": 21}, {"source": 11, "target": 22}, {"source": 12, "target": 23}, {"source": 12, "target": 26}, {"source": 12, "target": 27}, {"source": 12, "target": 28}, {"source": 12, "target": 20}, {"source": 12, "target": 21}, {"source": 12, "target": 22}, {"source": 13, "target": 23}, {"source": 13, "target": 24}, {"source": 13, "target": 26}, {"source": 13, "target": 18}, {"source": 13, "target": 27}, {"source": 13, "target": 28}, {"source": 13, "target": 19}, {"source": 13, "target": 20}, {"source": 13, "target": 22}, {"source": 14, "target": 23}, {"source": 14, "target": 24}, {"source": 14, "target": 25}, {"source": 14, "target": 18}, {"source": 14, "target": 28}, {"source": 14, "target": 29}, {"source": 14, "target": 19}, {"source": 14, "target": 20}, {"source": 14, "target": 21}, {"source": 14, "target": 26}, {"source": 15, "target": 24}, {"source": 15, "target": 25}, {"source": 15, "target": 26}, {"source": 15, "target": 29}, {"source": 15, "target": 19}, {"source": 15, "target": 20}, {"source": 15, "target": 18}, {"source": 16, "target": 28}, {"source": 16, "target": 29}, {"source": 16, "target": 27}, {"source": 16, "target": 19}, {"source": 16, "target": 26}, {"source": 17, "target": 28}, {"source": 17, "target": 27}, {"source": 17, "target": 19}, {"source": 17, "target": 26}], "multigraph": false}