{"directed": false, "graph": [], "nodes": [{"name": "lh_inferiorparietal", "weight": 0.3333333333333333, "pos": [18, 265], "ts_group_id": 0, "label": "inferiorparietal", "input_id": 53, "layer_pos": 6, "y": 265, "x": 18, "brain_side": "left", "id": 461, "func_id": "7"}, {"name": "lh_temporalpole", "weight": 0.09090909090909091, "pos": [12, 310], "ts_group_id": 0, "label": "temporalpole", "input_id": 62, "layer_pos": 4, "y": 310, "x": 12, "brain_side": "left", "id": 334, "func_id": "5"}, {"name": "rh_parsopercularis", "weight": 0.12, "pos": [0, 30], "ts_group_id": 0, "label": "parsopercularis", "input_id": 6, "layer_pos": 0, "y": 30, "x": 0, "brain_side": "right", "id": 6, "func_id": "4"}, {"name": "lh_transversetemporal", "weight": 0.17647058823529413, "pos": [3, 335], "ts_group_id": 0, "label": "transversetemporal", "input_id": 67, "layer_pos": 1, "y": 335, "x": 3, "brain_side": "left", "id": 135, "func_id": "2"}, {"name": "lh_insula", "weight": 0.20588235294117646, "pos": [3, 340], "ts_group_id": 0, "label": "insula", "input_id": 68, "layer_pos": 1, "y": 340, "x": 3, "brain_side": "left", "id": 136, "func_id": "4"}, {"name": "rh_temporalpole", "weight": 0.09090909090909091, "pos": [12, 140], "ts_group_id": 0, "label": "temporalpole", "input_id": 28, "layer_pos": 4, "y": 140, "x": 12, "brain_side": "right", "id": 300, "func_id": "5"}, {"name": "rh_precentral", "weight": 0.52, "pos": [0, 50], "ts_group_id": 0, "label": "precentral", "input_id": 10, "layer_pos": 0, "y": 50, "x": 0, "brain_side": "right", "id": 10, "func_id": "2"}, {"name": "rh_postcentral", "weight": 1.28, "pos": [0, 80], "ts_group_id": 0, "label": "postcentral", "input_id": 16, "layer_pos": 0, "y": 80, "x": 0, "brain_side": "right", "id": 16, "func_id": "2"}, {"name": "rh_supramarginal", "weight": 0.12, "pos": [0, 85], "ts_group_id": 0, "label": "supramarginal", "input_id": 17, "layer_pos": 0, "y": 85, "x": 0, "brain_side": "right", "id": 17, "func_id": "4"}, {"name": "rh_precentral", "weight": 0.375, "pos": [6, 50], "ts_group_id": 0, "label": "precentral", "input_id": 10, "layer_pos": 2, "y": 50, "x": 6, "brain_side": "right", "id": 146, "func_id": "2"}, {"name": "rh_paracentral", "weight": 0.125, "pos": [6, 55], "ts_group_id": 0, "label": "paracentral", "input_id": 11, "layer_pos": 2, "y": 55, "x": 6, "brain_side": "right", "id": 147, "func_id": "2"}, {"name": "lh_middletemporal", "weight": 0.14285714285714285, "pos": [15, 320], "ts_group_id": 0, "label": "middletemporal", "input_id": 64, "layer_pos": 5, "y": 320, "x": 15, "brain_side": "left", "id": 404, "func_id": "7"}, {"name": "rh_postcentral", "weight": 1.0, "pos": [6, 80], "ts_group_id": 0, "label": "postcentral", "input_id": 16, "layer_pos": 2, "y": 80, "x": 6, "brain_side": "right", "id": 152, "func_id": "2"}, {"name": "rh_supramarginal", "weight": 0.28125, "pos": [6, 85], "ts_group_id": 0, "label": "supramarginal", "input_id": 17, "layer_pos": 2, "y": 85, "x": 6, "brain_side": "right", "id": 153, "func_id": "4"}, {"name": "rh_precentral", "weight": 0.09090909090909091, "pos": [12, 50], "ts_group_id": 0, "label": "precentral", "input_id": 10, "layer_pos": 4, "y": 50, "x": 12, "brain_side": "right", "id": 282, "func_id": "2"}, {"name": "rh_postcentral", "weight": 0.2727272727272727, "pos": [12, 80], "ts_group_id": 0, "label": "postcentral", "input_id": 16, "layer_pos": 4, "y": 80, "x": 12, "brain_side": "right", "id": 288, "func_id": "2"}, {"name": "rh_transversetemporal", "weight": 0.16, "pos": [0, 165], "ts_group_id": 0, "label": "transversetemporal", "input_id": 33, "layer_pos": 0, "y": 165, "x": 0, "brain_side": "right", "id": 33, "func_id": "2"}, {"name": "rh_insula", "weight": 0.12, "pos": [0, 170], "ts_group_id": 0, "label": "insula", "input_id": 34, "layer_pos": 0, "y": 170, "x": 0, "brain_side": "right", "id": 34, "func_id": "4"}, {"name": "rh_precuneus", "weight": 0.09090909090909091, "pos": [12, 100], "ts_group_id": 0, "label": "precuneus", "input_id": 20, "layer_pos": 4, "y": 100, "x": 12, "brain_side": "right", "id": 292, "func_id": "7"}, {"name": "lh_superiortemporal", "weight": 0.11764705882352941, "pos": [3, 330], "ts_group_id": 0, "label": "superiortemporal", "input_id": 66, "layer_pos": 1, "y": 330, "x": 3, "brain_side": "left", "id": 134, "func_id": "2"}, {"name": "rh_postcentral", "weight": 0.3333333333333333, "pos": [18, 80], "ts_group_id": 0, "label": "postcentral", "input_id": 16, "layer_pos": 6, "y": 80, "x": 18, "brain_side": "right", "id": 424, "func_id": "2"}, {"name": "lh_precentral", "weight": 0.36, "pos": [0, 220], "ts_group_id": 0, "label": "precentral", "input_id": 44, "layer_pos": 0, "y": 220, "x": 0, "brain_side": "left", "id": 44, "func_id": "2"}, {"name": "lh_paracentral", "weight": 0.16, "pos": [0, 225], "ts_group_id": 0, "label": "paracentral", "input_id": 45, "layer_pos": 0, "y": 225, "x": 0, "brain_side": "left", "id": 45, "func_id": "2"}, {"name": "rh_temporalpole", "weight": 0.14285714285714285, "pos": [15, 140], "ts_group_id": 0, "label": "temporalpole", "input_id": 28, "layer_pos": 5, "y": 140, "x": 15, "brain_side": "right", "id": 368, "func_id": "5"}, {"name": "lh_postcentral", "weight": 0.88, "pos": [0, 250], "ts_group_id": 0, "label": "postcentral", "input_id": 50, "layer_pos": 0, "y": 250, "x": 0, "brain_side": "left", "id": 50, "func_id": "2"}, {"name": "lh_supramarginal", "weight": 0.12, "pos": [0, 255], "ts_group_id": 0, "label": "supramarginal", "input_id": 51, "layer_pos": 0, "y": 255, "x": 0, "brain_side": "left", "id": 51, "func_id": "4"}, {"name": "lh_precentral", "weight": 0.25, "pos": [6, 220], "ts_group_id": 0, "label": "precentral", "input_id": 44, "layer_pos": 2, "y": 220, "x": 6, "brain_side": "left", "id": 180, "func_id": "2"}, {"name": "lh_paracentral", "weight": 0.125, "pos": [6, 225], "ts_group_id": 0, "label": "paracentral", "input_id": 45, "layer_pos": 2, "y": 225, "x": 6, "brain_side": "left", "id": 181, "func_id": "2"}, {"name": "lh_postcentral", "weight": 0.625, "pos": [6, 250], "ts_group_id": 0, "label": "postcentral", "input_id": 50, "layer_pos": 2, "y": 250, "x": 6, "brain_side": "left", "id": 186, "func_id": "2"}, {"name": "lh_supramarginal", "weight": 0.125, "pos": [6, 255], "ts_group_id": 0, "label": "supramarginal", "input_id": 51, "layer_pos": 2, "y": 255, "x": 6, "brain_side": "left", "id": 187, "func_id": "4"}, {"name": "lh_precentral", "weight": 0.09090909090909091, "pos": [12, 220], "ts_group_id": 0, "label": "precentral", "input_id": 44, "layer_pos": 4, "y": 220, "x": 12, "brain_side": "left", "id": 316, "func_id": "2"}, {"name": "lh_postcentral", "weight": 0.18181818181818182, "pos": [12, 250], "ts_group_id": 0, "label": "postcentral", "input_id": 50, "layer_pos": 4, "y": 250, "x": 12, "brain_side": "left", "id": 322, "func_id": "2"}, {"name": "lh_transversetemporal", "weight": 0.16, "pos": [0, 335], "ts_group_id": 0, "label": "transversetemporal", "input_id": 67, "layer_pos": 0, "y": 335, "x": 0, "brain_side": "left", "id": 67, "func_id": "2"}, {"name": "lh_insula", "weight": 0.16, "pos": [0, 340], "ts_group_id": 0, "label": "insula", "input_id": 68, "layer_pos": 0, "y": 340, "x": 0, "brain_side": "left", "id": 68, "func_id": "4"}, {"name": "lh_postcentral", "weight": 0.14285714285714285, "pos": [15, 250], "ts_group_id": 0, "label": "postcentral", "input_id": 50, "layer_pos": 5, "y": 250, "x": 15, "brain_side": "left", "id": 390, "func_id": "2"}, {"name": "rh_supramarginal", "weight": 0.09090909090909091, "pos": [12, 85], "ts_group_id": 0, "label": "supramarginal", "input_id": 17, "layer_pos": 4, "y": 85, "x": 12, "brain_side": "right", "id": 289, "func_id": "4"}, {"name": "lh_postcentral", "weight": 0.3333333333333333, "pos": [18, 250], "ts_group_id": 0, "label": "postcentral", "input_id": 50, "layer_pos": 6, "y": 250, "x": 18, "brain_side": "left", "id": 458, "func_id": "2"}, {"name": "lh_caudalmiddlefrontal", "weight": 0.09523809523809523, "pos": [9, 215], "ts_group_id": 0, "label": "caudalmiddlefrontal", "input_id": 43, "layer_pos": 3, "y": 215, "x": 9, "brain_side": "left", "id": 247, "func_id": "7"}, {"name": "lh_insula", "weight": 0.125, "pos": [6, 340], "ts_group_id": 0, "label": "insula", "input_id": 68, "layer_pos": 2, "y": 340, "x": 6, "brain_side": "left", "id": 204, "func_id": "4"}, {"name": "lh_entorhinal", "weight": 0.09090909090909091, "pos": [12, 305], "ts_group_id": 0, "label": "entorhinal", "input_id": 61, "layer_pos": 4, "y": 305, "x": 12, "brain_side": "left", "id": 333, "func_id": "5"}, {"name": "rh_precentral", "weight": 0.6176470588235294, "pos": [3, 50], "ts_group_id": 0, "label": "precentral", "input_id": 10, "layer_pos": 1, "y": 50, "x": 3, "brain_side": "right", "id": 78, "func_id": "2"}, {"name": "rh_paracentral", "weight": 0.14705882352941177, "pos": [3, 55], "ts_group_id": 0, "label": "paracentral", "input_id": 11, "layer_pos": 1, "y": 55, "x": 3, "brain_side": "right", "id": 79, "func_id": "2"}, {"name": "lh_middletemporal", "weight": 0.09090909090909091, "pos": [12, 320], "ts_group_id": 0, "label": "middletemporal", "input_id": 64, "layer_pos": 4, "y": 320, "x": 12, "brain_side": "left", "id": 336, "func_id": "7"}, {"name": "lh_bankssts", "weight": 0.09090909090909091, "pos": [12, 325], "ts_group_id": 0, "label": "bankssts", "input_id": 65, "layer_pos": 4, "y": 325, "x": 12, "brain_side": "left", "id": 337, "func_id": "7"}, {"name": "rh_postcentral", "weight": 1.2352941176470589, "pos": [3, 80], "ts_group_id": 0, "label": "postcentral", "input_id": 16, "layer_pos": 1, "y": 80, "x": 3, "brain_side": "right", "id": 84, "func_id": "2"}, {"name": "rh_supramarginal", "weight": 0.20588235294117646, "pos": [3, 85], "ts_group_id": 0, "label": "supramarginal", "input_id": 17, "layer_pos": 1, "y": 85, "x": 3, "brain_side": "right", "id": 85, "func_id": "4"}, {"name": "rh_precentral", "weight": 0.23809523809523808, "pos": [9, 50], "ts_group_id": 0, "label": "precentral", "input_id": 10, "layer_pos": 3, "y": 50, "x": 9, "brain_side": "right", "id": 214, "func_id": "2"}, {"name": "rh_paracentral", "weight": 0.19047619047619047, "pos": [9, 55], "ts_group_id": 0, "label": "paracentral", "input_id": 11, "layer_pos": 3, "y": 55, "x": 9, "brain_side": "right", "id": 215, "func_id": "2"}, {"name": "rh_postcentral", "weight": 0.5238095238095238, "pos": [9, 80], "ts_group_id": 0, "label": "postcentral", "input_id": 16, "layer_pos": 3, "y": 80, "x": 9, "brain_side": "right", "id": 220, "func_id": "2"}, {"name": "rh_supramarginal", "weight": 0.14285714285714285, "pos": [9, 85], "ts_group_id": 0, "label": "supramarginal", "input_id": 17, "layer_pos": 3, "y": 85, "x": 9, "brain_side": "right", "id": 221, "func_id": "4"}, {"name": "rh_postcentral", "weight": 0.14285714285714285, "pos": [15, 80], "ts_group_id": 0, "label": "postcentral", "input_id": 16, "layer_pos": 5, "y": 80, "x": 15, "brain_side": "right", "id": 356, "func_id": "2"}, {"name": "rh_transversetemporal", "weight": 0.11764705882352941, "pos": [3, 165], "ts_group_id": 0, "label": "transversetemporal", "input_id": 33, "layer_pos": 1, "y": 165, "x": 3, "brain_side": "right", "id": 101, "func_id": "2"}, {"name": "rh_insula", "weight": 0.11764705882352941, "pos": [3, 170], "ts_group_id": 0, "label": "insula", "input_id": 34, "layer_pos": 1, "y": 170, "x": 3, "brain_side": "right", "id": 102, "func_id": "4"}, {"name": "lh_entorhinal", "weight": 0.14285714285714285, "pos": [15, 305], "ts_group_id": 0, "label": "entorhinal", "input_id": 61, "layer_pos": 5, "y": 305, "x": 15, "brain_side": "left", "id": 401, "func_id": "5"}, {"name": "rh_postcentral", "weight": 1.0, "pos": [21, 80], "ts_group_id": 0, "label": "postcentral", "input_id": 16, "layer_pos": 7, "y": 80, "x": 21, "brain_side": "right", "id": 492, "func_id": "2"}, {"name": "lh_temporalpole", "weight": 0.14285714285714285, "pos": [15, 310], "ts_group_id": 0, "label": "temporalpole", "input_id": 62, "layer_pos": 5, "y": 310, "x": 15, "brain_side": "left", "id": 402, "func_id": "5"}, {"name": "rh_insula", "weight": 0.09523809523809523, "pos": [9, 170], "ts_group_id": 0, "label": "insula", "input_id": 34, "layer_pos": 3, "y": 170, "x": 9, "brain_side": "right", "id": 238, "func_id": "4"}, {"name": "rh_entorhinal", "weight": 0.14285714285714285, "pos": [15, 135], "ts_group_id": 0, "label": "entorhinal", "input_id": 27, "layer_pos": 5, "y": 135, "x": 15, "brain_side": "right", "id": 367, "func_id": "5"}, {"name": "lh_precentral", "weight": 0.4411764705882353, "pos": [3, 220], "ts_group_id": 0, "label": "precentral", "input_id": 44, "layer_pos": 1, "y": 220, "x": 3, "brain_side": "left", "id": 112, "func_id": "2"}, {"name": "lh_paracentral", "weight": 0.14705882352941177, "pos": [3, 225], "ts_group_id": 0, "label": "paracentral", "input_id": 45, "layer_pos": 1, "y": 225, "x": 3, "brain_side": "left", "id": 113, "func_id": "2"}, {"name": "lh_postcentral", "weight": 0.9117647058823529, "pos": [3, 250], "ts_group_id": 0, "label": "postcentral", "input_id": 50, "layer_pos": 1, "y": 250, "x": 3, "brain_side": "left", "id": 118, "func_id": "2"}, {"name": "lh_supramarginal", "weight": 0.14705882352941177, "pos": [3, 255], "ts_group_id": 0, "label": "supramarginal", "input_id": 51, "layer_pos": 1, "y": 255, "x": 3, "brain_side": "left", "id": 119, "func_id": "4"}, {"name": "lh_precentral", "weight": 0.14285714285714285, "pos": [9, 220], "ts_group_id": 0, "label": "precentral", "input_id": 44, "layer_pos": 3, "y": 220, "x": 9, "brain_side": "left", "id": 248, "func_id": "2"}, {"name": "lh_paracentral", "weight": 0.14285714285714285, "pos": [9, 225], "ts_group_id": 0, "label": "paracentral", "input_id": 45, "layer_pos": 3, "y": 225, "x": 9, "brain_side": "left", "id": 249, "func_id": "2"}, {"name": "lh_postcentral", "weight": 0.38095238095238093, "pos": [9, 250], "ts_group_id": 0, "label": "postcentral", "input_id": 50, "layer_pos": 3, "y": 250, "x": 9, "brain_side": "left", "id": 254, "func_id": "2"}, {"name": "lh_supramarginal", "weight": 0.09523809523809523, "pos": [9, 255], "ts_group_id": 0, "label": "supramarginal", "input_id": 51, "layer_pos": 3, "y": 255, "x": 9, "brain_side": "left", "id": 255, "func_id": "4"}], "links": [{"source": 0, "target": 11}, {"source": 0, "target": 34}, {"source": 1, "target": 53}, {"source": 1, "target": 55}, {"source": 2, "target": 52}, {"source": 2, "target": 45}, {"source": 2, "target": 40}, {"source": 3, "target": 38}, {"source": 3, "target": 32}, {"source": 3, "target": 33}, {"source": 4, "target": 32}, {"source": 4, "target": 33}, {"source": 4, "target": 38}, {"source": 4, "target": 21}, {"source": 4, "target": 24}, {"source": 4, "target": 25}, {"source": 4, "target": 26}, {"source": 4, "target": 28}, {"source": 4, "target": 29}, {"source": 5, "target": 23}, {"source": 5, "target": 56}, {"source": 5, "target": 57}, {"source": 6, "target": 52}, {"source": 6, "target": 40}, {"source": 6, "target": 41}, {"source": 6, "target": 58}, {"source": 6, "target": 59}, {"source": 6, "target": 44}, {"source": 6, "target": 45}, {"source": 7, "target": 52}, {"source": 7, "target": 40}, {"source": 7, "target": 41}, {"source": 7, "target": 59}, {"source": 7, "target": 44}, {"source": 7, "target": 45}, {"source": 7, "target": 60}, {"source": 8, "target": 52}, {"source": 8, "target": 44}, {"source": 8, "target": 45}, {"source": 8, "target": 40}, {"source": 8, "target": 51}, {"source": 9, "target": 52}, {"source": 9, "target": 56}, {"source": 9, "target": 40}, {"source": 9, "target": 41}, {"source": 9, "target": 58}, {"source": 9, "target": 59}, {"source": 9, "target": 44}, {"source": 9, "target": 45}, {"source": 9, "target": 46}, {"source": 9, "target": 47}, {"source": 9, "target": 62}, {"source": 9, "target": 63}, {"source": 9, "target": 48}, {"source": 9, "target": 49}, {"source": 10, "target": 46}, {"source": 10, "target": 40}, {"source": 10, "target": 41}, {"source": 10, "target": 58}, {"source": 10, "target": 59}, {"source": 10, "target": 44}, {"source": 10, "target": 60}, {"source": 10, "target": 47}, {"source": 10, "target": 62}, {"source": 10, "target": 63}, {"source": 10, "target": 48}, {"source": 10, "target": 64}, {"source": 11, "target": 31}, {"source": 11, "target": 36}, {"source": 11, "target": 42}, {"source": 11, "target": 43}, {"source": 11, "target": 30}, {"source": 12, "target": 46}, {"source": 12, "target": 52}, {"source": 12, "target": 56}, {"source": 12, "target": 40}, {"source": 12, "target": 41}, {"source": 12, "target": 59}, {"source": 12, "target": 44}, {"source": 12, "target": 45}, {"source": 12, "target": 60}, {"source": 12, "target": 47}, {"source": 12, "target": 63}, {"source": 12, "target": 48}, {"source": 12, "target": 49}, {"source": 12, "target": 64}, {"source": 13, "target": 51}, {"source": 13, "target": 52}, {"source": 13, "target": 40}, {"source": 13, "target": 56}, {"source": 13, "target": 44}, {"source": 13, "target": 45}, {"source": 13, "target": 46}, {"source": 13, "target": 48}, {"source": 13, "target": 49}, {"source": 14, "target": 50}, {"source": 14, "target": 56}, {"source": 14, "target": 46}, {"source": 14, "target": 47}, {"source": 14, "target": 62}, {"source": 14, "target": 63}, {"source": 14, "target": 48}, {"source": 14, "target": 49}, {"source": 15, "target": 50}, {"source": 15, "target": 34}, {"source": 15, "target": 56}, {"source": 15, "target": 46}, {"source": 15, "target": 47}, {"source": 15, "target": 63}, {"source": 15, "target": 48}, {"source": 15, "target": 49}, {"source": 15, "target": 64}, {"source": 16, "target": 45}, {"source": 16, "target": 52}, {"source": 16, "target": 51}, {"source": 17, "target": 52}, {"source": 17, "target": 44}, {"source": 17, "target": 45}, {"source": 17, "target": 40}, {"source": 17, "target": 51}, {"source": 18, "target": 63}, {"source": 18, "target": 34}, {"source": 18, "target": 64}, {"source": 18, "target": 47}, {"source": 19, "target": 32}, {"source": 19, "target": 33}, {"source": 19, "target": 38}, {"source": 19, "target": 21}, {"source": 19, "target": 25}, {"source": 19, "target": 26}, {"source": 19, "target": 29}, {"source": 20, "target": 54}, {"source": 20, "target": 50}, {"source": 20, "target": 34}, {"source": 21, "target": 40}, {"source": 21, "target": 41}, {"source": 21, "target": 58}, {"source": 21, "target": 59}, {"source": 21, "target": 60}, {"source": 21, "target": 61}, {"source": 22, "target": 40}, {"source": 22, "target": 41}, {"source": 22, "target": 58}, {"source": 22, "target": 59}, {"source": 22, "target": 44}, {"source": 22, "target": 60}, {"source": 24, "target": 41}, {"source": 24, "target": 58}, {"source": 24, "target": 59}, {"source": 24, "target": 44}, {"source": 24, "target": 60}, {"source": 24, "target": 61}, {"source": 25, "target": 58}, {"source": 25, "target": 60}, {"source": 25, "target": 61}, {"source": 26, "target": 46}, {"source": 26, "target": 47}, {"source": 26, "target": 40}, {"source": 26, "target": 41}, {"source": 26, "target": 58}, {"source": 26, "target": 59}, {"source": 26, "target": 60}, {"source": 26, "target": 61}, {"source": 26, "target": 62}, {"source": 26, "target": 63}, {"source": 26, "target": 65}, {"source": 26, "target": 64}, {"source": 26, "target": 37}, {"source": 27, "target": 46}, {"source": 27, "target": 40}, {"source": 27, "target": 41}, {"source": 27, "target": 58}, {"source": 27, "target": 59}, {"source": 27, "target": 44}, {"source": 27, "target": 60}, {"source": 27, "target": 47}, {"source": 27, "target": 62}, {"source": 27, "target": 63}, {"source": 27, "target": 48}, {"source": 27, "target": 64}, {"source": 28, "target": 47}, {"source": 28, "target": 41}, {"source": 28, "target": 58}, {"source": 28, "target": 59}, {"source": 28, "target": 44}, {"source": 28, "target": 60}, {"source": 28, "target": 61}, {"source": 28, "target": 62}, {"source": 28, "target": 63}, {"source": 28, "target": 65}, {"source": 28, "target": 48}, {"source": 28, "target": 64}, {"source": 28, "target": 37}, {"source": 29, "target": 58}, {"source": 29, "target": 60}, {"source": 29, "target": 61}, {"source": 29, "target": 62}, {"source": 29, "target": 64}, {"source": 29, "target": 65}, {"source": 30, "target": 34}, {"source": 30, "target": 47}, {"source": 30, "target": 46}, {"source": 30, "target": 37}, {"source": 30, "target": 62}, {"source": 30, "target": 63}, {"source": 30, "target": 64}, {"source": 30, "target": 65}, {"source": 31, "target": 50}, {"source": 31, "target": 34}, {"source": 31, "target": 47}, {"source": 31, "target": 37}, {"source": 31, "target": 62}, {"source": 31, "target": 63}, {"source": 31, "target": 48}, {"source": 31, "target": 64}, {"source": 31, "target": 65}, {"source": 33, "target": 58}, {"source": 33, "target": 60}, {"source": 33, "target": 61}, {"source": 34, "target": 36}, {"source": 34, "target": 42}, {"source": 35, "target": 56}, {"source": 35, "target": 48}, {"source": 35, "target": 49}, {"source": 35, "target": 46}, {"source": 35, "target": 50}, {"source": 36, "target": 50}, {"source": 36, "target": 54}, {"source": 37, "target": 42}, {"source": 38, "target": 58}, {"source": 38, "target": 60}, {"source": 38, "target": 61}, {"source": 38, "target": 62}, {"source": 38, "target": 64}, {"source": 38, "target": 65}, {"source": 39, "target": 53}, {"source": 39, "target": 55}, {"source": 42, "target": 62}, {"source": 42, "target": 64}, {"source": 42, "target": 65}, {"source": 43, "target": 62}, {"source": 43, "target": 65}], "multigraph": false}