{"directed": false, "graph": [], "nodes": [{"name": "rh_lateralorbitofrontal", "weight": 0.13333333333333333, "pos": [0, 5], "ts_group_id": 0, "label": "lateralorbitofrontal", "input_id": 1, "layer_pos": 0, "y": 5, "x": 0, "brain_side": "right", "id": 1, "func_id": "5"}, {"name": "rh_frontalpole", "weight": 0.36666666666666664, "pos": [0, 15], "ts_group_id": 0, "label": "frontalpole", "input_id": 3, "layer_pos": 0, "y": 15, "x": 0, "brain_side": "right", "id": 3, "func_id": "5"}, {"name": "rh_medialorbitofrontal", "weight": 0.9333333333333333, "pos": [0, 20], "ts_group_id": 0, "label": "medialorbitofrontal", "input_id": 4, "layer_pos": 0, "y": 20, "x": 0, "brain_side": "right", "id": 4, "func_id": "5"}, {"name": "rh_superiorfrontal", "weight": 0.23333333333333334, "pos": [0, 40], "ts_group_id": 0, "label": "superiorfrontal", "input_id": 8, "layer_pos": 0, "y": 40, "x": 0, "brain_side": "right", "id": 8, "func_id": "7"}, {"name": "rh_lateralorbitofrontal", "weight": 0.1111111111111111, "pos": [6, 5], "ts_group_id": 0, "label": "lateralorbitofrontal", "input_id": 1, "layer_pos": 2, "y": 5, "x": 6, "brain_side": "right", "id": 137, "func_id": "5"}, {"name": "rh_frontalpole", "weight": 0.3333333333333333, "pos": [6, 15], "ts_group_id": 0, "label": "frontalpole", "input_id": 3, "layer_pos": 2, "y": 15, "x": 6, "brain_side": "right", "id": 139, "func_id": "5"}, {"name": "rh_rostralanteriorcingulate", "weight": 0.6333333333333333, "pos": [0, 60], "ts_group_id": 0, "label": "rostralanteriorcingulate", "input_id": 12, "layer_pos": 0, "y": 60, "x": 0, "brain_side": "right", "id": 12, "func_id": "7"}, {"name": "lh_medialorbitofrontal", "weight": 0.4074074074074074, "pos": [9, 190], "ts_group_id": 0, "label": "medialorbitofrontal", "input_id": 38, "layer_pos": 3, "y": 190, "x": 9, "brain_side": "left", "id": 242, "func_id": "5"}, {"name": "rh_isthmuscingulate", "weight": 0.16666666666666666, "pos": [0, 75], "ts_group_id": 0, "label": "isthmuscingulate", "input_id": 15, "layer_pos": 0, "y": 75, "x": 0, "brain_side": "right", "id": 15, "func_id": "7"}, {"name": "rh_superiorfrontal", "weight": 0.3333333333333333, "pos": [6, 40], "ts_group_id": 0, "label": "superiorfrontal", "input_id": 8, "layer_pos": 2, "y": 40, "x": 6, "brain_side": "right", "id": 144, "func_id": "7"}, {"name": "rh_lateralorbitofrontal", "weight": 0.11538461538461539, "pos": [12, 5], "ts_group_id": 0, "label": "lateralorbitofrontal", "input_id": 1, "layer_pos": 4, "y": 5, "x": 12, "brain_side": "right", "id": 273, "func_id": "5"}, {"name": "lh_caudalanteriorcingulate", "weight": 0.1111111111111111, "pos": [15, 235], "ts_group_id": 0, "label": "caudalanteriorcingulate", "input_id": 47, "layer_pos": 5, "y": 235, "x": 15, "brain_side": "left", "id": 387, "func_id": "4"}, {"name": "rh_rostralanteriorcingulate", "weight": 0.7407407407407407, "pos": [6, 60], "ts_group_id": 0, "label": "rostralanteriorcingulate", "input_id": 12, "layer_pos": 2, "y": 60, "x": 6, "brain_side": "right", "id": 148, "func_id": "7"}, {"name": "lh_medialorbitofrontal", "weight": 0.8888888888888888, "pos": [6, 190], "ts_group_id": 0, "label": "medialorbitofrontal", "input_id": 38, "layer_pos": 2, "y": 190, "x": 6, "brain_side": "left", "id": 174, "func_id": "5"}, {"name": "rh_superiorfrontal", "weight": 0.15384615384615385, "pos": [12, 40], "ts_group_id": 0, "label": "superiorfrontal", "input_id": 8, "layer_pos": 4, "y": 40, "x": 12, "brain_side": "right", "id": 280, "func_id": "7"}, {"name": "rh_parahippocampal", "weight": 0.1, "pos": [0, 130], "ts_group_id": 0, "label": "parahippocampal", "input_id": 26, "layer_pos": 0, "y": 130, "x": 0, "brain_side": "right", "id": 26, "func_id": "1"}, {"name": "lh_lateralorbitofrontal", "weight": 0.16666666666666666, "pos": [0, 175], "ts_group_id": 0, "label": "lateralorbitofrontal", "input_id": 35, "layer_pos": 0, "y": 175, "x": 0, "brain_side": "left", "id": 35, "func_id": "5"}, {"name": "rh_temporalpole", "weight": 0.1111111111111111, "pos": [6, 140], "ts_group_id": 0, "label": "temporalpole", "input_id": 28, "layer_pos": 2, "y": 140, "x": 6, "brain_side": "right", "id": 164, "func_id": "5"}, {"name": "lh_frontalpole", "weight": 0.3, "pos": [0, 185], "ts_group_id": 0, "label": "frontalpole", "input_id": 37, "layer_pos": 0, "y": 185, "x": 0, "brain_side": "left", "id": 37, "func_id": "5"}, {"name": "lh_medialorbitofrontal", "weight": 0.7, "pos": [0, 190], "ts_group_id": 0, "label": "medialorbitofrontal", "input_id": 38, "layer_pos": 0, "y": 190, "x": 0, "brain_side": "left", "id": 38, "func_id": "5"}, {"name": "lh_superiorfrontal", "weight": 0.16666666666666666, "pos": [0, 210], "ts_group_id": 0, "label": "superiorfrontal", "input_id": 42, "layer_pos": 0, "y": 210, "x": 0, "brain_side": "left", "id": 42, "func_id": "7"}, {"name": "lh_frontalpole", "weight": 0.2962962962962963, "pos": [6, 185], "ts_group_id": 0, "label": "frontalpole", "input_id": 37, "layer_pos": 2, "y": 185, "x": 6, "brain_side": "left", "id": 173, "func_id": "5"}, {"name": "lh_rostralanteriorcingulate", "weight": 0.8, "pos": [0, 230], "ts_group_id": 0, "label": "rostralanteriorcingulate", "input_id": 46, "layer_pos": 0, "y": 230, "x": 0, "brain_side": "left", "id": 46, "func_id": "7"}, {"name": "lh_posteriorcingulate", "weight": 0.13333333333333333, "pos": [0, 240], "ts_group_id": 0, "label": "posteriorcingulate", "input_id": 48, "layer_pos": 0, "y": 240, "x": 0, "brain_side": "left", "id": 48, "func_id": "4"}, {"name": "lh_isthmuscingulate", "weight": 0.2, "pos": [0, 245], "ts_group_id": 0, "label": "isthmuscingulate", "input_id": 49, "layer_pos": 0, "y": 245, "x": 0, "brain_side": "left", "id": 49, "func_id": "7"}, {"name": "lh_superiorfrontal", "weight": 0.2222222222222222, "pos": [6, 210], "ts_group_id": 0, "label": "superiorfrontal", "input_id": 42, "layer_pos": 2, "y": 210, "x": 6, "brain_side": "left", "id": 178, "func_id": "7"}, {"name": "lh_medialorbitofrontal", "weight": 1.0, "pos": [18, 190], "ts_group_id": 0, "label": "medialorbitofrontal", "input_id": 38, "layer_pos": 6, "y": 190, "x": 18, "brain_side": "left", "id": 446, "func_id": "5"}, {"name": "lh_frontalpole", "weight": 0.15384615384615385, "pos": [12, 185], "ts_group_id": 0, "label": "frontalpole", "input_id": 37, "layer_pos": 4, "y": 185, "x": 12, "brain_side": "left", "id": 309, "func_id": "5"}, {"name": "lh_precuneus", "weight": 0.1, "pos": [0, 270], "ts_group_id": 0, "label": "precuneus", "input_id": 54, "layer_pos": 0, "y": 270, "x": 0, "brain_side": "left", "id": 54, "func_id": "7"}, {"name": "lh_isthmuscingulate", "weight": 0.1111111111111111, "pos": [6, 245], "ts_group_id": 0, "label": "isthmuscingulate", "input_id": 49, "layer_pos": 2, "y": 245, "x": 6, "brain_side": "left", "id": 185, "func_id": "7"}, {"name": "lh_superiorfrontal", "weight": 0.15384615384615385, "pos": [12, 210], "ts_group_id": 0, "label": "superiorfrontal", "input_id": 42, "layer_pos": 4, "y": 210, "x": 12, "brain_side": "left", "id": 314, "func_id": "7"}, {"name": "lh_rostralanteriorcingulate", "weight": 0.11538461538461539, "pos": [12, 230], "ts_group_id": 0, "label": "rostralanteriorcingulate", "input_id": 46, "layer_pos": 4, "y": 230, "x": 12, "brain_side": "left", "id": 318, "func_id": "7"}, {"name": "lh_frontalpole", "weight": 0.3333333333333333, "pos": [15, 185], "ts_group_id": 0, "label": "frontalpole", "input_id": 37, "layer_pos": 5, "y": 185, "x": 15, "brain_side": "left", "id": 377, "func_id": "5"}, {"name": "lh_rostralanteriorcingulate", "weight": 0.7037037037037037, "pos": [6, 230], "ts_group_id": 0, "label": "rostralanteriorcingulate", "input_id": 46, "layer_pos": 2, "y": 230, "x": 6, "brain_side": "left", "id": 182, "func_id": "7"}, {"name": "rh_frontalpole", "weight": 0.3548387096774194, "pos": [3, 15], "ts_group_id": 0, "label": "frontalpole", "input_id": 3, "layer_pos": 1, "y": 15, "x": 3, "brain_side": "right", "id": 71, "func_id": "5"}, {"name": "rh_medialorbitofrontal", "weight": 1.1612903225806452, "pos": [3, 20], "ts_group_id": 0, "label": "medialorbitofrontal", "input_id": 4, "layer_pos": 1, "y": 20, "x": 3, "brain_side": "right", "id": 72, "func_id": "5"}, {"name": "rh_medialorbitofrontal", "weight": 1.0, "pos": [6, 20], "ts_group_id": 0, "label": "medialorbitofrontal", "input_id": 4, "layer_pos": 2, "y": 20, "x": 6, "brain_side": "right", "id": 140, "func_id": "5"}, {"name": "rh_superiorfrontal", "weight": 0.3548387096774194, "pos": [3, 40], "ts_group_id": 0, "label": "superiorfrontal", "input_id": 8, "layer_pos": 1, "y": 40, "x": 3, "brain_side": "right", "id": 76, "func_id": "7"}, {"name": "rh_lateralorbitofrontal", "weight": 0.1111111111111111, "pos": [9, 5], "ts_group_id": 0, "label": "lateralorbitofrontal", "input_id": 1, "layer_pos": 3, "y": 5, "x": 9, "brain_side": "right", "id": 205, "func_id": "5"}, {"name": "rh_rostralanteriorcingulate", "weight": 0.7419354838709677, "pos": [3, 60], "ts_group_id": 0, "label": "rostralanteriorcingulate", "input_id": 12, "layer_pos": 1, "y": 60, "x": 3, "brain_side": "right", "id": 80, "func_id": "7"}, {"name": "lh_medialorbitofrontal", "weight": 0.1111111111111111, "pos": [15, 190], "ts_group_id": 0, "label": "medialorbitofrontal", "input_id": 38, "layer_pos": 5, "y": 190, "x": 15, "brain_side": "left", "id": 378, "func_id": "5"}, {"name": "rh_isthmuscingulate", "weight": 0.12903225806451613, "pos": [3, 75], "ts_group_id": 0, "label": "isthmuscingulate", "input_id": 15, "layer_pos": 1, "y": 75, "x": 3, "brain_side": "right", "id": 83, "func_id": "7"}, {"name": "rh_superiorfrontal", "weight": 0.2222222222222222, "pos": [9, 40], "ts_group_id": 0, "label": "superiorfrontal", "input_id": 8, "layer_pos": 3, "y": 40, "x": 9, "brain_side": "right", "id": 212, "func_id": "7"}, {"name": "rh_lateralorbitofrontal", "weight": 0.2222222222222222, "pos": [15, 5], "ts_group_id": 0, "label": "lateralorbitofrontal", "input_id": 1, "layer_pos": 5, "y": 5, "x": 15, "brain_side": "right", "id": 341, "func_id": "5"}, {"name": "rh_frontalpole", "weight": 0.1111111111111111, "pos": [15, 15], "ts_group_id": 0, "label": "frontalpole", "input_id": 3, "layer_pos": 5, "y": 15, "x": 15, "brain_side": "right", "id": 343, "func_id": "5"}, {"name": "rh_rostralanteriorcingulate", "weight": 0.25925925925925924, "pos": [9, 60], "ts_group_id": 0, "label": "rostralanteriorcingulate", "input_id": 12, "layer_pos": 3, "y": 60, "x": 9, "brain_side": "right", "id": 216, "func_id": "7"}, {"name": "rh_superiorfrontal", "weight": 0.2222222222222222, "pos": [15, 40], "ts_group_id": 0, "label": "superiorfrontal", "input_id": 8, "layer_pos": 5, "y": 40, "x": 15, "brain_side": "right", "id": 348, "func_id": "7"}, {"name": "lh_rostralanteriorcingulate", "weight": 0.3333333333333333, "pos": [9, 230], "ts_group_id": 0, "label": "rostralanteriorcingulate", "input_id": 46, "layer_pos": 3, "y": 230, "x": 9, "brain_side": "left", "id": 250, "func_id": "7"}, {"name": "rh_medialorbitofrontal", "weight": 0.5925925925925926, "pos": [9, 20], "ts_group_id": 0, "label": "medialorbitofrontal", "input_id": 4, "layer_pos": 3, "y": 20, "x": 9, "brain_side": "right", "id": 208, "func_id": "5"}, {"name": "rh_insula", "weight": 0.1111111111111111, "pos": [15, 170], "ts_group_id": 0, "label": "insula", "input_id": 34, "layer_pos": 5, "y": 170, "x": 15, "brain_side": "right", "id": 374, "func_id": "4"}, {"name": "lh_lateralorbitofrontal", "weight": 0.16129032258064516, "pos": [3, 175], "ts_group_id": 0, "label": "lateralorbitofrontal", "input_id": 35, "layer_pos": 1, "y": 175, "x": 3, "brain_side": "left", "id": 103, "func_id": "5"}, {"name": "rh_temporalpole", "weight": 0.1111111111111111, "pos": [9, 140], "ts_group_id": 0, "label": "temporalpole", "input_id": 28, "layer_pos": 3, "y": 140, "x": 9, "brain_side": "right", "id": 232, "func_id": "5"}, {"name": "lh_frontalpole", "weight": 0.3225806451612903, "pos": [3, 185], "ts_group_id": 0, "label": "frontalpole", "input_id": 37, "layer_pos": 1, "y": 185, "x": 3, "brain_side": "left", "id": 105, "func_id": "5"}, {"name": "lh_medialorbitofrontal", "weight": 0.7741935483870968, "pos": [3, 190], "ts_group_id": 0, "label": "medialorbitofrontal", "input_id": 38, "layer_pos": 1, "y": 190, "x": 3, "brain_side": "left", "id": 106, "func_id": "5"}, {"name": "lh_superiorfrontal", "weight": 0.2903225806451613, "pos": [3, 210], "ts_group_id": 0, "label": "superiorfrontal", "input_id": 42, "layer_pos": 1, "y": 210, "x": 3, "brain_side": "left", "id": 110, "func_id": "7"}, {"name": "lh_lateralorbitofrontal", "weight": 0.18518518518518517, "pos": [9, 175], "ts_group_id": 0, "label": "lateralorbitofrontal", "input_id": 35, "layer_pos": 3, "y": 175, "x": 9, "brain_side": "left", "id": 239, "func_id": "5"}, {"name": "lh_frontalpole", "weight": 0.2222222222222222, "pos": [9, 185], "ts_group_id": 0, "label": "frontalpole", "input_id": 37, "layer_pos": 3, "y": 185, "x": 9, "brain_side": "left", "id": 241, "func_id": "5"}, {"name": "lh_rostralanteriorcingulate", "weight": 0.8709677419354839, "pos": [3, 230], "ts_group_id": 0, "label": "rostralanteriorcingulate", "input_id": 46, "layer_pos": 1, "y": 230, "x": 3, "brain_side": "left", "id": 114, "func_id": "7"}, {"name": "lh_posteriorcingulate", "weight": 0.12903225806451613, "pos": [3, 240], "ts_group_id": 0, "label": "posteriorcingulate", "input_id": 48, "layer_pos": 1, "y": 240, "x": 3, "brain_side": "left", "id": 116, "func_id": "4"}, {"name": "lh_isthmuscingulate", "weight": 0.1935483870967742, "pos": [3, 245], "ts_group_id": 0, "label": "isthmuscingulate", "input_id": 49, "layer_pos": 1, "y": 245, "x": 3, "brain_side": "left", "id": 117, "func_id": "7"}, {"name": "lh_superiorfrontal", "weight": 0.18518518518518517, "pos": [9, 210], "ts_group_id": 0, "label": "superiorfrontal", "input_id": 42, "layer_pos": 3, "y": 210, "x": 9, "brain_side": "left", "id": 246, "func_id": "7"}, {"name": "rh_medialorbitofrontal", "weight": 0.15384615384615385, "pos": [12, 20], "ts_group_id": 0, "label": "medialorbitofrontal", "input_id": 4, "layer_pos": 4, "y": 20, "x": 12, "brain_side": "right", "id": 276, "func_id": "5"}, {"name": "lh_precuneus", "weight": 0.0967741935483871, "pos": [3, 270], "ts_group_id": 0, "label": "precuneus", "input_id": 54, "layer_pos": 1, "y": 270, "x": 3, "brain_side": "left", "id": 122, "func_id": "7"}, {"name": "lh_superiorfrontal", "weight": 0.1111111111111111, "pos": [15, 210], "ts_group_id": 0, "label": "superiorfrontal", "input_id": 42, "layer_pos": 5, "y": 210, "x": 15, "brain_side": "left", "id": 382, "func_id": "7"}, {"name": "lh_caudalmiddlefrontal", "weight": 0.1111111111111111, "pos": [15, 215], "ts_group_id": 0, "label": "caudalmiddlefrontal", "input_id": 43, "layer_pos": 5, "y": 215, "x": 15, "brain_side": "left", "id": 383, "func_id": "7"}], "links": [{"source": 0, "target": 35}, {"source": 0, "target": 34}, {"source": 1, "target": 35}, {"source": 1, "target": 53}, {"source": 1, "target": 54}, {"source": 1, "target": 34}, {"source": 2, "target": 50}, {"source": 2, "target": 35}, {"source": 2, "target": 52}, {"source": 2, "target": 53}, {"source": 2, "target": 34}, {"source": 2, "target": 37}, {"source": 2, "target": 54}, {"source": 2, "target": 39}, {"source": 2, "target": 57}, {"source": 3, "target": 35}, {"source": 3, "target": 52}, {"source": 3, "target": 53}, {"source": 3, "target": 37}, {"source": 3, "target": 54}, {"source": 3, "target": 39}, {"source": 3, "target": 57}, {"source": 3, "target": 41}, {"source": 3, "target": 58}, {"source": 4, "target": 35}, {"source": 4, "target": 48}, {"source": 4, "target": 51}, {"source": 4, "target": 38}, {"source": 4, "target": 34}, {"source": 5, "target": 34}, {"source": 5, "target": 35}, {"source": 5, "target": 53}, {"source": 5, "target": 38}, {"source": 5, "target": 54}, {"source": 5, "target": 48}, {"source": 5, "target": 7}, {"source": 5, "target": 60}, {"source": 6, "target": 35}, {"source": 6, "target": 53}, {"source": 6, "target": 37}, {"source": 6, "target": 54}, {"source": 6, "target": 39}, {"source": 6, "target": 57}, {"source": 7, "target": 36}, {"source": 7, "target": 21}, {"source": 7, "target": 13}, {"source": 7, "target": 9}, {"source": 7, "target": 25}, {"source": 7, "target": 12}, {"source": 7, "target": 27}, {"source": 7, "target": 33}, {"source": 7, "target": 14}, {"source": 7, "target": 61}, {"source": 7, "target": 30}, {"source": 7, "target": 31}, {"source": 8, "target": 62}, {"source": 8, "target": 41}, {"source": 8, "target": 37}, {"source": 8, "target": 59}, {"source": 9, "target": 48}, {"source": 9, "target": 35}, {"source": 9, "target": 52}, {"source": 9, "target": 53}, {"source": 9, "target": 37}, {"source": 9, "target": 54}, {"source": 9, "target": 39}, {"source": 9, "target": 56}, {"source": 9, "target": 57}, {"source": 9, "target": 41}, {"source": 9, "target": 58}, {"source": 9, "target": 60}, {"source": 9, "target": 45}, {"source": 9, "target": 42}, {"source": 9, "target": 47}, {"source": 10, "target": 51}, {"source": 10, "target": 38}, {"source": 10, "target": 48}, {"source": 10, "target": 43}, {"source": 10, "target": 49}, {"source": 10, "target": 44}, {"source": 11, "target": 14}, {"source": 11, "target": 30}, {"source": 11, "target": 26}, {"source": 11, "target": 31}, {"source": 12, "target": 48}, {"source": 12, "target": 35}, {"source": 12, "target": 53}, {"source": 12, "target": 37}, {"source": 12, "target": 54}, {"source": 12, "target": 39}, {"source": 12, "target": 57}, {"source": 12, "target": 42}, {"source": 12, "target": 60}, {"source": 12, "target": 45}, {"source": 12, "target": 47}, {"source": 13, "target": 48}, {"source": 13, "target": 50}, {"source": 13, "target": 35}, {"source": 13, "target": 52}, {"source": 13, "target": 53}, {"source": 13, "target": 34}, {"source": 13, "target": 37}, {"source": 13, "target": 54}, {"source": 13, "target": 55}, {"source": 13, "target": 39}, {"source": 13, "target": 56}, {"source": 13, "target": 57}, {"source": 13, "target": 58}, {"source": 13, "target": 60}, {"source": 13, "target": 45}, {"source": 13, "target": 42}, {"source": 13, "target": 47}, {"source": 14, "target": 49}, {"source": 14, "target": 48}, {"source": 14, "target": 56}, {"source": 14, "target": 42}, {"source": 14, "target": 60}, {"source": 14, "target": 45}, {"source": 14, "target": 32}, {"source": 14, "target": 47}, {"source": 14, "target": 46}, {"source": 14, "target": 40}, {"source": 14, "target": 63}, {"source": 14, "target": 64}, {"source": 15, "target": 41}, {"source": 16, "target": 35}, {"source": 16, "target": 53}, {"source": 16, "target": 50}, {"source": 17, "target": 51}, {"source": 17, "target": 38}, {"source": 18, "target": 35}, {"source": 18, "target": 52}, {"source": 18, "target": 53}, {"source": 18, "target": 37}, {"source": 19, "target": 50}, {"source": 19, "target": 35}, {"source": 19, "target": 52}, {"source": 19, "target": 53}, {"source": 19, "target": 34}, {"source": 19, "target": 37}, {"source": 19, "target": 54}, {"source": 19, "target": 39}, {"source": 19, "target": 57}, {"source": 19, "target": 58}, {"source": 20, "target": 34}, {"source": 20, "target": 35}, {"source": 20, "target": 53}, {"source": 20, "target": 37}, {"source": 20, "target": 54}, {"source": 20, "target": 39}, {"source": 20, "target": 57}, {"source": 20, "target": 58}, {"source": 20, "target": 59}, {"source": 20, "target": 62}, {"source": 21, "target": 35}, {"source": 21, "target": 52}, {"source": 21, "target": 53}, {"source": 21, "target": 37}, {"source": 21, "target": 48}, {"source": 21, "target": 56}, {"source": 21, "target": 42}, {"source": 22, "target": 35}, {"source": 22, "target": 53}, {"source": 22, "target": 37}, {"source": 22, "target": 54}, {"source": 22, "target": 39}, {"source": 22, "target": 57}, {"source": 22, "target": 58}, {"source": 22, "target": 59}, {"source": 22, "target": 62}, {"source": 23, "target": 53}, {"source": 23, "target": 37}, {"source": 23, "target": 54}, {"source": 23, "target": 57}, {"source": 23, "target": 58}, {"source": 23, "target": 59}, {"source": 23, "target": 62}, {"source": 24, "target": 54}, {"source": 24, "target": 57}, {"source": 24, "target": 41}, {"source": 24, "target": 58}, {"source": 24, "target": 59}, {"source": 24, "target": 62}, {"source": 25, "target": 48}, {"source": 25, "target": 34}, {"source": 25, "target": 35}, {"source": 25, "target": 53}, {"source": 25, "target": 37}, {"source": 25, "target": 54}, {"source": 25, "target": 39}, {"source": 25, "target": 57}, {"source": 25, "target": 58}, {"source": 25, "target": 59}, {"source": 25, "target": 60}, {"source": 25, "target": 45}, {"source": 25, "target": 42}, {"source": 25, "target": 62}, {"source": 25, "target": 47}, {"source": 26, "target": 44}, {"source": 26, "target": 32}, {"source": 26, "target": 40}, {"source": 26, "target": 46}, {"source": 26, "target": 63}, {"source": 27, "target": 48}, {"source": 27, "target": 56}, {"source": 27, "target": 42}, {"source": 27, "target": 32}, {"source": 27, "target": 40}, {"source": 27, "target": 46}, {"source": 28, "target": 54}, {"source": 28, "target": 57}, {"source": 28, "target": 41}, {"source": 28, "target": 58}, {"source": 28, "target": 59}, {"source": 28, "target": 62}, {"source": 29, "target": 54}, {"source": 29, "target": 57}, {"source": 29, "target": 41}, {"source": 29, "target": 58}, {"source": 29, "target": 59}, {"source": 29, "target": 60}, {"source": 29, "target": 62}, {"source": 29, "target": 47}, {"source": 30, "target": 48}, {"source": 30, "target": 42}, {"source": 30, "target": 60}, {"source": 30, "target": 44}, {"source": 30, "target": 45}, {"source": 30, "target": 47}, {"source": 30, "target": 46}, {"source": 30, "target": 40}, {"source": 30, "target": 63}, {"source": 30, "target": 64}, {"source": 31, "target": 48}, {"source": 31, "target": 42}, {"source": 31, "target": 60}, {"source": 31, "target": 45}, {"source": 31, "target": 47}, {"source": 31, "target": 46}, {"source": 31, "target": 40}, {"source": 31, "target": 63}, {"source": 32, "target": 61}, {"source": 33, "target": 48}, {"source": 33, "target": 35}, {"source": 33, "target": 53}, {"source": 33, "target": 37}, {"source": 33, "target": 54}, {"source": 33, "target": 39}, {"source": 33, "target": 57}, {"source": 33, "target": 58}, {"source": 33, "target": 59}, {"source": 33, "target": 60}, {"source": 33, "target": 45}, {"source": 33, "target": 42}, {"source": 33, "target": 62}, {"source": 33, "target": 47}, {"source": 34, "target": 36}, {"source": 35, "target": 36}, {"source": 36, "target": 48}, {"source": 36, "target": 50}, {"source": 36, "target": 52}, {"source": 36, "target": 53}, {"source": 36, "target": 37}, {"source": 36, "target": 38}, {"source": 36, "target": 54}, {"source": 36, "target": 55}, {"source": 36, "target": 39}, {"source": 36, "target": 56}, {"source": 36, "target": 57}, {"source": 36, "target": 42}, {"source": 36, "target": 60}, {"source": 36, "target": 45}, {"source": 36, "target": 47}, {"source": 38, "target": 61}, {"source": 40, "target": 61}, {"source": 42, "target": 61}, {"source": 43, "target": 61}, {"source": 44, "target": 61}, {"source": 45, "target": 61}, {"source": 46, "target": 61}, {"source": 47, "target": 61}, {"source": 48, "target": 61}, {"source": 55, "target": 61}, {"source": 56, "target": 61}, {"source": 60, "target": 61}, {"source": 61, "target": 63}], "multigraph": false}