{"directed": false, "graph": [], "nodes": [{"name": "lh_inferiortemporal", "weight": 0.1, "pos": [3, 315], "ts_group_id": 0, "label": "inferiortemporal", "input_id": 63, "layer_pos": 1, "y": 315, "x": 3, "brain_side": "left", "id": 131, "func_id": "5"}, {"name": "lh_middletemporal", "weight": 0.1, "pos": [3, 320], "ts_group_id": 0, "label": "middletemporal", "input_id": 64, "layer_pos": 1, "y": 320, "x": 3, "brain_side": "left", "id": 132, "func_id": "7"}, {"name": "lh_bankssts", "weight": 0.45, "pos": [3, 325], "ts_group_id": 0, "label": "bankssts", "input_id": 65, "layer_pos": 1, "y": 325, "x": 3, "brain_side": "left", "id": 133, "func_id": "7"}, {"name": "lh_superiortemporal", "weight": 1.0, "pos": [3, 330], "ts_group_id": 0, "label": "superiortemporal", "input_id": 66, "layer_pos": 1, "y": 330, "x": 3, "brain_side": "left", "id": 134, "func_id": "2"}, {"name": "lh_transversetemporal", "weight": 0.65, "pos": [3, 335], "ts_group_id": 0, "label": "transversetemporal", "input_id": 67, "layer_pos": 1, "y": 335, "x": 3, "brain_side": "left", "id": 135, "func_id": "2"}, {"name": "lh_insula", "weight": 0.75, "pos": [3, 340], "ts_group_id": 0, "label": "insula", "input_id": 68, "layer_pos": 1, "y": 340, "x": 3, "brain_side": "left", "id": 136, "func_id": "4"}, {"name": "lh_lateralorbitofrontal", "weight": 0.25, "pos": [12, 175], "ts_group_id": 0, "label": "lateralorbitofrontal", "input_id": 35, "layer_pos": 4, "y": 175, "x": 12, "brain_side": "left", "id": 307, "func_id": "5"}, {"name": "lh_inferiortemporal", "weight": 0.125, "pos": [9, 315], "ts_group_id": 0, "label": "inferiortemporal", "input_id": 63, "layer_pos": 3, "y": 315, "x": 9, "brain_side": "left", "id": 267, "func_id": "5"}, {"name": "lh_bankssts", "weight": 0.1875, "pos": [9, 325], "ts_group_id": 0, "label": "bankssts", "input_id": 65, "layer_pos": 3, "y": 325, "x": 9, "brain_side": "left", "id": 269, "func_id": "7"}, {"name": "lh_superiortemporal", "weight": 0.4375, "pos": [9, 330], "ts_group_id": 0, "label": "superiortemporal", "input_id": 66, "layer_pos": 3, "y": 330, "x": 9, "brain_side": "left", "id": 270, "func_id": "2"}, {"name": "lh_transversetemporal", "weight": 0.25, "pos": [9, 335], "ts_group_id": 0, "label": "transversetemporal", "input_id": 67, "layer_pos": 3, "y": 335, "x": 9, "brain_side": "left", "id": 271, "func_id": "2"}, {"name": "lh_insula", "weight": 0.1875, "pos": [9, 340], "ts_group_id": 0, "label": "insula", "input_id": 68, "layer_pos": 3, "y": 340, "x": 9, "brain_side": "left", "id": 272, "func_id": "4"}, {"name": "lh_lateralorbitofrontal", "weight": 0.1111111111111111, "pos": [0, 175], "ts_group_id": 0, "label": "lateralorbitofrontal", "input_id": 35, "layer_pos": 0, "y": 175, "x": 0, "brain_side": "left", "id": 35, "func_id": "5"}, {"name": "lh_rostralmiddlefrontal", "weight": 0.1111111111111111, "pos": [0, 205], "ts_group_id": 0, "label": "rostralmiddlefrontal", "input_id": 41, "layer_pos": 0, "y": 205, "x": 0, "brain_side": "left", "id": 41, "func_id": "6"}, {"name": "lh_parstriangularis", "weight": 0.14285714285714285, "pos": [6, 195], "ts_group_id": 0, "label": "parstriangularis", "input_id": 39, "layer_pos": 2, "y": 195, "x": 6, "brain_side": "left", "id": 175, "func_id": "7"}, {"name": "lh_parsopercularis", "weight": 0.09523809523809523, "pos": [6, 200], "ts_group_id": 0, "label": "parsopercularis", "input_id": 40, "layer_pos": 2, "y": 200, "x": 6, "brain_side": "left", "id": 176, "func_id": "4"}, {"name": "lh_rostralmiddlefrontal", "weight": 0.14285714285714285, "pos": [6, 205], "ts_group_id": 0, "label": "rostralmiddlefrontal", "input_id": 41, "layer_pos": 2, "y": 205, "x": 6, "brain_side": "left", "id": 177, "func_id": "6"}, {"name": "lh_supramarginal", "weight": 0.2777777777777778, "pos": [0, 255], "ts_group_id": 0, "label": "supramarginal", "input_id": 51, "layer_pos": 0, "y": 255, "x": 0, "brain_side": "left", "id": 51, "func_id": "4"}, {"name": "lh_precentral", "weight": 0.14285714285714285, "pos": [6, 220], "ts_group_id": 0, "label": "precentral", "input_id": 44, "layer_pos": 2, "y": 220, "x": 6, "brain_side": "left", "id": 180, "func_id": "2"}, {"name": "lh_fusiform", "weight": 0.1111111111111111, "pos": [0, 295], "ts_group_id": 0, "label": "fusiform", "input_id": 59, "layer_pos": 0, "y": 295, "x": 0, "brain_side": "left", "id": 59, "func_id": "1"}, {"name": "lh_temporalpole", "weight": 0.16666666666666666, "pos": [0, 310], "ts_group_id": 0, "label": "temporalpole", "input_id": 62, "layer_pos": 0, "y": 310, "x": 0, "brain_side": "left", "id": 62, "func_id": "5"}, {"name": "lh_inferiortemporal", "weight": 0.16666666666666666, "pos": [0, 315], "ts_group_id": 0, "label": "inferiortemporal", "input_id": 63, "layer_pos": 0, "y": 315, "x": 0, "brain_side": "left", "id": 63, "func_id": "5"}, {"name": "lh_middletemporal", "weight": 0.16666666666666666, "pos": [0, 320], "ts_group_id": 0, "label": "middletemporal", "input_id": 64, "layer_pos": 0, "y": 320, "x": 0, "brain_side": "left", "id": 64, "func_id": "7"}, {"name": "lh_bankssts", "weight": 0.6666666666666666, "pos": [0, 325], "ts_group_id": 0, "label": "bankssts", "input_id": 65, "layer_pos": 0, "y": 325, "x": 0, "brain_side": "left", "id": 65, "func_id": "7"}, {"name": "lh_superiortemporal", "weight": 1.2222222222222223, "pos": [0, 330], "ts_group_id": 0, "label": "superiortemporal", "input_id": 66, "layer_pos": 0, "y": 330, "x": 0, "brain_side": "left", "id": 66, "func_id": "2"}, {"name": "lh_transversetemporal", "weight": 0.7222222222222222, "pos": [0, 335], "ts_group_id": 0, "label": "transversetemporal", "input_id": 67, "layer_pos": 0, "y": 335, "x": 0, "brain_side": "left", "id": 67, "func_id": "2"}, {"name": "lh_insula", "weight": 0.8333333333333334, "pos": [0, 340], "ts_group_id": 0, "label": "insula", "input_id": 68, "layer_pos": 0, "y": 340, "x": 0, "brain_side": "left", "id": 68, "func_id": "4"}, {"name": "lh_middletemporal", "weight": 0.19047619047619047, "pos": [6, 320], "ts_group_id": 0, "label": "middletemporal", "input_id": 64, "layer_pos": 2, "y": 320, "x": 6, "brain_side": "left", "id": 200, "func_id": "7"}, {"name": "lh_bankssts", "weight": 0.47619047619047616, "pos": [6, 325], "ts_group_id": 0, "label": "bankssts", "input_id": 65, "layer_pos": 2, "y": 325, "x": 6, "brain_side": "left", "id": 201, "func_id": "7"}, {"name": "lh_superiortemporal", "weight": 0.9523809523809523, "pos": [6, 330], "ts_group_id": 0, "label": "superiortemporal", "input_id": 66, "layer_pos": 2, "y": 330, "x": 6, "brain_side": "left", "id": 202, "func_id": "2"}, {"name": "lh_transversetemporal", "weight": 0.5238095238095238, "pos": [6, 335], "ts_group_id": 0, "label": "transversetemporal", "input_id": 67, "layer_pos": 2, "y": 335, "x": 6, "brain_side": "left", "id": 203, "func_id": "2"}, {"name": "lh_insula", "weight": 0.5238095238095238, "pos": [6, 340], "ts_group_id": 0, "label": "insula", "input_id": 68, "layer_pos": 2, "y": 340, "x": 6, "brain_side": "left", "id": 204, "func_id": "4"}, {"name": "lh_bankssts", "weight": 0.5, "pos": [12, 325], "ts_group_id": 0, "label": "bankssts", "input_id": 65, "layer_pos": 4, "y": 325, "x": 12, "brain_side": "left", "id": 337, "func_id": "7"}, {"name": "lh_superiortemporal", "weight": 0.5, "pos": [12, 330], "ts_group_id": 0, "label": "superiortemporal", "input_id": 66, "layer_pos": 4, "y": 330, "x": 12, "brain_side": "left", "id": 338, "func_id": "2"}, {"name": "lh_insula", "weight": 0.25, "pos": [12, 340], "ts_group_id": 0, "label": "insula", "input_id": 68, "layer_pos": 4, "y": 340, "x": 12, "brain_side": "left", "id": 340, "func_id": "4"}, {"name": "lh_supramarginal", "weight": 0.2857142857142857, "pos": [6, 255], "ts_group_id": 0, "label": "supramarginal", "input_id": 51, "layer_pos": 2, "y": 255, "x": 6, "brain_side": "left", "id": 187, "func_id": "4"}, {"name": "lh_lateralorbitofrontal", "weight": 0.15, "pos": [3, 175], "ts_group_id": 0, "label": "lateralorbitofrontal", "input_id": 35, "layer_pos": 1, "y": 175, "x": 3, "brain_side": "left", "id": 103, "func_id": "5"}, {"name": "lh_parstriangularis", "weight": 0.1, "pos": [3, 195], "ts_group_id": 0, "label": "parstriangularis", "input_id": 39, "layer_pos": 1, "y": 195, "x": 3, "brain_side": "left", "id": 107, "func_id": "7"}, {"name": "lh_parsopercularis", "weight": 0.1, "pos": [3, 200], "ts_group_id": 0, "label": "parsopercularis", "input_id": 40, "layer_pos": 1, "y": 200, "x": 3, "brain_side": "left", "id": 108, "func_id": "4"}, {"name": "lh_rostralmiddlefrontal", "weight": 0.1, "pos": [3, 205], "ts_group_id": 0, "label": "rostralmiddlefrontal", "input_id": 41, "layer_pos": 1, "y": 205, "x": 3, "brain_side": "left", "id": 109, "func_id": "6"}, {"name": "lh_precentral", "weight": 0.1, "pos": [3, 220], "ts_group_id": 0, "label": "precentral", "input_id": 44, "layer_pos": 1, "y": 220, "x": 3, "brain_side": "left", "id": 112, "func_id": "2"}, {"name": "lh_parsopercularis", "weight": 0.125, "pos": [9, 200], "ts_group_id": 0, "label": "parsopercularis", "input_id": 40, "layer_pos": 3, "y": 200, "x": 9, "brain_side": "left", "id": 244, "func_id": "4"}, {"name": "lh_supramarginal", "weight": 0.35, "pos": [3, 255], "ts_group_id": 0, "label": "supramarginal", "input_id": 51, "layer_pos": 1, "y": 255, "x": 3, "brain_side": "left", "id": 119, "func_id": "4"}, {"name": "lh_supramarginal", "weight": 0.125, "pos": [9, 255], "ts_group_id": 0, "label": "supramarginal", "input_id": 51, "layer_pos": 3, "y": 255, "x": 9, "brain_side": "left", "id": 255, "func_id": "4"}], "links": [{"source": 0, "target": 22}, {"source": 0, "target": 24}, {"source": 0, "target": 35}, {"source": 0, "target": 26}, {"source": 0, "target": 27}, {"source": 0, "target": 13}, {"source": 0, "target": 29}, {"source": 0, "target": 31}, {"source": 0, "target": 15}, {"source": 0, "target": 16}, {"source": 0, "target": 17}, {"source": 0, "target": 18}, {"source": 0, "target": 19}, {"source": 0, "target": 20}, {"source": 0, "target": 21}, {"source": 1, "target": 22}, {"source": 1, "target": 23}, {"source": 1, "target": 24}, {"source": 1, "target": 12}, {"source": 1, "target": 26}, {"source": 1, "target": 27}, {"source": 1, "target": 28}, {"source": 1, "target": 29}, {"source": 1, "target": 31}, {"source": 1, "target": 15}, {"source": 1, "target": 17}, {"source": 1, "target": 18}, {"source": 1, "target": 35}, {"source": 1, "target": 19}, {"source": 1, "target": 21}, {"source": 2, "target": 22}, {"source": 2, "target": 23}, {"source": 2, "target": 24}, {"source": 2, "target": 27}, {"source": 2, "target": 28}, {"source": 2, "target": 29}, {"source": 2, "target": 15}, {"source": 2, "target": 17}, {"source": 2, "target": 18}, {"source": 2, "target": 35}, {"source": 3, "target": 22}, {"source": 3, "target": 23}, {"source": 3, "target": 24}, {"source": 3, "target": 12}, {"source": 3, "target": 26}, {"source": 3, "target": 27}, {"source": 3, "target": 28}, {"source": 3, "target": 29}, {"source": 3, "target": 25}, {"source": 3, "target": 31}, {"source": 3, "target": 15}, {"source": 3, "target": 17}, {"source": 3, "target": 18}, {"source": 3, "target": 35}, {"source": 3, "target": 30}, {"source": 3, "target": 19}, {"source": 3, "target": 20}, {"source": 3, "target": 21}, {"source": 4, "target": 24}, {"source": 4, "target": 25}, {"source": 4, "target": 26}, {"source": 4, "target": 29}, {"source": 4, "target": 30}, {"source": 4, "target": 31}, {"source": 5, "target": 22}, {"source": 5, "target": 24}, {"source": 5, "target": 12}, {"source": 5, "target": 26}, {"source": 5, "target": 27}, {"source": 5, "target": 13}, {"source": 5, "target": 29}, {"source": 5, "target": 25}, {"source": 5, "target": 31}, {"source": 5, "target": 14}, {"source": 5, "target": 15}, {"source": 5, "target": 16}, {"source": 5, "target": 17}, {"source": 5, "target": 18}, {"source": 5, "target": 35}, {"source": 5, "target": 30}, {"source": 5, "target": 19}, {"source": 5, "target": 20}, {"source": 5, "target": 21}, {"source": 6, "target": 11}, {"source": 6, "target": 9}, {"source": 7, "target": 27}, {"source": 7, "target": 29}, {"source": 7, "target": 31}, {"source": 7, "target": 15}, {"source": 7, "target": 16}, {"source": 7, "target": 33}, {"source": 7, "target": 18}, {"source": 7, "target": 34}, {"source": 7, "target": 35}, {"source": 8, "target": 27}, {"source": 8, "target": 28}, {"source": 8, "target": 29}, {"source": 8, "target": 15}, {"source": 8, "target": 32}, {"source": 8, "target": 33}, {"source": 8, "target": 18}, {"source": 8, "target": 35}, {"source": 9, "target": 27}, {"source": 9, "target": 28}, {"source": 9, "target": 29}, {"source": 9, "target": 30}, {"source": 9, "target": 31}, {"source": 9, "target": 15}, {"source": 9, "target": 32}, {"source": 9, "target": 33}, {"source": 9, "target": 18}, {"source": 9, "target": 34}, {"source": 9, "target": 35}, {"source": 10, "target": 34}, {"source": 10, "target": 29}, {"source": 10, "target": 30}, {"source": 10, "target": 31}, {"source": 10, "target": 33}, {"source": 11, "target": 27}, {"source": 11, "target": 29}, {"source": 11, "target": 30}, {"source": 11, "target": 31}, {"source": 11, "target": 14}, {"source": 11, "target": 15}, {"source": 11, "target": 16}, {"source": 11, "target": 33}, {"source": 11, "target": 18}, {"source": 11, "target": 34}, {"source": 11, "target": 35}, {"source": 12, "target": 36}, {"source": 12, "target": 37}, {"source": 12, "target": 39}, {"source": 13, "target": 36}, {"source": 13, "target": 37}, {"source": 13, "target": 38}, {"source": 13, "target": 39}, {"source": 13, "target": 40}, {"source": 14, "target": 36}, {"source": 14, "target": 37}, {"source": 14, "target": 38}, {"source": 14, "target": 39}, {"source": 14, "target": 41}, {"source": 15, "target": 37}, {"source": 15, "target": 38}, {"source": 15, "target": 39}, {"source": 15, "target": 40}, {"source": 15, "target": 41}, {"source": 15, "target": 42}, {"source": 15, "target": 43}, {"source": 16, "target": 36}, {"source": 16, "target": 37}, {"source": 16, "target": 38}, {"source": 16, "target": 39}, {"source": 16, "target": 40}, {"source": 16, "target": 41}, {"source": 17, "target": 38}, {"source": 17, "target": 40}, {"source": 17, "target": 42}, {"source": 18, "target": 38}, {"source": 18, "target": 39}, {"source": 18, "target": 40}, {"source": 18, "target": 41}, {"source": 18, "target": 42}, {"source": 18, "target": 43}, {"source": 19, "target": 36}, {"source": 21, "target": 38}, {"source": 21, "target": 39}, {"source": 21, "target": 40}, {"source": 21, "target": 42}, {"source": 22, "target": 36}, {"source": 22, "target": 38}, {"source": 22, "target": 40}, {"source": 22, "target": 42}, {"source": 23, "target": 38}, {"source": 23, "target": 40}, {"source": 23, "target": 42}, {"source": 24, "target": 36}, {"source": 24, "target": 38}, {"source": 24, "target": 40}, {"source": 24, "target": 42}, {"source": 26, "target": 36}, {"source": 26, "target": 37}, {"source": 26, "target": 38}, {"source": 26, "target": 39}, {"source": 26, "target": 40}, {"source": 26, "target": 42}, {"source": 27, "target": 36}, {"source": 27, "target": 38}, {"source": 27, "target": 40}, {"source": 27, "target": 41}, {"source": 27, "target": 42}, {"source": 27, "target": 43}, {"source": 28, "target": 38}, {"source": 28, "target": 40}, {"source": 28, "target": 41}, {"source": 28, "target": 42}, {"source": 28, "target": 43}, {"source": 29, "target": 36}, {"source": 29, "target": 38}, {"source": 29, "target": 40}, {"source": 29, "target": 41}, {"source": 29, "target": 42}, {"source": 29, "target": 43}, {"source": 31, "target": 36}, {"source": 31, "target": 37}, {"source": 31, "target": 38}, {"source": 31, "target": 39}, {"source": 31, "target": 40}, {"source": 31, "target": 41}, {"source": 31, "target": 42}, {"source": 31, "target": 43}, {"source": 32, "target": 41}, {"source": 32, "target": 43}, {"source": 33, "target": 41}, {"source": 33, "target": 43}, {"source": 34, "target": 41}, {"source": 34, "target": 43}, {"source": 35, "target": 38}, {"source": 35, "target": 40}, {"source": 35, "target": 41}, {"source": 35, "target": 42}, {"source": 35, "target": 43}], "multigraph": false}