{"directed": false, "graph": [], "nodes": [{"name": "lh_bankssts", "weight": 0.073299761583797571, "pos": [0, 325], "ts_group_id": 0, "label": "bankssts", "input_id": 65, "layer_pos": 0, "y": 325, "x": 0, "brain_side": "left", "id": 65, "func_id": "7"}, {"name": "lh_superiortemporal", "weight": 0.26945680282529266, "pos": [0, 330], "ts_group_id": 0, "label": "superiortemporal", "input_id": 66, "layer_pos": 0, "y": 330, "x": 0, "brain_side": "left", "id": 66, "func_id": "2"}, {"name": "lh_transversetemporal", "weight": 0.28811228208583606, "pos": [0, 335], "ts_group_id": 0, "label": "transversetemporal", "input_id": 67, "layer_pos": 0, "y": 335, "x": 0, "brain_side": "left", "id": 67, "func_id": "2"}, {"name": "lh_insula", "weight": 0.42742796947950779, "pos": [0, 340], "ts_group_id": 0, "label": "insula", "input_id": 68, "layer_pos": 0, "y": 340, "x": 0, "brain_side": "left", "id": 68, "func_id": "4"}, {"name": "lh_bankssts", "weight": 0.050641948532440417, "pos": [3, 325], "ts_group_id": 0, "label": "bankssts", "input_id": 65, "layer_pos": 1, "y": 325, "x": 3, "brain_side": "left", "id": 133, "func_id": "7"}, {"name": "lh_superiortemporal", "weight": 0.25218480281663219, "pos": [3, 330], "ts_group_id": 0, "label": "superiortemporal", "input_id": 66, "layer_pos": 1, "y": 330, "x": 3, "brain_side": "left", "id": 134, "func_id": "2"}, {"name": "lh_transversetemporal", "weight": 0.31628935328996999, "pos": [3, 335], "ts_group_id": 0, "label": "transversetemporal", "input_id": 67, "layer_pos": 1, "y": 335, "x": 3, "brain_side": "left", "id": 135, "func_id": "2"}, {"name": "lh_insula", "weight": 0.44439087105922276, "pos": [3, 340], "ts_group_id": 0, "label": "insula", "input_id": 68, "layer_pos": 1, "y": 340, "x": 3, "brain_side": "left", "id": 136, "func_id": "4"}, {"name": "lh_superiortemporal", "weight": 0.25911766390086394, "pos": [6, 330], "ts_group_id": 0, "label": "superiortemporal", "input_id": 66, "layer_pos": 2, "y": 330, "x": 6, "brain_side": "left", "id": 202, "func_id": "2"}, {"name": "lh_lateralorbitofrontal", "weight": 0.075104184872213348, "pos": [3, 175], "ts_group_id": 0, "label": "lateralorbitofrontal", "input_id": 35, "layer_pos": 1, "y": 175, "x": 3, "brain_side": "left", "id": 103, "func_id": "5"}, {"name": "lh_insula", "weight": 0.28858868559442297, "pos": [6, 340], "ts_group_id": 0, "label": "insula", "input_id": 68, "layer_pos": 2, "y": 340, "x": 6, "brain_side": "left", "id": 204, "func_id": "4"}, {"name": "lh_postcentral", "weight": 0.040326594459475819, "pos": [12, 250], "ts_group_id": 0, "label": "postcentral", "input_id": 50, "layer_pos": 4, "y": 250, "x": 12, "brain_side": "left", "id": 322, "func_id": "2"}, {"name": "lh_superiortemporal", "weight": 0.082236362462559387, "pos": [9, 330], "ts_group_id": 0, "label": "superiortemporal", "input_id": 66, "layer_pos": 3, "y": 330, "x": 9, "brain_side": "left", "id": 270, "func_id": "2"}, {"name": "lh_parstriangularis", "weight": 0.043623598579171398, "pos": [6, 195], "ts_group_id": 0, "label": "parstriangularis", "input_id": 39, "layer_pos": 2, "y": 195, "x": 6, "brain_side": "left", "id": 175, "func_id": "7"}, {"name": "lh_insula", "weight": 0.059045093852484631, "pos": [9, 340], "ts_group_id": 0, "label": "insula", "input_id": 68, "layer_pos": 3, "y": 340, "x": 9, "brain_side": "left", "id": 272, "func_id": "4"}, {"name": "lh_rostralmiddlefrontal", "weight": 0.044759701193743451, "pos": [6, 205], "ts_group_id": 0, "label": "rostralmiddlefrontal", "input_id": 41, "layer_pos": 2, "y": 205, "x": 6, "brain_side": "left", "id": 177, "func_id": "6"}, {"name": "lh_postcentral", "weight": 0.043053262177330451, "pos": [3, 250], "ts_group_id": 0, "label": "postcentral", "input_id": 50, "layer_pos": 1, "y": 250, "x": 3, "brain_side": "left", "id": 118, "func_id": "2"}, {"name": "lh_transversetemporal", "weight": 0.076928885310138556, "pos": [9, 335], "ts_group_id": 0, "label": "transversetemporal", "input_id": 67, "layer_pos": 3, "y": 335, "x": 9, "brain_side": "left", "id": 271, "func_id": "2"}, {"name": "lh_transversetemporal", "weight": 0.2676184190943835, "pos": [6, 335], "ts_group_id": 0, "label": "transversetemporal", "input_id": 67, "layer_pos": 2, "y": 335, "x": 6, "brain_side": "left", "id": 203, "func_id": "2"}], "links": [{"source": 0, "target": 4}, {"source": 0, "target": 5}, {"source": 1, "target": 7}, {"source": 1, "target": 6}, {"source": 1, "target": 4}, {"source": 1, "target": 5}, {"source": 1, "target": 9}, {"source": 2, "target": 7}, {"source": 2, "target": 5}, {"source": 2, "target": 6}, {"source": 3, "target": 7}, {"source": 3, "target": 6}, {"source": 3, "target": 5}, {"source": 3, "target": 16}, {"source": 3, "target": 9}, {"source": 4, "target": 8}, {"source": 5, "target": 8}, {"source": 5, "target": 18}, {"source": 5, "target": 10}, {"source": 6, "target": 8}, {"source": 6, "target": 18}, {"source": 6, "target": 10}, {"source": 7, "target": 8}, {"source": 7, "target": 18}, {"source": 7, "target": 10}, {"source": 7, "target": 13}, {"source": 7, "target": 15}, {"source": 8, "target": 9}, {"source": 8, "target": 12}, {"source": 8, "target": 17}, {"source": 8, "target": 14}, {"source": 9, "target": 10}, {"source": 9, "target": 13}, {"source": 9, "target": 15}, {"source": 10, "target": 12}, {"source": 10, "target": 17}, {"source": 10, "target": 14}, {"source": 10, "target": 16}, {"source": 11, "target": 14}, {"source": 12, "target": 18}, {"source": 13, "target": 14}, {"source": 14, "target": 18}, {"source": 14, "target": 15}, {"source": 17, "target": 18}], "multigraph": false}