{"directed": false, "graph": [], "nodes": [{"name": "rh_rostralanteriorcingulate", "weight": 0.045770117864207781, "pos": [0, 60], "ts_group_id": 0, "label": "rostralanteriorcingulate", "input_id": 12, "layer_pos": 0, "y": 60, "x": 0, "brain_side": "right", "id": 12, "func_id": "7"}, {"name": "rh_caudalanteriorcingulate", "weight": 0.4135265846118385, "pos": [0, 65], "ts_group_id": 0, "label": "caudalanteriorcingulate", "input_id": 13, "layer_pos": 0, "y": 65, "x": 0, "brain_side": "right", "id": 13, "func_id": "4"}, {"name": "lh_caudalanteriorcingulate", "weight": 0.41417719123816171, "pos": [0, 235], "ts_group_id": 0, "label": "caudalanteriorcingulate", "input_id": 47, "layer_pos": 0, "y": 235, "x": 0, "brain_side": "left", "id": 47, "func_id": "4"}, {"name": "lh_posteriorcingulate", "weight": 0.050202234759720944, "pos": [0, 240], "ts_group_id": 0, "label": "posteriorcingulate", "input_id": 48, "layer_pos": 0, "y": 240, "x": 0, "brain_side": "left", "id": 48, "func_id": "4"}, {"name": "rh_caudalanteriorcingulate", "weight": 0.45315246875734022, "pos": [3, 65], "ts_group_id": 0, "label": "caudalanteriorcingulate", "input_id": 13, "layer_pos": 1, "y": 65, "x": 3, "brain_side": "right", "id": 81, "func_id": "4"}, {"name": "lh_caudalanteriorcingulate", "weight": 0.44820200406572092, "pos": [3, 235], "ts_group_id": 0, "label": "caudalanteriorcingulate", "input_id": 47, "layer_pos": 1, "y": 235, "x": 3, "brain_side": "left", "id": 115, "func_id": "4"}, {"name": "rh_caudalanteriorcingulate", "weight": 0.32858723327530992, "pos": [6, 65], "ts_group_id": 0, "label": "caudalanteriorcingulate", "input_id": 13, "layer_pos": 2, "y": 65, "x": 6, "brain_side": "right", "id": 149, "func_id": "4"}, {"name": "lh_caudalanteriorcingulate", "weight": 0.33688703307333795, "pos": [6, 235], "ts_group_id": 0, "label": "caudalanteriorcingulate", "input_id": 47, "layer_pos": 2, "y": 235, "x": 6, "brain_side": "left", "id": 183, "func_id": "4"}, {"name": "rh_caudalanteriorcingulate", "weight": 0.065827061514493884, "pos": [9, 65], "ts_group_id": 0, "label": "caudalanteriorcingulate", "input_id": 13, "layer_pos": 3, "y": 65, "x": 9, "brain_side": "right", "id": 217, "func_id": "4"}], "links": [{"source": 0, "target": 4}, {"source": 1, "target": 4}, {"source": 1, "target": 5}, {"source": 2, "target": 4}, {"source": 2, "target": 5}, {"source": 3, "target": 5}, {"source": 4, "target": 6}, {"source": 4, "target": 7}, {"source": 5, "target": 6}, {"source": 5, "target": 7}, {"source": 6, "target": 8}, {"source": 7, "target": 8}], "multigraph": false}