{"directed": false, "graph": [], "nodes": [{"name": "rh_frontalpole", "weight": 0.081600216039497728, "pos": [0, 15], "ts_group_id": 0, "label": "frontalpole", "input_id": 3, "layer_pos": 0, "y": 15, "x": 0, "brain_side": "right", "id": 3, "func_id": "5"}, {"name": "rh_rostralmiddlefrontal", "weight": 0.32064325847309272, "pos": [0, 35], "ts_group_id": 0, "label": "rostralmiddlefrontal", "input_id": 7, "layer_pos": 0, "y": 35, "x": 0, "brain_side": "right", "id": 7, "func_id": "6"}, {"name": "rh_caudalmiddlefrontal", "weight": 0.043501141397448644, "pos": [0, 45], "ts_group_id": 0, "label": "caudalmiddlefrontal", "input_id": 9, "layer_pos": 0, "y": 45, "x": 0, "brain_side": "right", "id": 9, "func_id": "6"}, {"name": "rh_frontalpole", "weight": 0.10622426039125085, "pos": [6, 15], "ts_group_id": 0, "label": "frontalpole", "input_id": 3, "layer_pos": 2, "y": 15, "x": 6, "brain_side": "right", "id": 139, "func_id": "5"}, {"name": "rh_parstriangularis", "weight": 0.047240684134217295, "pos": [6, 25], "ts_group_id": 0, "label": "parstriangularis", "input_id": 5, "layer_pos": 2, "y": 25, "x": 6, "brain_side": "right", "id": 141, "func_id": "4"}, {"name": "rh_rostralmiddlefrontal", "weight": 0.28327235956897451, "pos": [6, 35], "ts_group_id": 0, "label": "rostralmiddlefrontal", "input_id": 7, "layer_pos": 2, "y": 35, "x": 6, "brain_side": "right", "id": 143, "func_id": "6"}, {"name": "rh_caudalmiddlefrontal", "weight": 0.040608725614226564, "pos": [6, 45], "ts_group_id": 0, "label": "caudalmiddlefrontal", "input_id": 9, "layer_pos": 2, "y": 45, "x": 6, "brain_side": "right", "id": 145, "func_id": "6"}, {"name": "rh_parsorbitalis", "weight": 0.049603339768350803, "pos": [12, 10], "ts_group_id": 0, "label": "parsorbitalis", "input_id": 2, "layer_pos": 4, "y": 10, "x": 12, "brain_side": "right", "id": 274, "func_id": "7"}, {"name": "rh_rostralmiddlefrontal", "weight": 0.083183157884178377, "pos": [12, 35], "ts_group_id": 0, "label": "rostralmiddlefrontal", "input_id": 7, "layer_pos": 4, "y": 35, "x": 12, "brain_side": "right", "id": 279, "func_id": "6"}, {"name": "rh_parsorbitalis", "weight": 0.044064122878453356, "pos": [18, 10], "ts_group_id": 0, "label": "parsorbitalis", "input_id": 2, "layer_pos": 6, "y": 10, "x": 18, "brain_side": "right", "id": 410, "func_id": "7"}, {"name": "lh_medialorbitofrontal", "weight": 0.044027023636532839, "pos": [0, 190], "ts_group_id": 0, "label": "medialorbitofrontal", "input_id": 38, "layer_pos": 0, "y": 190, "x": 0, "brain_side": "left", "id": 38, "func_id": "5"}, {"name": "lh_rostralmiddlefrontal", "weight": 0.39126306831986501, "pos": [0, 205], "ts_group_id": 0, "label": "rostralmiddlefrontal", "input_id": 41, "layer_pos": 0, "y": 205, "x": 0, "brain_side": "left", "id": 41, "func_id": "6"}, {"name": "lh_parsorbitalis", "weight": 0.045933003829778968, "pos": [6, 180], "ts_group_id": 0, "label": "parsorbitalis", "input_id": 36, "layer_pos": 2, "y": 180, "x": 6, "brain_side": "left", "id": 172, "func_id": "7"}, {"name": "lh_parstriangularis", "weight": 0.073070522658337952, "pos": [6, 195], "ts_group_id": 0, "label": "parstriangularis", "input_id": 39, "layer_pos": 2, "y": 195, "x": 6, "brain_side": "left", "id": 175, "func_id": "7"}, {"name": "lh_parsopercularis", "weight": 0.066194009127289982, "pos": [6, 200], "ts_group_id": 0, "label": "parsopercularis", "input_id": 40, "layer_pos": 2, "y": 200, "x": 6, "brain_side": "left", "id": 176, "func_id": "4"}, {"name": "lh_rostralmiddlefrontal", "weight": 0.31900677154301044, "pos": [6, 205], "ts_group_id": 0, "label": "rostralmiddlefrontal", "input_id": 41, "layer_pos": 2, "y": 205, "x": 6, "brain_side": "left", "id": 177, "func_id": "6"}, {"name": "lh_caudalmiddlefrontal", "weight": 0.074752888458005623, "pos": [6, 215], "ts_group_id": 0, "label": "caudalmiddlefrontal", "input_id": 43, "layer_pos": 2, "y": 215, "x": 6, "brain_side": "left", "id": 179, "func_id": "7"}, {"name": "rh_parsorbitalis", "weight": 0.050716092539762218, "pos": [3, 10], "ts_group_id": 0, "label": "parsorbitalis", "input_id": 2, "layer_pos": 1, "y": 10, "x": 3, "brain_side": "right", "id": 70, "func_id": "7"}, {"name": "rh_frontalpole", "weight": 0.091930057161249204, "pos": [3, 15], "ts_group_id": 0, "label": "frontalpole", "input_id": 3, "layer_pos": 1, "y": 15, "x": 3, "brain_side": "right", "id": 71, "func_id": "5"}, {"name": "rh_rostralmiddlefrontal", "weight": 0.38236129283312414, "pos": [3, 35], "ts_group_id": 0, "label": "rostralmiddlefrontal", "input_id": 7, "layer_pos": 1, "y": 35, "x": 3, "brain_side": "right", "id": 75, "func_id": "6"}, {"name": "rh_caudalmiddlefrontal", "weight": 0.076423609128845674, "pos": [3, 45], "ts_group_id": 0, "label": "caudalmiddlefrontal", "input_id": 9, "layer_pos": 1, "y": 45, "x": 3, "brain_side": "right", "id": 77, "func_id": "6"}, {"name": "rh_parsorbitalis", "weight": 0.066229197251315527, "pos": [9, 10], "ts_group_id": 0, "label": "parsorbitalis", "input_id": 2, "layer_pos": 3, "y": 10, "x": 9, "brain_side": "right", "id": 206, "func_id": "7"}, {"name": "rh_parstriangularis", "weight": 0.079440413021834425, "pos": [9, 25], "ts_group_id": 0, "label": "parstriangularis", "input_id": 5, "layer_pos": 3, "y": 25, "x": 9, "brain_side": "right", "id": 209, "func_id": "4"}, {"name": "rh_rostralmiddlefrontal", "weight": 0.27469130337062159, "pos": [9, 35], "ts_group_id": 0, "label": "rostralmiddlefrontal", "input_id": 7, "layer_pos": 3, "y": 35, "x": 9, "brain_side": "right", "id": 211, "func_id": "6"}, {"name": "rh_superiorfrontal", "weight": 0.040769691598767886, "pos": [9, 40], "ts_group_id": 0, "label": "superiorfrontal", "input_id": 8, "layer_pos": 3, "y": 40, "x": 9, "brain_side": "right", "id": 212, "func_id": "7"}, {"name": "rh_caudalmiddlefrontal", "weight": 0.081777736745964238, "pos": [9, 45], "ts_group_id": 0, "label": "caudalmiddlefrontal", "input_id": 9, "layer_pos": 3, "y": 45, "x": 9, "brain_side": "right", "id": 213, "func_id": "6"}, {"name": "rh_parsorbitalis", "weight": 0.044064122878453356, "pos": [15, 10], "ts_group_id": 0, "label": "parsorbitalis", "input_id": 2, "layer_pos": 5, "y": 10, "x": 15, "brain_side": "right", "id": 342, "func_id": "7"}, {"name": "rh_inferiorparietal", "weight": 0.073279999852754824, "pos": [3, 95], "ts_group_id": 0, "label": "inferiorparietal", "input_id": 19, "layer_pos": 1, "y": 95, "x": 3, "brain_side": "right", "id": 87, "func_id": "7"}, {"name": "rh_rostralmiddlefrontal", "weight": 0.041631224028219664, "pos": [15, 35], "ts_group_id": 0, "label": "rostralmiddlefrontal", "input_id": 7, "layer_pos": 5, "y": 35, "x": 15, "brain_side": "right", "id": 347, "func_id": "6"}, {"name": "lh_lateralorbitofrontal", "weight": 0.052342938581722197, "pos": [3, 175], "ts_group_id": 0, "label": "lateralorbitofrontal", "input_id": 35, "layer_pos": 1, "y": 175, "x": 3, "brain_side": "left", "id": 103, "func_id": "5"}, {"name": "lh_medialorbitofrontal", "weight": 0.044571641091633737, "pos": [3, 190], "ts_group_id": 0, "label": "medialorbitofrontal", "input_id": 38, "layer_pos": 1, "y": 190, "x": 3, "brain_side": "left", "id": 106, "func_id": "5"}, {"name": "lh_rostralmiddlefrontal", "weight": 0.38427389875176443, "pos": [3, 205], "ts_group_id": 0, "label": "rostralmiddlefrontal", "input_id": 41, "layer_pos": 1, "y": 205, "x": 3, "brain_side": "left", "id": 109, "func_id": "6"}, {"name": "lh_parsorbitalis", "weight": 0.045973209885865222, "pos": [9, 180], "ts_group_id": 0, "label": "parsorbitalis", "input_id": 36, "layer_pos": 3, "y": 180, "x": 9, "brain_side": "left", "id": 240, "func_id": "7"}, {"name": "lh_parstriangularis", "weight": 0.077894445740342877, "pos": [9, 195], "ts_group_id": 0, "label": "parstriangularis", "input_id": 39, "layer_pos": 3, "y": 195, "x": 9, "brain_side": "left", "id": 243, "func_id": "7"}, {"name": "lh_rostralmiddlefrontal", "weight": 0.090017723101364591, "pos": [9, 205], "ts_group_id": 0, "label": "rostralmiddlefrontal", "input_id": 41, "layer_pos": 3, "y": 205, "x": 9, "brain_side": "left", "id": 245, "func_id": "6"}, {"name": "lh_caudalmiddlefrontal", "weight": 0.092160143883334933, "pos": [9, 215], "ts_group_id": 0, "label": "caudalmiddlefrontal", "input_id": 43, "layer_pos": 3, "y": 215, "x": 9, "brain_side": "left", "id": 247, "func_id": "7"}], "links": [{"source": 0, "target": 30}, {"source": 0, "target": 19}, {"source": 0, "target": 31}, {"source": 0, "target": 18}, {"source": 1, "target": 17}, {"source": 1, "target": 18}, {"source": 1, "target": 19}, {"source": 1, "target": 31}, {"source": 1, "target": 20}, {"source": 1, "target": 27}, {"source": 2, "target": 19}, {"source": 2, "target": 20}, {"source": 2, "target": 27}, {"source": 3, "target": 18}, {"source": 3, "target": 30}, {"source": 3, "target": 19}, {"source": 3, "target": 31}, {"source": 3, "target": 23}, {"source": 3, "target": 34}, {"source": 4, "target": 17}, {"source": 4, "target": 19}, {"source": 4, "target": 21}, {"source": 4, "target": 22}, {"source": 4, "target": 23}, {"source": 4, "target": 24}, {"source": 4, "target": 27}, {"source": 5, "target": 17}, {"source": 5, "target": 18}, {"source": 5, "target": 19}, {"source": 5, "target": 31}, {"source": 5, "target": 21}, {"source": 5, "target": 20}, {"source": 5, "target": 22}, {"source": 5, "target": 23}, {"source": 5, "target": 24}, {"source": 5, "target": 25}, {"source": 5, "target": 27}, {"source": 5, "target": 34}, {"source": 6, "target": 19}, {"source": 6, "target": 20}, {"source": 6, "target": 23}, {"source": 6, "target": 24}, {"source": 6, "target": 25}, {"source": 6, "target": 27}, {"source": 6, "target": 35}, {"source": 7, "target": 21}, {"source": 7, "target": 22}, {"source": 7, "target": 23}, {"source": 7, "target": 24}, {"source": 7, "target": 26}, {"source": 7, "target": 28}, {"source": 8, "target": 21}, {"source": 8, "target": 22}, {"source": 8, "target": 23}, {"source": 8, "target": 24}, {"source": 8, "target": 25}, {"source": 8, "target": 26}, {"source": 8, "target": 28}, {"source": 8, "target": 34}, {"source": 9, "target": 28}, {"source": 9, "target": 26}, {"source": 10, "target": 30}, {"source": 10, "target": 29}, {"source": 10, "target": 18}, {"source": 11, "target": 29}, {"source": 11, "target": 19}, {"source": 11, "target": 31}, {"source": 11, "target": 18}, {"source": 12, "target": 32}, {"source": 12, "target": 34}, {"source": 12, "target": 33}, {"source": 12, "target": 31}, {"source": 12, "target": 29}, {"source": 13, "target": 32}, {"source": 13, "target": 34}, {"source": 13, "target": 33}, {"source": 13, "target": 31}, {"source": 13, "target": 29}, {"source": 14, "target": 33}, {"source": 14, "target": 35}, {"source": 14, "target": 31}, {"source": 14, "target": 34}, {"source": 15, "target": 33}, {"source": 15, "target": 29}, {"source": 15, "target": 19}, {"source": 15, "target": 31}, {"source": 15, "target": 32}, {"source": 15, "target": 23}, {"source": 15, "target": 24}, {"source": 15, "target": 34}, {"source": 15, "target": 35}, {"source": 15, "target": 18}, {"source": 16, "target": 20}, {"source": 16, "target": 31}, {"source": 16, "target": 24}, {"source": 16, "target": 25}, {"source": 16, "target": 35}, {"source": 16, "target": 34}], "multigraph": false}