{"directed": false, "graph": [], "nodes": [{"name": "lh_superiorparietal", "weight": 0.10940996604269271, "pos": [9, 260], "ts_group_id": 0, "label": "superiorparietal", "input_id": 52, "layer_pos": 3, "y": 260, "x": 9, "brain_side": "left", "id": 256, "func_id": "3"}, {"name": "rh_lateralorbitofrontal", "weight": 0.081416890385557023, "pos": [0, 5], "ts_group_id": 0, "label": "lateralorbitofrontal", "input_id": 1, "layer_pos": 0, "y": 5, "x": 0, "brain_side": "right", "id": 1, "func_id": "5"}, {"name": "lh_cuneus", "weight": 0.26264958576400987, "pos": [9, 275], "ts_group_id": 0, "label": "cuneus", "input_id": 55, "layer_pos": 3, "y": 275, "x": 9, "brain_side": "left", "id": 259, "func_id": "1"}, {"name": "lh_pericalcarine", "weight": 0.31090056275331995, "pos": [9, 280], "ts_group_id": 0, "label": "pericalcarine", "input_id": 56, "layer_pos": 3, "y": 280, "x": 9, "brain_side": "left", "id": 260, "func_id": "1"}, {"name": "lh_lateraloccipital", "weight": 0.073194219586427647, "pos": [9, 285], "ts_group_id": 0, "label": "lateraloccipital", "input_id": 57, "layer_pos": 3, "y": 285, "x": 9, "brain_side": "left", "id": 261, "func_id": "1"}, {"name": "lh_lingual", "weight": 0.32338832478737795, "pos": [9, 290], "ts_group_id": 0, "label": "lingual", "input_id": 58, "layer_pos": 3, "y": 290, "x": 9, "brain_side": "left", "id": 262, "func_id": "1"}, {"name": "lh_fusiform", "weight": 0.050850135181933015, "pos": [9, 295], "ts_group_id": 0, "label": "fusiform", "input_id": 59, "layer_pos": 3, "y": 295, "x": 9, "brain_side": "left", "id": 263, "func_id": "1"}, {"name": "lh_cuneus", "weight": 0.05189867890176942, "pos": [15, 275], "ts_group_id": 0, "label": "cuneus", "input_id": 55, "layer_pos": 5, "y": 275, "x": 15, "brain_side": "left", "id": 395, "func_id": "1"}, {"name": "lh_lateraloccipital", "weight": 0.067134882676661053, "pos": [15, 285], "ts_group_id": 0, "label": "lateraloccipital", "input_id": 57, "layer_pos": 5, "y": 285, "x": 15, "brain_side": "left", "id": 397, "func_id": "1"}, {"name": "lh_lingual", "weight": 0.075375876445012036, "pos": [15, 290], "ts_group_id": 0, "label": "lingual", "input_id": 58, "layer_pos": 5, "y": 290, "x": 15, "brain_side": "left", "id": 398, "func_id": "1"}, {"name": "lh_fusiform", "weight": 0.042109235260247319, "pos": [15, 295], "ts_group_id": 0, "label": "fusiform", "input_id": 59, "layer_pos": 5, "y": 295, "x": 15, "brain_side": "left", "id": 399, "func_id": "1"}, {"name": "rh_pericalcarine", "weight": 0.041703917316884311, "pos": [0, 110], "ts_group_id": 0, "label": "pericalcarine", "input_id": 22, "layer_pos": 0, "y": 110, "x": 0, "brain_side": "right", "id": 22, "func_id": "1"}, {"name": "rh_pericalcarine", "weight": 0.22583017176973516, "pos": [6, 110], "ts_group_id": 0, "label": "pericalcarine", "input_id": 22, "layer_pos": 2, "y": 110, "x": 6, "brain_side": "right", "id": 158, "func_id": "1"}, {"name": "rh_lateraloccipital", "weight": 0.059206838522056118, "pos": [6, 115], "ts_group_id": 0, "label": "lateraloccipital", "input_id": 23, "layer_pos": 2, "y": 115, "x": 6, "brain_side": "right", "id": 159, "func_id": "1"}, {"name": "rh_lingual", "weight": 0.17289644576511351, "pos": [6, 120], "ts_group_id": 0, "label": "lingual", "input_id": 24, "layer_pos": 2, "y": 120, "x": 6, "brain_side": "right", "id": 160, "func_id": "1"}, {"name": "rh_parahippocampal", "weight": 0.048386560318692561, "pos": [6, 130], "ts_group_id": 0, "label": "parahippocampal", "input_id": 26, "layer_pos": 2, "y": 130, "x": 6, "brain_side": "right", "id": 162, "func_id": "1"}, {"name": "rh_cuneus", "weight": 0.12994394019466718, "pos": [12, 105], "ts_group_id": 0, "label": "cuneus", "input_id": 21, "layer_pos": 4, "y": 105, "x": 12, "brain_side": "right", "id": 293, "func_id": "1"}, {"name": "rh_pericalcarine", "weight": 0.12332612257581889, "pos": [12, 110], "ts_group_id": 0, "label": "pericalcarine", "input_id": 22, "layer_pos": 4, "y": 110, "x": 12, "brain_side": "right", "id": 294, "func_id": "1"}, {"name": "rh_lateraloccipital", "weight": 0.080871592970691242, "pos": [12, 115], "ts_group_id": 0, "label": "lateraloccipital", "input_id": 23, "layer_pos": 4, "y": 115, "x": 12, "brain_side": "right", "id": 295, "func_id": "1"}, {"name": "rh_lingual", "weight": 0.24490022276512557, "pos": [12, 120], "ts_group_id": 0, "label": "lingual", "input_id": 24, "layer_pos": 4, "y": 120, "x": 12, "brain_side": "right", "id": 296, "func_id": "1"}, {"name": "lh_superiorparietal", "weight": 0.057436535158650021, "pos": [6, 260], "ts_group_id": 0, "label": "superiorparietal", "input_id": 52, "layer_pos": 2, "y": 260, "x": 6, "brain_side": "left", "id": 188, "func_id": "3"}, {"name": "lh_pericalcarine", "weight": 0.14579863460868353, "pos": [6, 280], "ts_group_id": 0, "label": "pericalcarine", "input_id": 56, "layer_pos": 2, "y": 280, "x": 6, "brain_side": "left", "id": 192, "func_id": "1"}, {"name": "lh_lingual", "weight": 0.11871251122310605, "pos": [6, 290], "ts_group_id": 0, "label": "lingual", "input_id": 58, "layer_pos": 2, "y": 290, "x": 6, "brain_side": "left", "id": 194, "func_id": "1"}, {"name": "lh_superiorparietal", "weight": 0.13039596279001195, "pos": [12, 260], "ts_group_id": 0, "label": "superiorparietal", "input_id": 52, "layer_pos": 4, "y": 260, "x": 12, "brain_side": "left", "id": 324, "func_id": "3"}, {"name": "lh_cuneus", "weight": 0.15894929131873825, "pos": [12, 275], "ts_group_id": 0, "label": "cuneus", "input_id": 55, "layer_pos": 4, "y": 275, "x": 12, "brain_side": "left", "id": 327, "func_id": "1"}, {"name": "lh_pericalcarine", "weight": 0.18230477280427626, "pos": [12, 280], "ts_group_id": 0, "label": "pericalcarine", "input_id": 56, "layer_pos": 4, "y": 280, "x": 12, "brain_side": "left", "id": 328, "func_id": "1"}, {"name": "lh_lateraloccipital", "weight": 0.091287693955099392, "pos": [12, 285], "ts_group_id": 0, "label": "lateraloccipital", "input_id": 57, "layer_pos": 4, "y": 285, "x": 12, "brain_side": "left", "id": 329, "func_id": "1"}, {"name": "lh_lingual", "weight": 0.1736787976514603, "pos": [12, 290], "ts_group_id": 0, "label": "lingual", "input_id": 58, "layer_pos": 4, "y": 290, "x": 12, "brain_side": "left", "id": 330, "func_id": "1"}, {"name": "lh_fusiform", "weight": 0.062896528006168489, "pos": [12, 295], "ts_group_id": 0, "label": "fusiform", "input_id": 59, "layer_pos": 4, "y": 295, "x": 12, "brain_side": "left", "id": 331, "func_id": "1"}, {"name": "lh_lateraloccipital", "weight": 0.045022351574290506, "pos": [18, 285], "ts_group_id": 0, "label": "lateraloccipital", "input_id": 57, "layer_pos": 6, "y": 285, "x": 18, "brain_side": "left", "id": 465, "func_id": "1"}, {"name": "rh_pericalcarine", "weight": 0.064823628914424877, "pos": [3, 110], "ts_group_id": 0, "label": "pericalcarine", "input_id": 22, "layer_pos": 1, "y": 110, "x": 3, "brain_side": "right", "id": 90, "func_id": "1"}, {"name": "rh_cuneus", "weight": 0.1823561052373974, "pos": [9, 105], "ts_group_id": 0, "label": "cuneus", "input_id": 21, "layer_pos": 3, "y": 105, "x": 9, "brain_side": "right", "id": 225, "func_id": "1"}, {"name": "rh_pericalcarine", "weight": 0.36790754429293004, "pos": [9, 110], "ts_group_id": 0, "label": "pericalcarine", "input_id": 22, "layer_pos": 3, "y": 110, "x": 9, "brain_side": "right", "id": 226, "func_id": "1"}, {"name": "rh_lateraloccipital", "weight": 0.12483789636337735, "pos": [9, 115], "ts_group_id": 0, "label": "lateraloccipital", "input_id": 23, "layer_pos": 3, "y": 115, "x": 9, "brain_side": "right", "id": 227, "func_id": "1"}, {"name": "rh_lingual", "weight": 0.32340042584790757, "pos": [9, 120], "ts_group_id": 0, "label": "lingual", "input_id": 24, "layer_pos": 3, "y": 120, "x": 9, "brain_side": "right", "id": 228, "func_id": "1"}, {"name": "rh_lateraloccipital", "weight": 0.042031251645454841, "pos": [15, 115], "ts_group_id": 0, "label": "lateraloccipital", "input_id": 23, "layer_pos": 5, "y": 115, "x": 15, "brain_side": "right", "id": 363, "func_id": "1"}, {"name": "rh_lingual", "weight": 0.082035279851671999, "pos": [15, 120], "ts_group_id": 0, "label": "lingual", "input_id": 24, "layer_pos": 5, "y": 120, "x": 15, "brain_side": "right", "id": 364, "func_id": "1"}], "links": [{"source": 0, "target": 14}, {"source": 0, "target": 21}, {"source": 0, "target": 22}, {"source": 0, "target": 28}, {"source": 0, "target": 23}, {"source": 0, "target": 16}, {"source": 0, "target": 17}, {"source": 0, "target": 18}, {"source": 0, "target": 19}, {"source": 0, "target": 26}, {"source": 0, "target": 27}, {"source": 0, "target": 24}, {"source": 0, "target": 25}, {"source": 0, "target": 20}, {"source": 0, "target": 12}, {"source": 0, "target": 13}, {"source": 1, "target": 30}, {"source": 2, "target": 14}, {"source": 2, "target": 21}, {"source": 2, "target": 22}, {"source": 2, "target": 23}, {"source": 2, "target": 16}, {"source": 2, "target": 17}, {"source": 2, "target": 18}, {"source": 2, "target": 19}, {"source": 2, "target": 26}, {"source": 2, "target": 27}, {"source": 2, "target": 24}, {"source": 2, "target": 25}, {"source": 2, "target": 20}, {"source": 2, "target": 12}, {"source": 2, "target": 13}, {"source": 3, "target": 14}, {"source": 3, "target": 21}, {"source": 3, "target": 22}, {"source": 3, "target": 28}, {"source": 3, "target": 23}, {"source": 3, "target": 16}, {"source": 3, "target": 17}, {"source": 3, "target": 18}, {"source": 3, "target": 19}, {"source": 3, "target": 26}, {"source": 3, "target": 27}, {"source": 3, "target": 24}, {"source": 3, "target": 25}, {"source": 3, "target": 20}, {"source": 3, "target": 12}, {"source": 3, "target": 13}, {"source": 4, "target": 21}, {"source": 4, "target": 22}, {"source": 4, "target": 28}, {"source": 4, "target": 23}, {"source": 4, "target": 16}, {"source": 4, "target": 17}, {"source": 4, "target": 18}, {"source": 4, "target": 25}, {"source": 4, "target": 26}, {"source": 4, "target": 27}, {"source": 4, "target": 24}, {"source": 4, "target": 20}, {"source": 4, "target": 12}, {"source": 4, "target": 13}, {"source": 5, "target": 14}, {"source": 5, "target": 21}, {"source": 5, "target": 22}, {"source": 5, "target": 23}, {"source": 5, "target": 17}, {"source": 5, "target": 24}, {"source": 5, "target": 19}, {"source": 5, "target": 26}, {"source": 5, "target": 27}, {"source": 5, "target": 28}, {"source": 5, "target": 25}, {"source": 5, "target": 20}, {"source": 5, "target": 12}, {"source": 6, "target": 21}, {"source": 6, "target": 22}, {"source": 6, "target": 23}, {"source": 6, "target": 25}, {"source": 6, "target": 26}, {"source": 6, "target": 27}, {"source": 6, "target": 28}, {"source": 6, "target": 20}, {"source": 7, "target": 23}, {"source": 7, "target": 16}, {"source": 7, "target": 17}, {"source": 7, "target": 24}, {"source": 7, "target": 19}, {"source": 7, "target": 26}, {"source": 7, "target": 27}, {"source": 7, "target": 18}, {"source": 7, "target": 25}, {"source": 7, "target": 29}, {"source": 8, "target": 28}, {"source": 8, "target": 23}, {"source": 8, "target": 16}, {"source": 8, "target": 17}, {"source": 8, "target": 24}, {"source": 8, "target": 25}, {"source": 8, "target": 26}, {"source": 8, "target": 27}, {"source": 8, "target": 18}, {"source": 8, "target": 29}, {"source": 9, "target": 23}, {"source": 9, "target": 17}, {"source": 9, "target": 24}, {"source": 9, "target": 19}, {"source": 9, "target": 26}, {"source": 9, "target": 27}, {"source": 9, "target": 28}, {"source": 9, "target": 25}, {"source": 9, "target": 29}, {"source": 10, "target": 23}, {"source": 10, "target": 25}, {"source": 10, "target": 26}, {"source": 10, "target": 27}, {"source": 10, "target": 28}, {"source": 10, "target": 29}, {"source": 11, "target": 30}, {"source": 12, "target": 31}, {"source": 12, "target": 32}, {"source": 12, "target": 33}, {"source": 12, "target": 34}, {"source": 12, "target": 30}, {"source": 13, "target": 31}, {"source": 13, "target": 32}, {"source": 13, "target": 33}, {"source": 13, "target": 34}, {"source": 13, "target": 30}, {"source": 14, "target": 31}, {"source": 14, "target": 32}, {"source": 14, "target": 33}, {"source": 14, "target": 34}, {"source": 14, "target": 30}, {"source": 15, "target": 34}, {"source": 16, "target": 31}, {"source": 16, "target": 32}, {"source": 16, "target": 33}, {"source": 16, "target": 34}, {"source": 16, "target": 35}, {"source": 16, "target": 36}, {"source": 17, "target": 31}, {"source": 17, "target": 32}, {"source": 17, "target": 33}, {"source": 17, "target": 34}, {"source": 17, "target": 35}, {"source": 17, "target": 36}, {"source": 18, "target": 31}, {"source": 18, "target": 32}, {"source": 18, "target": 33}, {"source": 18, "target": 34}, {"source": 18, "target": 35}, {"source": 18, "target": 36}, {"source": 19, "target": 31}, {"source": 19, "target": 32}, {"source": 19, "target": 33}, {"source": 19, "target": 34}, {"source": 19, "target": 35}, {"source": 19, "target": 36}, {"source": 20, "target": 31}, {"source": 20, "target": 32}, {"source": 20, "target": 33}, {"source": 20, "target": 34}, {"source": 20, "target": 30}, {"source": 21, "target": 31}, {"source": 21, "target": 32}, {"source": 21, "target": 33}, {"source": 21, "target": 34}, {"source": 21, "target": 30}, {"source": 22, "target": 32}, {"source": 22, "target": 34}, {"source": 22, "target": 30}, {"source": 23, "target": 31}, {"source": 23, "target": 32}, {"source": 23, "target": 33}, {"source": 23, "target": 34}, {"source": 23, "target": 35}, {"source": 23, "target": 36}, {"source": 24, "target": 31}, {"source": 24, "target": 32}, {"source": 24, "target": 33}, {"source": 24, "target": 34}, {"source": 24, "target": 35}, {"source": 24, "target": 36}, {"source": 25, "target": 31}, {"source": 25, "target": 32}, {"source": 25, "target": 33}, {"source": 25, "target": 34}, {"source": 25, "target": 35}, {"source": 25, "target": 36}, {"source": 26, "target": 31}, {"source": 26, "target": 32}, {"source": 26, "target": 33}, {"source": 26, "target": 35}, {"source": 27, "target": 32}, {"source": 27, "target": 36}, {"source": 27, "target": 34}, {"source": 29, "target": 35}], "multigraph": false}