{"directed": false, "graph": [], "nodes": [{"name": "lh_superiorparietal", "weight": 0.14028016717073802, "pos": [9, 260], "ts_group_id": 0, "label": "superiorparietal", "input_id": 52, "layer_pos": 3, "y": 260, "x": 9, "brain_side": "left", "id": 256, "func_id": "3"}, {"name": "lh_superiorparietal", "weight": 0.38704397534414386, "pos": [6, 260], "ts_group_id": 0, "label": "superiorparietal", "input_id": 52, "layer_pos": 2, "y": 260, "x": 6, "brain_side": "left", "id": 188, "func_id": "3"}, {"name": "lh_cuneus", "weight": 0.064998850541766628, "pos": [0, 275], "ts_group_id": 0, "label": "cuneus", "input_id": 55, "layer_pos": 0, "y": 275, "x": 0, "brain_side": "left", "id": 55, "func_id": "1"}, {"name": "rh_lingual", "weight": 0.052734903255650806, "pos": [0, 120], "ts_group_id": 0, "label": "lingual", "input_id": 24, "layer_pos": 0, "y": 120, "x": 0, "brain_side": "right", "id": 24, "func_id": "1"}, {"name": "rh_cuneus", "weight": 0.042855054995413012, "pos": [6, 105], "ts_group_id": 0, "label": "cuneus", "input_id": 21, "layer_pos": 2, "y": 105, "x": 6, "brain_side": "right", "id": 157, "func_id": "1"}, {"name": "rh_supramarginal", "weight": 0.04096346894479147, "pos": [0, 85], "ts_group_id": 0, "label": "supramarginal", "input_id": 17, "layer_pos": 0, "y": 85, "x": 0, "brain_side": "right", "id": 17, "func_id": "4"}, {"name": "rh_superiorparietal", "weight": 0.25445006726629449, "pos": [0, 90], "ts_group_id": 0, "label": "superiorparietal", "input_id": 18, "layer_pos": 0, "y": 90, "x": 0, "brain_side": "right", "id": 18, "func_id": "3"}, {"name": "lh_superiorparietal", "weight": 0.38047998462115379, "pos": [0, 260], "ts_group_id": 0, "label": "superiorparietal", "input_id": 52, "layer_pos": 0, "y": 260, "x": 0, "brain_side": "left", "id": 52, "func_id": "3"}, {"name": "lh_lateraloccipital", "weight": 0.059416231107322838, "pos": [0, 285], "ts_group_id": 0, "label": "lateraloccipital", "input_id": 57, "layer_pos": 0, "y": 285, "x": 0, "brain_side": "left", "id": 57, "func_id": "1"}, {"name": "rh_superiorparietal", "weight": 0.35141151133522219, "pos": [3, 90], "ts_group_id": 0, "label": "superiorparietal", "input_id": 18, "layer_pos": 1, "y": 90, "x": 3, "brain_side": "right", "id": 86, "func_id": "3"}, {"name": "rh_lateraloccipital", "weight": 0.067065684415708371, "pos": [0, 115], "ts_group_id": 0, "label": "lateraloccipital", "input_id": 23, "layer_pos": 0, "y": 115, "x": 0, "brain_side": "right", "id": 23, "func_id": "1"}, {"name": "lh_superiorparietal", "weight": 0.50610387829021575, "pos": [3, 260], "ts_group_id": 0, "label": "superiorparietal", "input_id": 52, "layer_pos": 1, "y": 260, "x": 3, "brain_side": "left", "id": 120, "func_id": "3"}, {"name": "rh_fusiform", "weight": 0.060268296849511967, "pos": [0, 125], "ts_group_id": 0, "label": "fusiform", "input_id": 25, "layer_pos": 0, "y": 125, "x": 0, "brain_side": "right", "id": 25, "func_id": "1"}, {"name": "lh_precuneus", "weight": 0.040280937147322358, "pos": [3, 270], "ts_group_id": 0, "label": "precuneus", "input_id": 54, "layer_pos": 1, "y": 270, "x": 3, "brain_side": "left", "id": 122, "func_id": "7"}, {"name": "lh_fusiform", "weight": 0.11150720179072099, "pos": [0, 295], "ts_group_id": 0, "label": "fusiform", "input_id": 59, "layer_pos": 0, "y": 295, "x": 0, "brain_side": "left", "id": 59, "func_id": "1"}, {"name": "rh_precuneus", "weight": 0.11718059978369104, "pos": [6, 100], "ts_group_id": 0, "label": "precuneus", "input_id": 20, "layer_pos": 2, "y": 100, "x": 6, "brain_side": "right", "id": 156, "func_id": "7"}, {"name": "rh_superiorparietal", "weight": 0.34820833528406819, "pos": [6, 90], "ts_group_id": 0, "label": "superiorparietal", "input_id": 18, "layer_pos": 2, "y": 90, "x": 6, "brain_side": "right", "id": 154, "func_id": "3"}, {"name": "rh_superiorparietal", "weight": 0.16630813357590693, "pos": [9, 90], "ts_group_id": 0, "label": "superiorparietal", "input_id": 18, "layer_pos": 3, "y": 90, "x": 9, "brain_side": "right", "id": 222, "func_id": "3"}, {"name": "rh_isthmuscingulate", "weight": 0.043921733696026116, "pos": [12, 75], "ts_group_id": 0, "label": "isthmuscingulate", "input_id": 15, "layer_pos": 4, "y": 75, "x": 12, "brain_side": "right", "id": 287, "func_id": "7"}], "links": [{"source": 0, "target": 1}, {"source": 0, "target": 16}, {"source": 0, "target": 15}, {"source": 0, "target": 4}, {"source": 0, "target": 18}, {"source": 1, "target": 11}, {"source": 1, "target": 13}, {"source": 1, "target": 17}, {"source": 1, "target": 9}, {"source": 2, "target": 11}, {"source": 2, "target": 13}, {"source": 2, "target": 9}, {"source": 3, "target": 11}, {"source": 3, "target": 9}, {"source": 4, "target": 11}, {"source": 4, "target": 13}, {"source": 4, "target": 17}, {"source": 4, "target": 9}, {"source": 5, "target": 9}, {"source": 6, "target": 11}, {"source": 6, "target": 13}, {"source": 6, "target": 9}, {"source": 7, "target": 11}, {"source": 7, "target": 13}, {"source": 7, "target": 9}, {"source": 8, "target": 11}, {"source": 8, "target": 9}, {"source": 9, "target": 10}, {"source": 9, "target": 12}, {"source": 9, "target": 16}, {"source": 9, "target": 15}, {"source": 10, "target": 11}, {"source": 10, "target": 13}, {"source": 11, "target": 16}, {"source": 11, "target": 14}, {"source": 11, "target": 15}, {"source": 13, "target": 16}, {"source": 13, "target": 15}, {"source": 15, "target": 17}, {"source": 16, "target": 17}, {"source": 17, "target": 18}], "multigraph": false}