{"directed": false, "graph": [], "nodes": [{"name": "lh_parahippocampal", "weight": 0.059879550670884213, "pos": [3, 300], "ts_group_id": 0, "label": "parahippocampal", "input_id": 60, "layer_pos": 1, "y": 300, "x": 3, "brain_side": "left", "id": 128, "func_id": "7"}, {"name": "lh_superiorparietal", "weight": 0.051428040568657352, "pos": [9, 260], "ts_group_id": 0, "label": "superiorparietal", "input_id": 52, "layer_pos": 3, "y": 260, "x": 9, "brain_side": "left", "id": 256, "func_id": "3"}, {"name": "lh_fusiform", "weight": 0.13472434977653899, "pos": [9, 295], "ts_group_id": 0, "label": "fusiform", "input_id": 59, "layer_pos": 3, "y": 295, "x": 9, "brain_side": "left", "id": 263, "func_id": "1"}, {"name": "lh_parahippocampal", "weight": 0.048508845284756352, "pos": [9, 300], "ts_group_id": 0, "label": "parahippocampal", "input_id": 60, "layer_pos": 3, "y": 300, "x": 9, "brain_side": "left", "id": 264, "func_id": "7"}, {"name": "lh_inferiortemporal", "weight": 0.063108184035810477, "pos": [9, 315], "ts_group_id": 0, "label": "inferiortemporal", "input_id": 63, "layer_pos": 3, "y": 315, "x": 9, "brain_side": "left", "id": 267, "func_id": "5"}, {"name": "rh_superiorparietal", "weight": 0.083288505523990752, "pos": [0, 90], "ts_group_id": 0, "label": "superiorparietal", "input_id": 18, "layer_pos": 0, "y": 90, "x": 0, "brain_side": "right", "id": 18, "func_id": "3"}, {"name": "rh_lingual", "weight": 0.044718961006023676, "pos": [0, 120], "ts_group_id": 0, "label": "lingual", "input_id": 24, "layer_pos": 0, "y": 120, "x": 0, "brain_side": "right", "id": 24, "func_id": "1"}, {"name": "rh_fusiform", "weight": 0.23035985335696016, "pos": [0, 125], "ts_group_id": 0, "label": "fusiform", "input_id": 25, "layer_pos": 0, "y": 125, "x": 0, "brain_side": "right", "id": 25, "func_id": "1"}, {"name": "rh_inferiortemporal", "weight": 0.042103030090775748, "pos": [0, 145], "ts_group_id": 0, "label": "inferiortemporal", "input_id": 29, "layer_pos": 0, "y": 145, "x": 0, "brain_side": "right", "id": 29, "func_id": "5"}, {"name": "rh_pericalcarine", "weight": 0.059873589103029284, "pos": [6, 110], "ts_group_id": 0, "label": "pericalcarine", "input_id": 22, "layer_pos": 2, "y": 110, "x": 6, "brain_side": "right", "id": 158, "func_id": "1"}, {"name": "rh_lateraloccipital", "weight": 0.091302039759952991, "pos": [6, 115], "ts_group_id": 0, "label": "lateraloccipital", "input_id": 23, "layer_pos": 2, "y": 115, "x": 6, "brain_side": "right", "id": 159, "func_id": "1"}, {"name": "rh_fusiform", "weight": 0.26314426932257745, "pos": [6, 125], "ts_group_id": 0, "label": "fusiform", "input_id": 25, "layer_pos": 2, "y": 125, "x": 6, "brain_side": "right", "id": 161, "func_id": "1"}, {"name": "rh_fusiform", "weight": 0.043586231735439088, "pos": [12, 125], "ts_group_id": 0, "label": "fusiform", "input_id": 25, "layer_pos": 4, "y": 125, "x": 12, "brain_side": "right", "id": 297, "func_id": "1"}, {"name": "rh_cuneus", "weight": 0.042502166288133046, "pos": [6, 105], "ts_group_id": 0, "label": "cuneus", "input_id": 21, "layer_pos": 2, "y": 105, "x": 6, "brain_side": "right", "id": 157, "func_id": "1"}, {"name": "lh_superiorparietal", "weight": 0.053768959921599052, "pos": [0, 260], "ts_group_id": 0, "label": "superiorparietal", "input_id": 52, "layer_pos": 0, "y": 260, "x": 0, "brain_side": "left", "id": 52, "func_id": "3"}, {"name": "rh_superiorparietal", "weight": 0.065174478955241269, "pos": [9, 90], "ts_group_id": 0, "label": "superiorparietal", "input_id": 18, "layer_pos": 3, "y": 90, "x": 9, "brain_side": "right", "id": 222, "func_id": "3"}, {"name": "lh_lingual", "weight": 0.061038843820317955, "pos": [0, 290], "ts_group_id": 0, "label": "lingual", "input_id": 58, "layer_pos": 0, "y": 290, "x": 0, "brain_side": "left", "id": 58, "func_id": "1"}, {"name": "lh_fusiform", "weight": 0.38181778940063132, "pos": [0, 295], "ts_group_id": 0, "label": "fusiform", "input_id": 59, "layer_pos": 0, "y": 295, "x": 0, "brain_side": "left", "id": 59, "func_id": "1"}, {"name": "lh_parahippocampal", "weight": 0.084335853451801737, "pos": [0, 300], "ts_group_id": 0, "label": "parahippocampal", "input_id": 60, "layer_pos": 0, "y": 300, "x": 0, "brain_side": "left", "id": 60, "func_id": "7"}, {"name": "lh_inferiortemporal", "weight": 0.05548896271668418, "pos": [0, 315], "ts_group_id": 0, "label": "inferiortemporal", "input_id": 63, "layer_pos": 0, "y": 315, "x": 0, "brain_side": "left", "id": 63, "func_id": "5"}, {"name": "lh_lateraloccipital", "weight": 0.052156016180756826, "pos": [6, 285], "ts_group_id": 0, "label": "lateraloccipital", "input_id": 57, "layer_pos": 2, "y": 285, "x": 6, "brain_side": "left", "id": 193, "func_id": "1"}, {"name": "lh_fusiform", "weight": 0.39823616659024086, "pos": [6, 295], "ts_group_id": 0, "label": "fusiform", "input_id": 59, "layer_pos": 2, "y": 295, "x": 6, "brain_side": "left", "id": 195, "func_id": "1"}, {"name": "lh_parahippocampal", "weight": 0.07059768082155575, "pos": [6, 300], "ts_group_id": 0, "label": "parahippocampal", "input_id": 60, "layer_pos": 2, "y": 300, "x": 6, "brain_side": "left", "id": 196, "func_id": "7"}, {"name": "rh_cuneus", "weight": 0.046319933881494725, "pos": [3, 105], "ts_group_id": 0, "label": "cuneus", "input_id": 21, "layer_pos": 1, "y": 105, "x": 3, "brain_side": "right", "id": 89, "func_id": "1"}, {"name": "rh_pericalcarine", "weight": 0.066064960251245849, "pos": [3, 110], "ts_group_id": 0, "label": "pericalcarine", "input_id": 22, "layer_pos": 1, "y": 110, "x": 3, "brain_side": "right", "id": 90, "func_id": "1"}, {"name": "rh_fusiform", "weight": 0.40002073233979113, "pos": [3, 125], "ts_group_id": 0, "label": "fusiform", "input_id": 25, "layer_pos": 1, "y": 125, "x": 3, "brain_side": "right", "id": 93, "func_id": "1"}, {"name": "rh_parahippocampal", "weight": 0.08254600297853866, "pos": [3, 130], "ts_group_id": 0, "label": "parahippocampal", "input_id": 26, "layer_pos": 1, "y": 130, "x": 3, "brain_side": "right", "id": 94, "func_id": "1"}, {"name": "rh_lateraloccipital", "weight": 0.15238367907563899, "pos": [9, 115], "ts_group_id": 0, "label": "lateraloccipital", "input_id": 23, "layer_pos": 3, "y": 115, "x": 9, "brain_side": "right", "id": 227, "func_id": "1"}, {"name": "rh_fusiform", "weight": 0.1258721440910136, "pos": [9, 125], "ts_group_id": 0, "label": "fusiform", "input_id": 25, "layer_pos": 3, "y": 125, "x": 9, "brain_side": "right", "id": 229, "func_id": "1"}, {"name": "lh_inferiorparietal", "weight": 0.040228502209740696, "pos": [3, 265], "ts_group_id": 0, "label": "inferiorparietal", "input_id": 53, "layer_pos": 1, "y": 265, "x": 3, "brain_side": "left", "id": 121, "func_id": "7"}, {"name": "lh_cuneus", "weight": 0.057824052808666239, "pos": [6, 275], "ts_group_id": 0, "label": "cuneus", "input_id": 55, "layer_pos": 2, "y": 275, "x": 6, "brain_side": "left", "id": 191, "func_id": "1"}, {"name": "lh_pericalcarine", "weight": 0.047654160919490485, "pos": [3, 280], "ts_group_id": 0, "label": "pericalcarine", "input_id": 56, "layer_pos": 1, "y": 280, "x": 3, "brain_side": "left", "id": 124, "func_id": "1"}, {"name": "lh_lateraloccipital", "weight": 0.052084817814743625, "pos": [3, 285], "ts_group_id": 0, "label": "lateraloccipital", "input_id": 57, "layer_pos": 1, "y": 285, "x": 3, "brain_side": "left", "id": 125, "func_id": "1"}, {"name": "lh_lingual", "weight": 0.079680164103909185, "pos": [3, 290], "ts_group_id": 0, "label": "lingual", "input_id": 58, "layer_pos": 1, "y": 290, "x": 3, "brain_side": "left", "id": 126, "func_id": "1"}, {"name": "lh_fusiform", "weight": 0.46823541354875647, "pos": [3, 295], "ts_group_id": 0, "label": "fusiform", "input_id": 59, "layer_pos": 1, "y": 295, "x": 3, "brain_side": "left", "id": 127, "func_id": "1"}], "links": [{"source": 0, "target": 21}, {"source": 0, "target": 22}, {"source": 0, "target": 14}, {"source": 0, "target": 16}, {"source": 0, "target": 17}, {"source": 0, "target": 18}, {"source": 1, "target": 20}, {"source": 1, "target": 21}, {"source": 1, "target": 22}, {"source": 1, "target": 10}, {"source": 1, "target": 13}, {"source": 1, "target": 9}, {"source": 1, "target": 30}, {"source": 2, "target": 20}, {"source": 2, "target": 21}, {"source": 2, "target": 22}, {"source": 3, "target": 21}, {"source": 3, "target": 22}, {"source": 4, "target": 20}, {"source": 4, "target": 21}, {"source": 5, "target": 23}, {"source": 5, "target": 24}, {"source": 5, "target": 31}, {"source": 5, "target": 25}, {"source": 5, "target": 32}, {"source": 6, "target": 26}, {"source": 6, "target": 23}, {"source": 6, "target": 24}, {"source": 6, "target": 31}, {"source": 6, "target": 25}, {"source": 6, "target": 33}, {"source": 7, "target": 24}, {"source": 7, "target": 25}, {"source": 7, "target": 26}, {"source": 8, "target": 24}, {"source": 8, "target": 25}, {"source": 8, "target": 26}, {"source": 9, "target": 27}, {"source": 9, "target": 28}, {"source": 9, "target": 32}, {"source": 9, "target": 15}, {"source": 9, "target": 23}, {"source": 9, "target": 24}, {"source": 9, "target": 31}, {"source": 9, "target": 25}, {"source": 9, "target": 33}, {"source": 10, "target": 27}, {"source": 10, "target": 28}, {"source": 10, "target": 32}, {"source": 10, "target": 23}, {"source": 10, "target": 24}, {"source": 10, "target": 31}, {"source": 10, "target": 25}, {"source": 10, "target": 15}, {"source": 11, "target": 27}, {"source": 11, "target": 28}, {"source": 11, "target": 26}, {"source": 11, "target": 24}, {"source": 11, "target": 25}, {"source": 11, "target": 15}, {"source": 12, "target": 27}, {"source": 12, "target": 28}, {"source": 12, "target": 15}, {"source": 13, "target": 27}, {"source": 13, "target": 23}, {"source": 13, "target": 24}, {"source": 13, "target": 31}, {"source": 13, "target": 32}, {"source": 13, "target": 15}, {"source": 14, "target": 29}, {"source": 14, "target": 23}, {"source": 14, "target": 24}, {"source": 14, "target": 31}, {"source": 14, "target": 32}, {"source": 14, "target": 33}, {"source": 14, "target": 34}, {"source": 15, "target": 20}, {"source": 15, "target": 30}, {"source": 16, "target": 24}, {"source": 16, "target": 31}, {"source": 16, "target": 32}, {"source": 16, "target": 33}, {"source": 16, "target": 34}, {"source": 17, "target": 29}, {"source": 17, "target": 31}, {"source": 17, "target": 32}, {"source": 17, "target": 33}, {"source": 17, "target": 34}, {"source": 18, "target": 33}, {"source": 18, "target": 34}, {"source": 19, "target": 29}, {"source": 19, "target": 31}, {"source": 19, "target": 32}, {"source": 19, "target": 33}, {"source": 19, "target": 34}, {"source": 20, "target": 27}, {"source": 20, "target": 29}, {"source": 20, "target": 23}, {"source": 20, "target": 24}, {"source": 20, "target": 31}, {"source": 20, "target": 32}, {"source": 20, "target": 33}, {"source": 20, "target": 34}, {"source": 21, "target": 29}, {"source": 21, "target": 31}, {"source": 21, "target": 32}, {"source": 21, "target": 33}, {"source": 21, "target": 34}, {"source": 22, "target": 33}, {"source": 22, "target": 34}, {"source": 23, "target": 30}, {"source": 24, "target": 30}, {"source": 27, "target": 30}, {"source": 30, "target": 33}, {"source": 30, "target": 31}, {"source": 30, "target": 32}], "multigraph": false}