{"directed": false, "graph": [], "nodes": [{"name": "rh_postcentral", "weight": 0.38383951465830446, "pos": [0, 80], "ts_group_id": 0, "label": "postcentral", "input_id": 16, "layer_pos": 0, "y": 80, "x": 0, "brain_side": "right", "id": 16, "func_id": "2"}, {"name": "lh_superiortemporal", "weight": 0.04298831536519971, "pos": [0, 330], "ts_group_id": 0, "label": "superiortemporal", "input_id": 66, "layer_pos": 0, "y": 330, "x": 0, "brain_side": "left", "id": 66, "func_id": "2"}, {"name": "lh_precentral", "weight": 0.12625644703475716, "pos": [6, 220], "ts_group_id": 0, "label": "precentral", "input_id": 44, "layer_pos": 2, "y": 220, "x": 6, "brain_side": "left", "id": 180, "func_id": "2"}, {"name": "rh_precentral", "weight": 0.042869238231404386, "pos": [9, 50], "ts_group_id": 0, "label": "precentral", "input_id": 10, "layer_pos": 3, "y": 50, "x": 9, "brain_side": "right", "id": 214, "func_id": "2"}, {"name": "rh_precentral", "weight": 0.14884678049787073, "pos": [0, 50], "ts_group_id": 0, "label": "precentral", "input_id": 10, "layer_pos": 0, "y": 50, "x": 0, "brain_side": "right", "id": 10, "func_id": "2"}, {"name": "lh_precentral", "weight": 0.11375970465433316, "pos": [0, 220], "ts_group_id": 0, "label": "precentral", "input_id": 44, "layer_pos": 0, "y": 220, "x": 0, "brain_side": "left", "id": 44, "func_id": "2"}, {"name": "rh_precentral", "weight": 0.1130837551938708, "pos": [6, 50], "ts_group_id": 0, "label": "precentral", "input_id": 10, "layer_pos": 2, "y": 50, "x": 6, "brain_side": "right", "id": 146, "func_id": "2"}, {"name": "rh_precentral", "weight": 0.23913684793938519, "pos": [3, 50], "ts_group_id": 0, "label": "precentral", "input_id": 10, "layer_pos": 1, "y": 50, "x": 3, "brain_side": "right", "id": 78, "func_id": "2"}, {"name": "lh_precentral", "weight": 0.21873941252517076, "pos": [3, 220], "ts_group_id": 0, "label": "precentral", "input_id": 44, "layer_pos": 1, "y": 220, "x": 3, "brain_side": "left", "id": 112, "func_id": "2"}, {"name": "lh_precentral", "weight": 0.044997334569200534, "pos": [9, 220], "ts_group_id": 0, "label": "precentral", "input_id": 44, "layer_pos": 3, "y": 220, "x": 9, "brain_side": "left", "id": 248, "func_id": "2"}, {"name": "lh_postcentral", "weight": 0.28885969633616027, "pos": [0, 250], "ts_group_id": 0, "label": "postcentral", "input_id": 50, "layer_pos": 0, "y": 250, "x": 0, "brain_side": "left", "id": 50, "func_id": "2"}, {"name": "rh_postcentral", "weight": 0.48943181763613852, "pos": [3, 80], "ts_group_id": 0, "label": "postcentral", "input_id": 16, "layer_pos": 1, "y": 80, "x": 3, "brain_side": "right", "id": 84, "func_id": "2"}, {"name": "lh_postcentral", "weight": 0.39849208760125254, "pos": [3, 250], "ts_group_id": 0, "label": "postcentral", "input_id": 50, "layer_pos": 1, "y": 250, "x": 3, "brain_side": "left", "id": 118, "func_id": "2"}, {"name": "rh_postcentral", "weight": 0.31129501977943441, "pos": [6, 80], "ts_group_id": 0, "label": "postcentral", "input_id": 16, "layer_pos": 2, "y": 80, "x": 6, "brain_side": "right", "id": 152, "func_id": "2"}, {"name": "rh_supramarginal", "weight": 0.042556746952648224, "pos": [6, 85], "ts_group_id": 0, "label": "supramarginal", "input_id": 17, "layer_pos": 2, "y": 85, "x": 6, "brain_side": "right", "id": 153, "func_id": "4"}, {"name": "lh_postcentral", "weight": 0.25035735441137974, "pos": [6, 250], "ts_group_id": 0, "label": "postcentral", "input_id": 50, "layer_pos": 2, "y": 250, "x": 6, "brain_side": "left", "id": 186, "func_id": "2"}, {"name": "rh_postcentral", "weight": 0.095672304117903409, "pos": [9, 80], "ts_group_id": 0, "label": "postcentral", "input_id": 16, "layer_pos": 3, "y": 80, "x": 9, "brain_side": "right", "id": 220, "func_id": "2"}, {"name": "lh_postcentral", "weight": 0.081349742490028701, "pos": [9, 250], "ts_group_id": 0, "label": "postcentral", "input_id": 50, "layer_pos": 3, "y": 250, "x": 9, "brain_side": "left", "id": 254, "func_id": "2"}], "links": [{"source": 0, "target": 11}, {"source": 0, "target": 12}, {"source": 0, "target": 7}, {"source": 1, "target": 8}, {"source": 2, "target": 12}, {"source": 2, "target": 7}, {"source": 2, "target": 8}, {"source": 2, "target": 3}, {"source": 2, "target": 9}, {"source": 2, "target": 17}, {"source": 3, "target": 13}, {"source": 3, "target": 14}, {"source": 3, "target": 6}, {"source": 4, "target": 8}, {"source": 4, "target": 11}, {"source": 4, "target": 7}, {"source": 5, "target": 8}, {"source": 5, "target": 12}, {"source": 5, "target": 7}, {"source": 6, "target": 7}, {"source": 6, "target": 8}, {"source": 6, "target": 11}, {"source": 6, "target": 9}, {"source": 6, "target": 16}, {"source": 7, "target": 13}, {"source": 7, "target": 14}, {"source": 8, "target": 10}, {"source": 8, "target": 15}, {"source": 9, "target": 15}, {"source": 10, "target": 11}, {"source": 10, "target": 12}, {"source": 11, "target": 13}, {"source": 11, "target": 14}, {"source": 11, "target": 15}, {"source": 12, "target": 13}, {"source": 12, "target": 15}, {"source": 13, "target": 16}, {"source": 13, "target": 17}, {"source": 14, "target": 16}, {"source": 15, "target": 16}, {"source": 15, "target": 17}], "multigraph": false}