{"directed": false, "graph": [], "nodes": [{"name": "lh_paracentral", "weight": 0.062983065667677945, "pos": [15, 225], "ts_group_id": 0, "label": "paracentral", "input_id": 45, "layer_pos": 5, "y": 225, "x": 15, "brain_side": "left", "id": 385, "func_id": "2"}, {"name": "lh_paracentral", "weight": 0.045214125011138195, "pos": [18, 225], "ts_group_id": 0, "label": "paracentral", "input_id": 45, "layer_pos": 6, "y": 225, "x": 18, "brain_side": "left", "id": 453, "func_id": "2"}, {"name": "rh_paracentral", "weight": 0.30560225849859785, "pos": [0, 55], "ts_group_id": 0, "label": "paracentral", "input_id": 11, "layer_pos": 0, "y": 55, "x": 0, "brain_side": "right", "id": 11, "func_id": "2"}, {"name": "lh_paracentral", "weight": 0.33558417453404565, "pos": [0, 225], "ts_group_id": 0, "label": "paracentral", "input_id": 45, "layer_pos": 0, "y": 225, "x": 0, "brain_side": "left", "id": 45, "func_id": "2"}, {"name": "rh_paracentral", "weight": 0.43500016785951062, "pos": [3, 55], "ts_group_id": 0, "label": "paracentral", "input_id": 11, "layer_pos": 1, "y": 55, "x": 3, "brain_side": "right", "id": 79, "func_id": "2"}, {"name": "lh_paracentral", "weight": 0.47560153008153183, "pos": [3, 225], "ts_group_id": 0, "label": "paracentral", "input_id": 45, "layer_pos": 1, "y": 225, "x": 3, "brain_side": "left", "id": 113, "func_id": "2"}, {"name": "rh_paracentral", "weight": 0.39034614580603244, "pos": [6, 55], "ts_group_id": 0, "label": "paracentral", "input_id": 11, "layer_pos": 2, "y": 55, "x": 6, "brain_side": "right", "id": 147, "func_id": "2"}, {"name": "lh_precentral", "weight": 0.042774700057903459, "pos": [6, 220], "ts_group_id": 0, "label": "precentral", "input_id": 44, "layer_pos": 2, "y": 220, "x": 6, "brain_side": "left", "id": 180, "func_id": "2"}, {"name": "lh_paracentral", "weight": 0.40007419154628204, "pos": [6, 225], "ts_group_id": 0, "label": "paracentral", "input_id": 45, "layer_pos": 2, "y": 225, "x": 6, "brain_side": "left", "id": 181, "func_id": "2"}, {"name": "rh_paracentral", "weight": 0.10387025872729096, "pos": [9, 55], "ts_group_id": 0, "label": "paracentral", "input_id": 11, "layer_pos": 3, "y": 55, "x": 9, "brain_side": "right", "id": 215, "func_id": "2"}, {"name": "lh_paracentral", "weight": 0.10174613323924353, "pos": [9, 225], "ts_group_id": 0, "label": "paracentral", "input_id": 45, "layer_pos": 3, "y": 225, "x": 9, "brain_side": "left", "id": 249, "func_id": "2"}, {"name": "rh_posteriorcingulate", "weight": 0.044523748192687659, "pos": [9, 70], "ts_group_id": 0, "label": "posteriorcingulate", "input_id": 14, "layer_pos": 3, "y": 70, "x": 9, "brain_side": "right", "id": 218, "func_id": "4"}, {"name": "rh_paracentral", "weight": 0.05929348502940604, "pos": [12, 55], "ts_group_id": 0, "label": "paracentral", "input_id": 11, "layer_pos": 4, "y": 55, "x": 12, "brain_side": "right", "id": 283, "func_id": "2"}, {"name": "lh_paracentral", "weight": 0.051933405190365482, "pos": [12, 225], "ts_group_id": 0, "label": "paracentral", "input_id": 45, "layer_pos": 4, "y": 225, "x": 12, "brain_side": "left", "id": 317, "func_id": "2"}, {"name": "rh_paracentral", "weight": 0.04695040508132952, "pos": [15, 55], "ts_group_id": 0, "label": "paracentral", "input_id": 11, "layer_pos": 5, "y": 55, "x": 15, "brain_side": "right", "id": 351, "func_id": "2"}], "links": [{"source": 0, "target": 12}, {"source": 0, "target": 13}, {"source": 0, "target": 1}, {"source": 1, "target": 14}, {"source": 2, "target": 5}, {"source": 2, "target": 4}, {"source": 3, "target": 5}, {"source": 3, "target": 4}, {"source": 4, "target": 7}, {"source": 4, "target": 6}, {"source": 4, "target": 8}, {"source": 5, "target": 7}, {"source": 5, "target": 6}, {"source": 5, "target": 8}, {"source": 6, "target": 10}, {"source": 6, "target": 11}, {"source": 6, "target": 9}, {"source": 7, "target": 10}, {"source": 7, "target": 11}, {"source": 7, "target": 9}, {"source": 8, "target": 10}, {"source": 8, "target": 11}, {"source": 8, "target": 9}, {"source": 9, "target": 12}, {"source": 9, "target": 13}, {"source": 10, "target": 12}, {"source": 10, "target": 13}, {"source": 11, "target": 12}, {"source": 11, "target": 13}, {"source": 12, "target": 14}, {"source": 13, "target": 14}], "multigraph": false}