{"directed": false, "graph": [], "nodes": [{"name": "lh_parahippocampal", "weight": 0.075636284351064648, "pos": [3, 300], "ts_group_id": 0, "label": "parahippocampal", "input_id": 60, "layer_pos": 1, "y": 300, "x": 3, "brain_side": "left", "id": 128, "func_id": "7"}, {"name": "lh_isthmuscingulate", "weight": 0.1748525249161742, "pos": [9, 245], "ts_group_id": 0, "label": "isthmuscingulate", "input_id": 49, "layer_pos": 3, "y": 245, "x": 9, "brain_side": "left", "id": 253, "func_id": "7"}, {"name": "rh_parahippocampal", "weight": 0.09632722059682694, "pos": [6, 130], "ts_group_id": 0, "label": "parahippocampal", "input_id": 26, "layer_pos": 2, "y": 130, "x": 6, "brain_side": "right", "id": 162, "func_id": "1"}, {"name": "lh_parahippocampal", "weight": 0.046986000687255697, "pos": [6, 300], "ts_group_id": 0, "label": "parahippocampal", "input_id": 60, "layer_pos": 2, "y": 300, "x": 6, "brain_side": "left", "id": 196, "func_id": "7"}, {"name": "lh_rostralanteriorcingulate", "weight": 0.049623268797684958, "pos": [6, 230], "ts_group_id": 0, "label": "rostralanteriorcingulate", "input_id": 46, "layer_pos": 2, "y": 230, "x": 6, "brain_side": "left", "id": 182, "func_id": "7"}, {"name": "lh_isthmuscingulate", "weight": 0.049576432863539771, "pos": [12, 245], "ts_group_id": 0, "label": "isthmuscingulate", "input_id": 49, "layer_pos": 4, "y": 245, "x": 12, "brain_side": "left", "id": 321, "func_id": "7"}, {"name": "lh_precuneus", "weight": 0.063978125174740441, "pos": [6, 270], "ts_group_id": 0, "label": "precuneus", "input_id": 54, "layer_pos": 2, "y": 270, "x": 6, "brain_side": "left", "id": 190, "func_id": "7"}, {"name": "rh_isthmuscingulate", "weight": 0.30417931070973964, "pos": [0, 75], "ts_group_id": 0, "label": "isthmuscingulate", "input_id": 15, "layer_pos": 0, "y": 75, "x": 0, "brain_side": "right", "id": 15, "func_id": "7"}, {"name": "lh_isthmuscingulate", "weight": 0.36630925990655194, "pos": [0, 245], "ts_group_id": 0, "label": "isthmuscingulate", "input_id": 49, "layer_pos": 0, "y": 245, "x": 0, "brain_side": "left", "id": 49, "func_id": "7"}, {"name": "rh_superiorparietal", "weight": 0.042170577838442323, "pos": [0, 90], "ts_group_id": 0, "label": "superiorparietal", "input_id": 18, "layer_pos": 0, "y": 90, "x": 0, "brain_side": "right", "id": 18, "func_id": "3"}, {"name": "rh_isthmuscingulate", "weight": 0.38630525374189545, "pos": [3, 75], "ts_group_id": 0, "label": "isthmuscingulate", "input_id": 15, "layer_pos": 1, "y": 75, "x": 3, "brain_side": "right", "id": 83, "func_id": "7"}, {"name": "lh_isthmuscingulate", "weight": 0.37072443762333357, "pos": [3, 245], "ts_group_id": 0, "label": "isthmuscingulate", "input_id": 49, "layer_pos": 1, "y": 245, "x": 3, "brain_side": "left", "id": 117, "func_id": "7"}, {"name": "lh_precuneus", "weight": 0.10397729359999872, "pos": [0, 270], "ts_group_id": 0, "label": "precuneus", "input_id": 54, "layer_pos": 0, "y": 270, "x": 0, "brain_side": "left", "id": 54, "func_id": "7"}, {"name": "rh_isthmuscingulate", "weight": 0.37475781446307604, "pos": [6, 75], "ts_group_id": 0, "label": "isthmuscingulate", "input_id": 15, "layer_pos": 2, "y": 75, "x": 6, "brain_side": "right", "id": 151, "func_id": "7"}, {"name": "lh_isthmuscingulate", "weight": 0.40281001626947199, "pos": [6, 245], "ts_group_id": 0, "label": "isthmuscingulate", "input_id": 49, "layer_pos": 2, "y": 245, "x": 6, "brain_side": "left", "id": 185, "func_id": "7"}, {"name": "lh_precuneus", "weight": 0.13982708689578147, "pos": [3, 270], "ts_group_id": 0, "label": "precuneus", "input_id": 54, "layer_pos": 1, "y": 270, "x": 3, "brain_side": "left", "id": 122, "func_id": "7"}, {"name": "rh_isthmuscingulate", "weight": 0.093285238850636221, "pos": [9, 75], "ts_group_id": 0, "label": "isthmuscingulate", "input_id": 15, "layer_pos": 3, "y": 75, "x": 9, "brain_side": "right", "id": 219, "func_id": "7"}, {"name": "lh_parahippocampal", "weight": 0.066436644850868393, "pos": [0, 300], "ts_group_id": 0, "label": "parahippocampal", "input_id": 60, "layer_pos": 0, "y": 300, "x": 0, "brain_side": "left", "id": 60, "func_id": "7"}, {"name": "rh_parahippocampal", "weight": 0.11427458525172543, "pos": [0, 130], "ts_group_id": 0, "label": "parahippocampal", "input_id": 26, "layer_pos": 0, "y": 130, "x": 0, "brain_side": "right", "id": 26, "func_id": "1"}, {"name": "rh_parahippocampal", "weight": 0.10071837122196207, "pos": [3, 130], "ts_group_id": 0, "label": "parahippocampal", "input_id": 26, "layer_pos": 1, "y": 130, "x": 3, "brain_side": "right", "id": 94, "func_id": "1"}, {"name": "rh_isthmuscingulate", "weight": 0.049848400738234738, "pos": [12, 75], "ts_group_id": 0, "label": "isthmuscingulate", "input_id": 15, "layer_pos": 4, "y": 75, "x": 12, "brain_side": "right", "id": 287, "func_id": "7"}], "links": [{"source": 0, "target": 3}, {"source": 0, "target": 8}, {"source": 0, "target": 12}, {"source": 0, "target": 14}, {"source": 0, "target": 17}, {"source": 0, "target": 6}, {"source": 1, "target": 5}, {"source": 1, "target": 3}, {"source": 1, "target": 4}, {"source": 1, "target": 13}, {"source": 1, "target": 14}, {"source": 1, "target": 6}, {"source": 1, "target": 20}, {"source": 2, "target": 10}, {"source": 2, "target": 19}, {"source": 2, "target": 16}, {"source": 3, "target": 15}, {"source": 3, "target": 11}, {"source": 4, "target": 15}, {"source": 4, "target": 11}, {"source": 5, "target": 16}, {"source": 6, "target": 10}, {"source": 6, "target": 11}, {"source": 6, "target": 15}, {"source": 6, "target": 16}, {"source": 7, "target": 15}, {"source": 7, "target": 10}, {"source": 7, "target": 11}, {"source": 7, "target": 19}, {"source": 8, "target": 15}, {"source": 8, "target": 10}, {"source": 8, "target": 11}, {"source": 9, "target": 15}, {"source": 9, "target": 10}, {"source": 9, "target": 11}, {"source": 10, "target": 12}, {"source": 10, "target": 13}, {"source": 10, "target": 14}, {"source": 10, "target": 18}, {"source": 11, "target": 12}, {"source": 11, "target": 13}, {"source": 11, "target": 14}, {"source": 11, "target": 17}, {"source": 12, "target": 15}, {"source": 13, "target": 15}, {"source": 13, "target": 16}, {"source": 13, "target": 19}, {"source": 14, "target": 15}, {"source": 14, "target": 16}, {"source": 15, "target": 17}, {"source": 16, "target": 20}, {"source": 18, "target": 19}], "multigraph": false}