{"directed": false, "graph": [], "nodes": [{"name": "rh_superiorfrontal", "weight": 0.083151591159406166, "pos": [6, 40], "ts_group_id": 0, "label": "superiorfrontal", "input_id": 8, "layer_pos": 2, "y": 40, "x": 6, "brain_side": "right", "id": 144, "func_id": "7"}, {"name": "rh_frontalpole", "weight": 0.047322291590389087, "pos": [0, 15], "ts_group_id": 0, "label": "frontalpole", "input_id": 3, "layer_pos": 0, "y": 15, "x": 0, "brain_side": "right", "id": 3, "func_id": "5"}, {"name": "rh_medialorbitofrontal", "weight": 0.066179898803624418, "pos": [0, 20], "ts_group_id": 0, "label": "medialorbitofrontal", "input_id": 4, "layer_pos": 0, "y": 20, "x": 0, "brain_side": "right", "id": 4, "func_id": "5"}, {"name": "rh_frontalpole", "weight": 0.057562426569318016, "pos": [3, 15], "ts_group_id": 0, "label": "frontalpole", "input_id": 3, "layer_pos": 1, "y": 15, "x": 3, "brain_side": "right", "id": 71, "func_id": "5"}, {"name": "rh_medialorbitofrontal", "weight": 0.12434648188320743, "pos": [3, 20], "ts_group_id": 0, "label": "medialorbitofrontal", "input_id": 4, "layer_pos": 1, "y": 20, "x": 3, "brain_side": "right", "id": 72, "func_id": "5"}, {"name": "rh_rostralanteriorcingulate", "weight": 0.30117735015954811, "pos": [0, 60], "ts_group_id": 0, "label": "rostralanteriorcingulate", "input_id": 12, "layer_pos": 0, "y": 60, "x": 0, "brain_side": "right", "id": 12, "func_id": "7"}, {"name": "lh_medialorbitofrontal", "weight": 0.053521014463997284, "pos": [3, 190], "ts_group_id": 0, "label": "medialorbitofrontal", "input_id": 38, "layer_pos": 1, "y": 190, "x": 3, "brain_side": "left", "id": 106, "func_id": "5"}, {"name": "rh_superiorfrontal", "weight": 0.11191474432122257, "pos": [3, 40], "ts_group_id": 0, "label": "superiorfrontal", "input_id": 8, "layer_pos": 1, "y": 40, "x": 3, "brain_side": "right", "id": 76, "func_id": "7"}, {"name": "lh_superiorfrontal", "weight": 0.051971807514107474, "pos": [6, 210], "ts_group_id": 0, "label": "superiorfrontal", "input_id": 42, "layer_pos": 2, "y": 210, "x": 6, "brain_side": "left", "id": 178, "func_id": "7"}, {"name": "lh_rostralanteriorcingulate", "weight": 0.4228129820309891, "pos": [0, 230], "ts_group_id": 0, "label": "rostralanteriorcingulate", "input_id": 46, "layer_pos": 0, "y": 230, "x": 0, "brain_side": "left", "id": 46, "func_id": "7"}, {"name": "rh_rostralanteriorcingulate", "weight": 0.42097453793025996, "pos": [3, 60], "ts_group_id": 0, "label": "rostralanteriorcingulate", "input_id": 12, "layer_pos": 1, "y": 60, "x": 3, "brain_side": "right", "id": 80, "func_id": "7"}, {"name": "rh_superiorfrontal", "weight": 0.060816008550012408, "pos": [0, 40], "ts_group_id": 0, "label": "superiorfrontal", "input_id": 8, "layer_pos": 0, "y": 40, "x": 0, "brain_side": "right", "id": 8, "func_id": "7"}, {"name": "lh_rostralanteriorcingulate", "weight": 0.50681886630161976, "pos": [3, 230], "ts_group_id": 0, "label": "rostralanteriorcingulate", "input_id": 46, "layer_pos": 1, "y": 230, "x": 3, "brain_side": "left", "id": 114, "func_id": "7"}, {"name": "rh_rostralanteriorcingulate", "weight": 0.29348090791165554, "pos": [6, 60], "ts_group_id": 0, "label": "rostralanteriorcingulate", "input_id": 12, "layer_pos": 2, "y": 60, "x": 6, "brain_side": "right", "id": 148, "func_id": "7"}, {"name": "lh_medialorbitofrontal", "weight": 0.080682598418445578, "pos": [6, 190], "ts_group_id": 0, "label": "medialorbitofrontal", "input_id": 38, "layer_pos": 2, "y": 190, "x": 6, "brain_side": "left", "id": 174, "func_id": "5"}, {"name": "lh_rostralanteriorcingulate", "weight": 0.30711825390457897, "pos": [6, 230], "ts_group_id": 0, "label": "rostralanteriorcingulate", "input_id": 46, "layer_pos": 2, "y": 230, "x": 6, "brain_side": "left", "id": 182, "func_id": "7"}, {"name": "rh_rostralanteriorcingulate", "weight": 0.04780940049930215, "pos": [9, 60], "ts_group_id": 0, "label": "rostralanteriorcingulate", "input_id": 12, "layer_pos": 3, "y": 60, "x": 9, "brain_side": "right", "id": 216, "func_id": "7"}, {"name": "lh_rostralanteriorcingulate", "weight": 0.061797863632044522, "pos": [9, 230], "ts_group_id": 0, "label": "rostralanteriorcingulate", "input_id": 46, "layer_pos": 3, "y": 230, "x": 9, "brain_side": "left", "id": 250, "func_id": "7"}, {"name": "rh_medialorbitofrontal", "weight": 0.14183996945580557, "pos": [6, 20], "ts_group_id": 0, "label": "medialorbitofrontal", "input_id": 4, "layer_pos": 2, "y": 20, "x": 6, "brain_side": "right", "id": 140, "func_id": "5"}, {"name": "rh_medialorbitofrontal", "weight": 0.043635723775353727, "pos": [9, 20], "ts_group_id": 0, "label": "medialorbitofrontal", "input_id": 4, "layer_pos": 3, "y": 20, "x": 9, "brain_side": "right", "id": 208, "func_id": "5"}], "links": [{"source": 0, "target": 19}, {"source": 0, "target": 4}, {"source": 0, "target": 6}, {"source": 0, "target": 7}, {"source": 0, "target": 10}, {"source": 0, "target": 12}, {"source": 0, "target": 16}, {"source": 0, "target": 17}, {"source": 1, "target": 4}, {"source": 1, "target": 6}, {"source": 1, "target": 3}, {"source": 2, "target": 3}, {"source": 2, "target": 4}, {"source": 2, "target": 6}, {"source": 2, "target": 7}, {"source": 2, "target": 10}, {"source": 2, "target": 12}, {"source": 3, "target": 18}, {"source": 3, "target": 8}, {"source": 3, "target": 14}, {"source": 4, "target": 11}, {"source": 4, "target": 18}, {"source": 4, "target": 5}, {"source": 4, "target": 9}, {"source": 4, "target": 8}, {"source": 4, "target": 13}, {"source": 4, "target": 14}, {"source": 4, "target": 15}, {"source": 5, "target": 10}, {"source": 5, "target": 6}, {"source": 5, "target": 7}, {"source": 5, "target": 12}, {"source": 6, "target": 11}, {"source": 6, "target": 18}, {"source": 6, "target": 9}, {"source": 6, "target": 8}, {"source": 6, "target": 13}, {"source": 6, "target": 14}, {"source": 6, "target": 15}, {"source": 7, "target": 11}, {"source": 7, "target": 18}, {"source": 7, "target": 9}, {"source": 7, "target": 8}, {"source": 7, "target": 13}, {"source": 7, "target": 14}, {"source": 7, "target": 15}, {"source": 8, "target": 19}, {"source": 8, "target": 10}, {"source": 8, "target": 12}, {"source": 8, "target": 16}, {"source": 8, "target": 17}, {"source": 9, "target": 10}, {"source": 9, "target": 12}, {"source": 10, "target": 11}, {"source": 10, "target": 18}, {"source": 10, "target": 13}, {"source": 10, "target": 14}, {"source": 10, "target": 15}, {"source": 11, "target": 12}, {"source": 12, "target": 18}, {"source": 12, "target": 13}, {"source": 12, "target": 14}, {"source": 12, "target": 15}, {"source": 13, "target": 19}, {"source": 13, "target": 16}, {"source": 13, "target": 17}, {"source": 14, "target": 19}, {"source": 14, "target": 16}, {"source": 14, "target": 17}, {"source": 15, "target": 19}, {"source": 15, "target": 16}, {"source": 15, "target": 17}, {"source": 16, "target": 18}, {"source": 17, "target": 18}, {"source": 18, "target": 19}], "multigraph": false}