{"directed": false, "graph": [], "nodes": [{"name": "lh_inferiortemporal", "weight": 0.067280083101938143, "pos": [3, 315], "ts_group_id": 0, "label": "inferiortemporal", "input_id": 63, "layer_pos": 1, "y": 315, "x": 3, "brain_side": "left", "id": 131, "func_id": "5"}, {"name": "lh_caudalmiddlefrontal", "weight": 0.042325078825908094, "pos": [6, 215], "ts_group_id": 0, "label": "caudalmiddlefrontal", "input_id": 43, "layer_pos": 2, "y": 215, "x": 6, "brain_side": "left", "id": 179, "func_id": "7"}, {"name": "lh_superiortemporal", "weight": 0.18063647124228602, "pos": [3, 330], "ts_group_id": 0, "label": "superiortemporal", "input_id": 66, "layer_pos": 1, "y": 330, "x": 3, "brain_side": "left", "id": 134, "func_id": "2"}, {"name": "lh_transversetemporal", "weight": 0.041676818362705204, "pos": [3, 335], "ts_group_id": 0, "label": "transversetemporal", "input_id": 67, "layer_pos": 1, "y": 335, "x": 3, "brain_side": "left", "id": 135, "func_id": "2"}, {"name": "lh_lateralorbitofrontal", "weight": 0.067124954615394597, "pos": [12, 175], "ts_group_id": 0, "label": "lateralorbitofrontal", "input_id": 35, "layer_pos": 4, "y": 175, "x": 12, "brain_side": "left", "id": 307, "func_id": "5"}, {"name": "lh_inferiortemporal", "weight": 0.094479648943083694, "pos": [9, 315], "ts_group_id": 0, "label": "inferiortemporal", "input_id": 63, "layer_pos": 3, "y": 315, "x": 9, "brain_side": "left", "id": 267, "func_id": "5"}, {"name": "lh_superiortemporal", "weight": 0.049842548823482213, "pos": [9, 330], "ts_group_id": 0, "label": "superiortemporal", "input_id": 66, "layer_pos": 3, "y": 330, "x": 9, "brain_side": "left", "id": 270, "func_id": "2"}, {"name": "lh_insula", "weight": 0.044174249686439342, "pos": [9, 340], "ts_group_id": 0, "label": "insula", "input_id": 68, "layer_pos": 3, "y": 340, "x": 9, "brain_side": "left", "id": 272, "func_id": "4"}, {"name": "lh_lateralorbitofrontal", "weight": 0.057057390195164349, "pos": [0, 175], "ts_group_id": 0, "label": "lateralorbitofrontal", "input_id": 35, "layer_pos": 0, "y": 175, "x": 0, "brain_side": "left", "id": 35, "func_id": "5"}, {"name": "lh_lateralorbitofrontal", "weight": 0.082245329391128344, "pos": [6, 175], "ts_group_id": 0, "label": "lateralorbitofrontal", "input_id": 35, "layer_pos": 2, "y": 175, "x": 6, "brain_side": "left", "id": 171, "func_id": "5"}, {"name": "lh_precentral", "weight": 0.12522899053689546, "pos": [0, 220], "ts_group_id": 0, "label": "precentral", "input_id": 44, "layer_pos": 0, "y": 220, "x": 0, "brain_side": "left", "id": 44, "func_id": "2"}, {"name": "lh_parstriangularis", "weight": 0.05429598730367647, "pos": [6, 195], "ts_group_id": 0, "label": "parstriangularis", "input_id": 39, "layer_pos": 2, "y": 195, "x": 6, "brain_side": "left", "id": 175, "func_id": "7"}, {"name": "lh_parsopercularis", "weight": 0.094163417951768247, "pos": [6, 200], "ts_group_id": 0, "label": "parsopercularis", "input_id": 40, "layer_pos": 2, "y": 200, "x": 6, "brain_side": "left", "id": 176, "func_id": "4"}, {"name": "lh_supramarginal", "weight": 0.51198309178355572, "pos": [0, 255], "ts_group_id": 0, "label": "supramarginal", "input_id": 51, "layer_pos": 0, "y": 255, "x": 0, "brain_side": "left", "id": 51, "func_id": "4"}, {"name": "lh_precentral", "weight": 0.048917447755009356, "pos": [6, 220], "ts_group_id": 0, "label": "precentral", "input_id": 44, "layer_pos": 2, "y": 220, "x": 6, "brain_side": "left", "id": 180, "func_id": "2"}, {"name": "lh_supramarginal", "weight": 0.36881969672930864, "pos": [6, 255], "ts_group_id": 0, "label": "supramarginal", "input_id": 51, "layer_pos": 2, "y": 255, "x": 6, "brain_side": "left", "id": 187, "func_id": "4"}, {"name": "lh_inferiortemporal", "weight": 0.073539088143254897, "pos": [0, 315], "ts_group_id": 0, "label": "inferiortemporal", "input_id": 63, "layer_pos": 0, "y": 315, "x": 0, "brain_side": "left", "id": 63, "func_id": "5"}, {"name": "lh_superiortemporal", "weight": 0.11791711991976887, "pos": [0, 330], "ts_group_id": 0, "label": "superiortemporal", "input_id": 66, "layer_pos": 0, "y": 330, "x": 0, "brain_side": "left", "id": 66, "func_id": "2"}, {"name": "lh_inferiortemporal", "weight": 0.085650735628735611, "pos": [6, 315], "ts_group_id": 0, "label": "inferiortemporal", "input_id": 63, "layer_pos": 2, "y": 315, "x": 6, "brain_side": "left", "id": 199, "func_id": "5"}, {"name": "lh_superiortemporal", "weight": 0.17186249735336639, "pos": [6, 330], "ts_group_id": 0, "label": "superiortemporal", "input_id": 66, "layer_pos": 2, "y": 330, "x": 6, "brain_side": "left", "id": 202, "func_id": "2"}, {"name": "lh_lateralorbitofrontal", "weight": 0.041221884316660802, "pos": [3, 175], "ts_group_id": 0, "label": "lateralorbitofrontal", "input_id": 35, "layer_pos": 1, "y": 175, "x": 3, "brain_side": "left", "id": 103, "func_id": "5"}, {"name": "lh_parstriangularis", "weight": 0.08477450074549539, "pos": [3, 195], "ts_group_id": 0, "label": "parstriangularis", "input_id": 39, "layer_pos": 1, "y": 195, "x": 3, "brain_side": "left", "id": 107, "func_id": "7"}, {"name": "lh_lateralorbitofrontal", "weight": 0.10841012732757947, "pos": [9, 175], "ts_group_id": 0, "label": "lateralorbitofrontal", "input_id": 35, "layer_pos": 3, "y": 175, "x": 9, "brain_side": "left", "id": 239, "func_id": "5"}, {"name": "lh_precentral", "weight": 0.10307177976155855, "pos": [3, 220], "ts_group_id": 0, "label": "precentral", "input_id": 44, "layer_pos": 1, "y": 220, "x": 3, "brain_side": "left", "id": 112, "func_id": "2"}, {"name": "lh_parsopercularis", "weight": 0.12260320304564955, "pos": [9, 200], "ts_group_id": 0, "label": "parsopercularis", "input_id": 40, "layer_pos": 3, "y": 200, "x": 9, "brain_side": "left", "id": 244, "func_id": "4"}, {"name": "lh_supramarginal", "weight": 0.57182901123781316, "pos": [3, 255], "ts_group_id": 0, "label": "supramarginal", "input_id": 51, "layer_pos": 1, "y": 255, "x": 3, "brain_side": "left", "id": 119, "func_id": "4"}, {"name": "lh_precentral", "weight": 0.041967081229567237, "pos": [9, 220], "ts_group_id": 0, "label": "precentral", "input_id": 44, "layer_pos": 3, "y": 220, "x": 9, "brain_side": "left", "id": 248, "func_id": "2"}, {"name": "lh_supramarginal", "weight": 0.16747276553919929, "pos": [9, 255], "ts_group_id": 0, "label": "supramarginal", "input_id": 51, "layer_pos": 3, "y": 255, "x": 9, "brain_side": "left", "id": 255, "func_id": "4"}], "links": [{"source": 0, "target": 17}, {"source": 0, "target": 1}, {"source": 0, "target": 18}, {"source": 0, "target": 19}, {"source": 0, "target": 10}, {"source": 0, "target": 12}, {"source": 0, "target": 13}, {"source": 0, "target": 14}, {"source": 0, "target": 15}, {"source": 0, "target": 16}, {"source": 1, "target": 23}, {"source": 1, "target": 26}, {"source": 1, "target": 24}, {"source": 1, "target": 5}, {"source": 2, "target": 17}, {"source": 2, "target": 8}, {"source": 2, "target": 18}, {"source": 2, "target": 19}, {"source": 2, "target": 9}, {"source": 2, "target": 10}, {"source": 2, "target": 12}, {"source": 2, "target": 13}, {"source": 2, "target": 14}, {"source": 2, "target": 15}, {"source": 2, "target": 16}, {"source": 3, "target": 17}, {"source": 3, "target": 19}, {"source": 4, "target": 7}, {"source": 4, "target": 6}, {"source": 4, "target": 22}, {"source": 5, "target": 18}, {"source": 5, "target": 19}, {"source": 5, "target": 12}, {"source": 5, "target": 14}, {"source": 5, "target": 15}, {"source": 6, "target": 18}, {"source": 6, "target": 19}, {"source": 6, "target": 9}, {"source": 6, "target": 12}, {"source": 6, "target": 14}, {"source": 6, "target": 15}, {"source": 7, "target": 18}, {"source": 7, "target": 19}, {"source": 7, "target": 9}, {"source": 7, "target": 11}, {"source": 7, "target": 12}, {"source": 7, "target": 14}, {"source": 7, "target": 15}, {"source": 8, "target": 21}, {"source": 8, "target": 20}, {"source": 9, "target": 20}, {"source": 9, "target": 21}, {"source": 9, "target": 22}, {"source": 10, "target": 23}, {"source": 10, "target": 25}, {"source": 11, "target": 24}, {"source": 11, "target": 21}, {"source": 11, "target": 22}, {"source": 11, "target": 20}, {"source": 12, "target": 21}, {"source": 12, "target": 23}, {"source": 12, "target": 24}, {"source": 12, "target": 25}, {"source": 12, "target": 26}, {"source": 12, "target": 27}, {"source": 13, "target": 23}, {"source": 13, "target": 25}, {"source": 14, "target": 23}, {"source": 14, "target": 24}, {"source": 14, "target": 25}, {"source": 14, "target": 26}, {"source": 14, "target": 27}, {"source": 15, "target": 23}, {"source": 15, "target": 24}, {"source": 15, "target": 25}, {"source": 15, "target": 26}, {"source": 15, "target": 27}, {"source": 16, "target": 23}, {"source": 16, "target": 25}, {"source": 17, "target": 20}, {"source": 17, "target": 23}, {"source": 17, "target": 25}, {"source": 18, "target": 23}, {"source": 18, "target": 24}, {"source": 18, "target": 25}, {"source": 18, "target": 26}, {"source": 18, "target": 27}, {"source": 19, "target": 20}, {"source": 19, "target": 22}, {"source": 19, "target": 23}, {"source": 19, "target": 24}, {"source": 19, "target": 25}, {"source": 19, "target": 26}, {"source": 19, "target": 27}], "multigraph": false}