{"directed": false, "graph": [], "nodes": [{"name": "lh_middletemporal", "weight": 0.20911562840740675, "pos": [3, 320], "ts_group_id": 0, "label": "middletemporal", "input_id": 64, "layer_pos": 1, "y": 320, "x": 3, "brain_side": "left", "id": 132, "func_id": "7"}, {"name": "lh_bankssts", "weight": 0.53256417401481826, "pos": [3, 325], "ts_group_id": 0, "label": "bankssts", "input_id": 65, "layer_pos": 1, "y": 325, "x": 3, "brain_side": "left", "id": 133, "func_id": "7"}, {"name": "lh_superiortemporal", "weight": 0.24040660614764911, "pos": [3, 330], "ts_group_id": 0, "label": "superiortemporal", "input_id": 66, "layer_pos": 1, "y": 330, "x": 3, "brain_side": "left", "id": 134, "func_id": "2"}, {"name": "lh_insula", "weight": 0.084922661284676793, "pos": [3, 340], "ts_group_id": 0, "label": "insula", "input_id": 68, "layer_pos": 1, "y": 340, "x": 3, "brain_side": "left", "id": 136, "func_id": "4"}, {"name": "lh_bankssts", "weight": 0.061348021898574405, "pos": [9, 325], "ts_group_id": 0, "label": "bankssts", "input_id": 65, "layer_pos": 3, "y": 325, "x": 9, "brain_side": "left", "id": 269, "func_id": "7"}, {"name": "lh_superiortemporal", "weight": 0.04755413654494018, "pos": [9, 330], "ts_group_id": 0, "label": "superiortemporal", "input_id": 66, "layer_pos": 3, "y": 330, "x": 9, "brain_side": "left", "id": 270, "func_id": "2"}, {"name": "lh_transversetemporal", "weight": 0.062449463557477179, "pos": [9, 335], "ts_group_id": 0, "label": "transversetemporal", "input_id": 67, "layer_pos": 3, "y": 335, "x": 9, "brain_side": "left", "id": 271, "func_id": "2"}, {"name": "lh_parstriangularis", "weight": 0.069325715542122815, "pos": [0, 195], "ts_group_id": 0, "label": "parstriangularis", "input_id": 39, "layer_pos": 0, "y": 195, "x": 0, "brain_side": "left", "id": 39, "func_id": "7"}, {"name": "lh_parsopercularis", "weight": 0.17408028814054149, "pos": [6, 200], "ts_group_id": 0, "label": "parsopercularis", "input_id": 40, "layer_pos": 2, "y": 200, "x": 6, "brain_side": "left", "id": 176, "func_id": "4"}, {"name": "lh_precentral", "weight": 0.050658400799875124, "pos": [6, 220], "ts_group_id": 0, "label": "precentral", "input_id": 44, "layer_pos": 2, "y": 220, "x": 6, "brain_side": "left", "id": 180, "func_id": "2"}, {"name": "lh_parsopercularis", "weight": 0.047234078757283304, "pos": [12, 200], "ts_group_id": 0, "label": "parsopercularis", "input_id": 40, "layer_pos": 4, "y": 200, "x": 12, "brain_side": "left", "id": 312, "func_id": "4"}, {"name": "lh_inferiorparietal", "weight": 0.073591097897757377, "pos": [6, 265], "ts_group_id": 0, "label": "inferiorparietal", "input_id": 53, "layer_pos": 2, "y": 265, "x": 6, "brain_side": "left", "id": 189, "func_id": "7"}, {"name": "lh_middletemporal", "weight": 0.25186078898594721, "pos": [0, 320], "ts_group_id": 0, "label": "middletemporal", "input_id": 64, "layer_pos": 0, "y": 320, "x": 0, "brain_side": "left", "id": 64, "func_id": "7"}, {"name": "lh_bankssts", "weight": 0.37811282144613423, "pos": [0, 325], "ts_group_id": 0, "label": "bankssts", "input_id": 65, "layer_pos": 0, "y": 325, "x": 0, "brain_side": "left", "id": 65, "func_id": "7"}, {"name": "lh_superiortemporal", "weight": 0.19808888738239747, "pos": [0, 330], "ts_group_id": 0, "label": "superiortemporal", "input_id": 66, "layer_pos": 0, "y": 330, "x": 0, "brain_side": "left", "id": 66, "func_id": "2"}, {"name": "lh_transversetemporal", "weight": 0.05532887925144412, "pos": [0, 335], "ts_group_id": 0, "label": "transversetemporal", "input_id": 67, "layer_pos": 0, "y": 335, "x": 0, "brain_side": "left", "id": 67, "func_id": "2"}, {"name": "lh_insula", "weight": 0.040796270906708218, "pos": [0, 340], "ts_group_id": 0, "label": "insula", "input_id": 68, "layer_pos": 0, "y": 340, "x": 0, "brain_side": "left", "id": 68, "func_id": "4"}, {"name": "lh_middletemporal", "weight": 0.19802324409214958, "pos": [6, 320], "ts_group_id": 0, "label": "middletemporal", "input_id": 64, "layer_pos": 2, "y": 320, "x": 6, "brain_side": "left", "id": 200, "func_id": "7"}, {"name": "lh_bankssts", "weight": 0.40117002648100125, "pos": [6, 325], "ts_group_id": 0, "label": "bankssts", "input_id": 65, "layer_pos": 2, "y": 325, "x": 6, "brain_side": "left", "id": 201, "func_id": "7"}, {"name": "lh_superiortemporal", "weight": 0.12957589906734948, "pos": [6, 330], "ts_group_id": 0, "label": "superiortemporal", "input_id": 66, "layer_pos": 2, "y": 330, "x": 6, "brain_side": "left", "id": 202, "func_id": "2"}, {"name": "lh_middletemporal", "weight": 0.053484570624678533, "pos": [12, 320], "ts_group_id": 0, "label": "middletemporal", "input_id": 64, "layer_pos": 4, "y": 320, "x": 12, "brain_side": "left", "id": 336, "func_id": "7"}, {"name": "lh_parsopercularis", "weight": 0.1194916621065417, "pos": [3, 200], "ts_group_id": 0, "label": "parsopercularis", "input_id": 40, "layer_pos": 1, "y": 200, "x": 3, "brain_side": "left", "id": 108, "func_id": "4"}, {"name": "lh_caudalmiddlefrontal", "weight": 0.051659050689515956, "pos": [3, 215], "ts_group_id": 0, "label": "caudalmiddlefrontal", "input_id": 43, "layer_pos": 1, "y": 215, "x": 3, "brain_side": "left", "id": 111, "func_id": "7"}, {"name": "lh_parstriangularis", "weight": 0.042907525829365516, "pos": [9, 195], "ts_group_id": 0, "label": "parstriangularis", "input_id": 39, "layer_pos": 3, "y": 195, "x": 9, "brain_side": "left", "id": 243, "func_id": "7"}, {"name": "lh_parsopercularis", "weight": 0.13949268083482508, "pos": [9, 200], "ts_group_id": 0, "label": "parsopercularis", "input_id": 40, "layer_pos": 3, "y": 200, "x": 9, "brain_side": "left", "id": 244, "func_id": "4"}, {"name": "lh_precentral", "weight": 0.04615586489834389, "pos": [9, 220], "ts_group_id": 0, "label": "precentral", "input_id": 44, "layer_pos": 3, "y": 220, "x": 9, "brain_side": "left", "id": 248, "func_id": "2"}, {"name": "lh_inferiorparietal", "weight": 0.071324571544792312, "pos": [3, 265], "ts_group_id": 0, "label": "inferiorparietal", "input_id": 53, "layer_pos": 1, "y": 265, "x": 3, "brain_side": "left", "id": 121, "func_id": "7"}], "links": [{"source": 0, "target": 12}, {"source": 0, "target": 13}, {"source": 0, "target": 14}, {"source": 0, "target": 16}, {"source": 0, "target": 17}, {"source": 0, "target": 18}, {"source": 0, "target": 19}, {"source": 0, "target": 8}, {"source": 0, "target": 9}, {"source": 0, "target": 11}, {"source": 1, "target": 12}, {"source": 1, "target": 13}, {"source": 1, "target": 14}, {"source": 1, "target": 17}, {"source": 1, "target": 18}, {"source": 1, "target": 19}, {"source": 1, "target": 8}, {"source": 1, "target": 9}, {"source": 1, "target": 11}, {"source": 2, "target": 12}, {"source": 2, "target": 13}, {"source": 2, "target": 14}, {"source": 2, "target": 15}, {"source": 2, "target": 16}, {"source": 2, "target": 17}, {"source": 2, "target": 18}, {"source": 2, "target": 19}, {"source": 2, "target": 8}, {"source": 2, "target": 9}, {"source": 2, "target": 11}, {"source": 3, "target": 12}, {"source": 3, "target": 14}, {"source": 3, "target": 15}, {"source": 3, "target": 16}, {"source": 3, "target": 7}, {"source": 3, "target": 17}, {"source": 3, "target": 19}, {"source": 3, "target": 8}, {"source": 3, "target": 9}, {"source": 3, "target": 11}, {"source": 4, "target": 20}, {"source": 4, "target": 17}, {"source": 4, "target": 18}, {"source": 4, "target": 19}, {"source": 4, "target": 8}, {"source": 4, "target": 9}, {"source": 4, "target": 10}, {"source": 4, "target": 11}, {"source": 5, "target": 20}, {"source": 5, "target": 17}, {"source": 5, "target": 18}, {"source": 5, "target": 19}, {"source": 5, "target": 8}, {"source": 5, "target": 9}, {"source": 5, "target": 10}, {"source": 5, "target": 11}, {"source": 6, "target": 19}, {"source": 6, "target": 11}, {"source": 7, "target": 21}, {"source": 8, "target": 21}, {"source": 8, "target": 22}, {"source": 8, "target": 23}, {"source": 8, "target": 24}, {"source": 8, "target": 25}, {"source": 9, "target": 21}, {"source": 9, "target": 22}, {"source": 9, "target": 24}, {"source": 9, "target": 25}, {"source": 9, "target": 26}, {"source": 10, "target": 25}, {"source": 10, "target": 23}, {"source": 10, "target": 24}, {"source": 11, "target": 22}, {"source": 11, "target": 25}, {"source": 11, "target": 26}, {"source": 12, "target": 21}, {"source": 12, "target": 22}, {"source": 12, "target": 26}, {"source": 13, "target": 26}, {"source": 13, "target": 21}, {"source": 14, "target": 21}, {"source": 14, "target": 26}, {"source": 15, "target": 26}, {"source": 16, "target": 26}, {"source": 16, "target": 21}, {"source": 17, "target": 21}, {"source": 17, "target": 22}, {"source": 17, "target": 24}, {"source": 17, "target": 25}, {"source": 17, "target": 26}, {"source": 18, "target": 21}, {"source": 18, "target": 24}, {"source": 18, "target": 25}, {"source": 18, "target": 26}, {"source": 19, "target": 21}, {"source": 19, "target": 24}, {"source": 19, "target": 25}, {"source": 19, "target": 26}, {"source": 20, "target": 25}, {"source": 20, "target": 24}], "multigraph": false}