{"directed": false, "graph": [], "nodes": [{"name": "rh_inferiortemporal", "weight": 0.056095016065398184, "pos": [3, 145], "ts_group_id": 0, "label": "inferiortemporal", "input_id": 29, "layer_pos": 1, "y": 145, "x": 3, "brain_side": "right", "id": 97, "func_id": "5"}, {"name": "lh_caudalmiddlefrontal", "weight": 0.051918375766109998, "pos": [0, 215], "ts_group_id": 0, "label": "caudalmiddlefrontal", "input_id": 43, "layer_pos": 0, "y": 215, "x": 0, "brain_side": "left", "id": 43, "func_id": "7"}, {"name": "rh_inferiorparietal", "weight": 0.34894282626997064, "pos": [6, 95], "ts_group_id": 0, "label": "inferiorparietal", "input_id": 19, "layer_pos": 2, "y": 95, "x": 6, "brain_side": "right", "id": 155, "func_id": "7"}, {"name": "rh_middletemporal", "weight": 0.059189101770222373, "pos": [6, 150], "ts_group_id": 0, "label": "middletemporal", "input_id": 30, "layer_pos": 2, "y": 150, "x": 6, "brain_side": "right", "id": 166, "func_id": "7"}, {"name": "rh_rostralmiddlefrontal", "weight": 0.082780256625158172, "pos": [0, 35], "ts_group_id": 0, "label": "rostralmiddlefrontal", "input_id": 7, "layer_pos": 0, "y": 35, "x": 0, "brain_side": "right", "id": 7, "func_id": "6"}, {"name": "rh_caudalmiddlefrontal", "weight": 0.3039378027923455, "pos": [0, 45], "ts_group_id": 0, "label": "caudalmiddlefrontal", "input_id": 9, "layer_pos": 0, "y": 45, "x": 0, "brain_side": "right", "id": 9, "func_id": "6"}, {"name": "rh_rostralmiddlefrontal", "weight": 0.081642156543715358, "pos": [3, 35], "ts_group_id": 0, "label": "rostralmiddlefrontal", "input_id": 7, "layer_pos": 1, "y": 35, "x": 3, "brain_side": "right", "id": 75, "func_id": "6"}, {"name": "rh_superiorfrontal", "weight": 0.056728068446159338, "pos": [3, 40], "ts_group_id": 0, "label": "superiorfrontal", "input_id": 8, "layer_pos": 1, "y": 40, "x": 3, "brain_side": "right", "id": 76, "func_id": "7"}, {"name": "rh_caudalmiddlefrontal", "weight": 0.47926471956004191, "pos": [3, 45], "ts_group_id": 0, "label": "caudalmiddlefrontal", "input_id": 9, "layer_pos": 1, "y": 45, "x": 3, "brain_side": "right", "id": 77, "func_id": "6"}, {"name": "rh_inferiorparietal", "weight": 0.041513866128156385, "pos": [12, 95], "ts_group_id": 0, "label": "inferiorparietal", "input_id": 19, "layer_pos": 4, "y": 95, "x": 12, "brain_side": "right", "id": 291, "func_id": "7"}, {"name": "lh_rostralmiddlefrontal", "weight": 0.040880313396188785, "pos": [3, 205], "ts_group_id": 0, "label": "rostralmiddlefrontal", "input_id": 41, "layer_pos": 1, "y": 205, "x": 3, "brain_side": "left", "id": 109, "func_id": "6"}, {"name": "rh_caudalmiddlefrontal", "weight": 0.38948854795373172, "pos": [6, 45], "ts_group_id": 0, "label": "caudalmiddlefrontal", "input_id": 9, "layer_pos": 2, "y": 45, "x": 6, "brain_side": "right", "id": 145, "func_id": "6"}, {"name": "rh_inferiorparietal", "weight": 0.33586307908502683, "pos": [0, 95], "ts_group_id": 0, "label": "inferiorparietal", "input_id": 19, "layer_pos": 0, "y": 95, "x": 0, "brain_side": "right", "id": 19, "func_id": "7"}, {"name": "rh_postcentral", "weight": 0.04462138649855777, "pos": [3, 80], "ts_group_id": 0, "label": "postcentral", "input_id": 16, "layer_pos": 1, "y": 80, "x": 3, "brain_side": "right", "id": 84, "func_id": "2"}, {"name": "rh_caudalmiddlefrontal", "weight": 0.12040708435692705, "pos": [9, 45], "ts_group_id": 0, "label": "caudalmiddlefrontal", "input_id": 9, "layer_pos": 3, "y": 45, "x": 9, "brain_side": "right", "id": 213, "func_id": "6"}, {"name": "rh_inferiorparietal", "weight": 0.42892764608365613, "pos": [3, 95], "ts_group_id": 0, "label": "inferiorparietal", "input_id": 19, "layer_pos": 1, "y": 95, "x": 3, "brain_side": "right", "id": 87, "func_id": "7"}, {"name": "rh_caudalmiddlefrontal", "weight": 0.050268443666092968, "pos": [12, 45], "ts_group_id": 0, "label": "caudalmiddlefrontal", "input_id": 9, "layer_pos": 4, "y": 45, "x": 12, "brain_side": "right", "id": 281, "func_id": "6"}, {"name": "rh_rostralmiddlefrontal", "weight": 0.053604687049262495, "pos": [6, 35], "ts_group_id": 0, "label": "rostralmiddlefrontal", "input_id": 7, "layer_pos": 2, "y": 35, "x": 6, "brain_side": "right", "id": 143, "func_id": "6"}, {"name": "rh_inferiorparietal", "weight": 0.13887611913505604, "pos": [9, 95], "ts_group_id": 0, "label": "inferiorparietal", "input_id": 19, "layer_pos": 3, "y": 95, "x": 9, "brain_side": "right", "id": 223, "func_id": "7"}], "links": [{"source": 0, "target": 3}, {"source": 0, "target": 4}, {"source": 0, "target": 5}, {"source": 0, "target": 17}, {"source": 0, "target": 11}, {"source": 0, "target": 12}, {"source": 0, "target": 2}, {"source": 1, "target": 7}, {"source": 1, "target": 8}, {"source": 1, "target": 10}, {"source": 2, "target": 6}, {"source": 2, "target": 8}, {"source": 2, "target": 13}, {"source": 2, "target": 14}, {"source": 2, "target": 15}, {"source": 2, "target": 18}, {"source": 3, "target": 6}, {"source": 3, "target": 8}, {"source": 3, "target": 14}, {"source": 3, "target": 15}, {"source": 3, "target": 18}, {"source": 4, "target": 6}, {"source": 4, "target": 7}, {"source": 4, "target": 10}, {"source": 4, "target": 8}, {"source": 4, "target": 15}, {"source": 5, "target": 6}, {"source": 5, "target": 7}, {"source": 5, "target": 8}, {"source": 5, "target": 15}, {"source": 6, "target": 17}, {"source": 6, "target": 11}, {"source": 6, "target": 12}, {"source": 7, "target": 11}, {"source": 7, "target": 17}, {"source": 8, "target": 17}, {"source": 8, "target": 11}, {"source": 8, "target": 12}, {"source": 9, "target": 14}, {"source": 9, "target": 18}, {"source": 10, "target": 17}, {"source": 11, "target": 14}, {"source": 11, "target": 15}, {"source": 11, "target": 18}, {"source": 12, "target": 13}, {"source": 12, "target": 15}, {"source": 14, "target": 17}, {"source": 14, "target": 16}, {"source": 15, "target": 17}, {"source": 16, "target": 18}, {"source": 17, "target": 18}], "multigraph": false}