{"directed": false, "graph": [], "nodes": [{"name": "lh_parstriangularis", "weight": 0.041757169288733645, "pos": [12, 195], "ts_group_id": 0, "label": "parstriangularis", "input_id": 39, "layer_pos": 4, "y": 195, "x": 12, "brain_side": "left", "id": 311, "func_id": "7"}, {"name": "rh_paracentral", "weight": 0.041990968891697587, "pos": [6, 55], "ts_group_id": 0, "label": "paracentral", "input_id": 11, "layer_pos": 2, "y": 55, "x": 6, "brain_side": "right", "id": 147, "func_id": "2"}, {"name": "lh_medialorbitofrontal", "weight": 0.04308409158465993, "pos": [0, 190], "ts_group_id": 0, "label": "medialorbitofrontal", "input_id": 38, "layer_pos": 0, "y": 190, "x": 0, "brain_side": "left", "id": 38, "func_id": "5"}, {"name": "rh_parsorbitalis", "weight": 0.045476131082957297, "pos": [3, 10], "ts_group_id": 0, "label": "parsorbitalis", "input_id": 2, "layer_pos": 1, "y": 10, "x": 3, "brain_side": "right", "id": 70, "func_id": "7"}, {"name": "lh_superiorfrontal", "weight": 0.4296327764061213, "pos": [6, 210], "ts_group_id": 0, "label": "superiorfrontal", "input_id": 42, "layer_pos": 2, "y": 210, "x": 6, "brain_side": "left", "id": 178, "func_id": "7"}, {"name": "rh_superiorfrontal", "weight": 0.2018360039917021, "pos": [0, 40], "ts_group_id": 0, "label": "superiorfrontal", "input_id": 8, "layer_pos": 0, "y": 40, "x": 0, "brain_side": "right", "id": 8, "func_id": "7"}, {"name": "lh_superiorfrontal", "weight": 0.39201782893513959, "pos": [0, 210], "ts_group_id": 0, "label": "superiorfrontal", "input_id": 42, "layer_pos": 0, "y": 210, "x": 0, "brain_side": "left", "id": 42, "func_id": "7"}, {"name": "lh_caudalmiddlefrontal", "weight": 0.064674106978418994, "pos": [0, 215], "ts_group_id": 0, "label": "caudalmiddlefrontal", "input_id": 43, "layer_pos": 0, "y": 215, "x": 0, "brain_side": "left", "id": 43, "func_id": "7"}, {"name": "rh_superiorfrontal", "weight": 0.34255707714765182, "pos": [3, 40], "ts_group_id": 0, "label": "superiorfrontal", "input_id": 8, "layer_pos": 1, "y": 40, "x": 3, "brain_side": "right", "id": 76, "func_id": "7"}, {"name": "lh_rostralmiddlefrontal", "weight": 0.090314104103132439, "pos": [3, 205], "ts_group_id": 0, "label": "rostralmiddlefrontal", "input_id": 41, "layer_pos": 1, "y": 205, "x": 3, "brain_side": "left", "id": 109, "func_id": "6"}, {"name": "lh_superiorfrontal", "weight": 0.56091492304346946, "pos": [3, 210], "ts_group_id": 0, "label": "superiorfrontal", "input_id": 42, "layer_pos": 1, "y": 210, "x": 3, "brain_side": "left", "id": 110, "func_id": "7"}, {"name": "rh_superiorfrontal", "weight": 0.25490227208162958, "pos": [6, 40], "ts_group_id": 0, "label": "superiorfrontal", "input_id": 8, "layer_pos": 2, "y": 40, "x": 6, "brain_side": "right", "id": 144, "func_id": "7"}, {"name": "lh_isthmuscingulate", "weight": 0.053669585717336148, "pos": [0, 245], "ts_group_id": 0, "label": "isthmuscingulate", "input_id": 49, "layer_pos": 0, "y": 245, "x": 0, "brain_side": "left", "id": 49, "func_id": "7"}, {"name": "lh_rostralanteriorcingulate", "weight": 0.054878447268688617, "pos": [3, 230], "ts_group_id": 0, "label": "rostralanteriorcingulate", "input_id": 46, "layer_pos": 1, "y": 230, "x": 3, "brain_side": "left", "id": 114, "func_id": "7"}, {"name": "rh_isthmuscingulate", "weight": 0.047040092238317857, "pos": [3, 75], "ts_group_id": 0, "label": "isthmuscingulate", "input_id": 15, "layer_pos": 1, "y": 75, "x": 3, "brain_side": "right", "id": 83, "func_id": "7"}, {"name": "lh_isthmuscingulate", "weight": 0.05637067935768756, "pos": [3, 245], "ts_group_id": 0, "label": "isthmuscingulate", "input_id": 49, "layer_pos": 1, "y": 245, "x": 3, "brain_side": "left", "id": 117, "func_id": "7"}, {"name": "lh_superiorfrontal", "weight": 0.14801121796773725, "pos": [9, 210], "ts_group_id": 0, "label": "superiorfrontal", "input_id": 42, "layer_pos": 3, "y": 210, "x": 9, "brain_side": "left", "id": 246, "func_id": "7"}, {"name": "rh_paracentral", "weight": 0.0669840168037978, "pos": [9, 55], "ts_group_id": 0, "label": "paracentral", "input_id": 11, "layer_pos": 3, "y": 55, "x": 9, "brain_side": "right", "id": 215, "func_id": "2"}, {"name": "rh_postcentral", "weight": 0.044977604316424682, "pos": [6, 80], "ts_group_id": 0, "label": "postcentral", "input_id": 16, "layer_pos": 2, "y": 80, "x": 6, "brain_side": "right", "id": 152, "func_id": "2"}, {"name": "lh_isthmuscingulate", "weight": 0.050853096671684708, "pos": [6, 245], "ts_group_id": 0, "label": "isthmuscingulate", "input_id": 49, "layer_pos": 2, "y": 245, "x": 6, "brain_side": "left", "id": 185, "func_id": "7"}, {"name": "rh_postcentral", "weight": 0.050514480221443871, "pos": [9, 80], "ts_group_id": 0, "label": "postcentral", "input_id": 16, "layer_pos": 3, "y": 80, "x": 9, "brain_side": "right", "id": 220, "func_id": "2"}], "links": [{"source": 0, "target": 16}, {"source": 1, "target": 20}, {"source": 1, "target": 8}, {"source": 1, "target": 16}, {"source": 1, "target": 10}, {"source": 1, "target": 17}, {"source": 2, "target": 13}, {"source": 2, "target": 8}, {"source": 2, "target": 10}, {"source": 3, "target": 5}, {"source": 3, "target": 11}, {"source": 4, "target": 8}, {"source": 4, "target": 9}, {"source": 4, "target": 10}, {"source": 4, "target": 13}, {"source": 4, "target": 15}, {"source": 4, "target": 16}, {"source": 4, "target": 17}, {"source": 5, "target": 8}, {"source": 5, "target": 9}, {"source": 5, "target": 10}, {"source": 5, "target": 13}, {"source": 5, "target": 14}, {"source": 6, "target": 13}, {"source": 6, "target": 8}, {"source": 6, "target": 9}, {"source": 6, "target": 10}, {"source": 6, "target": 15}, {"source": 7, "target": 8}, {"source": 7, "target": 9}, {"source": 7, "target": 10}, {"source": 8, "target": 11}, {"source": 9, "target": 11}, {"source": 10, "target": 11}, {"source": 10, "target": 12}, {"source": 10, "target": 19}, {"source": 11, "target": 13}, {"source": 11, "target": 14}, {"source": 11, "target": 16}, {"source": 11, "target": 17}, {"source": 12, "target": 13}, {"source": 12, "target": 14}, {"source": 12, "target": 15}, {"source": 13, "target": 19}, {"source": 14, "target": 19}, {"source": 15, "target": 19}, {"source": 16, "target": 19}, {"source": 17, "target": 18}, {"source": 18, "target": 20}], "multigraph": false}