{"directed": false, "graph": [], "nodes": [{"name": "rh_lateralorbitofrontal", "weight": 0.058706226625772524, "pos": [0, 5], "ts_group_id": 0, "label": "lateralorbitofrontal", "input_id": 1, "layer_pos": 0, "y": 5, "x": 0, "brain_side": "right", "id": 1, "func_id": "5"}, {"name": "rh_parsorbitalis", "weight": 0.042196281179669684, "pos": [0, 10], "ts_group_id": 0, "label": "parsorbitalis", "input_id": 2, "layer_pos": 0, "y": 10, "x": 0, "brain_side": "right", "id": 2, "func_id": "7"}, {"name": "rh_frontalpole", "weight": 0.051688484138285078, "pos": [0, 15], "ts_group_id": 0, "label": "frontalpole", "input_id": 3, "layer_pos": 0, "y": 15, "x": 0, "brain_side": "right", "id": 3, "func_id": "5"}, {"name": "rh_lateralorbitofrontal", "weight": 0.083171836174370906, "pos": [6, 5], "ts_group_id": 0, "label": "lateralorbitofrontal", "input_id": 1, "layer_pos": 2, "y": 5, "x": 6, "brain_side": "right", "id": 137, "func_id": "5"}, {"name": "rh_fusiform", "weight": 0.051151854926487952, "pos": [0, 125], "ts_group_id": 0, "label": "fusiform", "input_id": 25, "layer_pos": 0, "y": 125, "x": 0, "brain_side": "right", "id": 25, "func_id": "1"}, {"name": "rh_parahippocampal", "weight": 0.092629463194349157, "pos": [0, 130], "ts_group_id": 0, "label": "parahippocampal", "input_id": 26, "layer_pos": 0, "y": 130, "x": 0, "brain_side": "right", "id": 26, "func_id": "1"}, {"name": "rh_entorhinal", "weight": 0.28852433474666855, "pos": [0, 135], "ts_group_id": 0, "label": "entorhinal", "input_id": 27, "layer_pos": 0, "y": 135, "x": 0, "brain_side": "right", "id": 27, "func_id": "5"}, {"name": "rh_temporalpole", "weight": 0.31916622306084308, "pos": [0, 140], "ts_group_id": 0, "label": "temporalpole", "input_id": 28, "layer_pos": 0, "y": 140, "x": 0, "brain_side": "right", "id": 28, "func_id": "5"}, {"name": "rh_inferiortemporal", "weight": 0.23070943775357122, "pos": [0, 145], "ts_group_id": 0, "label": "inferiortemporal", "input_id": 29, "layer_pos": 0, "y": 145, "x": 0, "brain_side": "right", "id": 29, "func_id": "5"}, {"name": "rh_fusiform", "weight": 0.065518932232282626, "pos": [6, 125], "ts_group_id": 0, "label": "fusiform", "input_id": 25, "layer_pos": 2, "y": 125, "x": 6, "brain_side": "right", "id": 161, "func_id": "1"}, {"name": "rh_parahippocampal", "weight": 0.063655572462453888, "pos": [6, 130], "ts_group_id": 0, "label": "parahippocampal", "input_id": 26, "layer_pos": 2, "y": 130, "x": 6, "brain_side": "right", "id": 162, "func_id": "1"}, {"name": "rh_entorhinal", "weight": 0.38066286003376748, "pos": [6, 135], "ts_group_id": 0, "label": "entorhinal", "input_id": 27, "layer_pos": 2, "y": 135, "x": 6, "brain_side": "right", "id": 163, "func_id": "5"}, {"name": "rh_temporalpole", "weight": 0.27625310142048043, "pos": [6, 140], "ts_group_id": 0, "label": "temporalpole", "input_id": 28, "layer_pos": 2, "y": 140, "x": 6, "brain_side": "right", "id": 164, "func_id": "5"}, {"name": "rh_inferiortemporal", "weight": 0.20850076697711586, "pos": [6, 145], "ts_group_id": 0, "label": "inferiortemporal", "input_id": 29, "layer_pos": 2, "y": 145, "x": 6, "brain_side": "right", "id": 165, "func_id": "5"}, {"name": "rh_middletemporal", "weight": 0.074263158557859352, "pos": [6, 150], "ts_group_id": 0, "label": "middletemporal", "input_id": 30, "layer_pos": 2, "y": 150, "x": 6, "brain_side": "right", "id": 166, "func_id": "7"}, {"name": "rh_lateralorbitofrontal", "weight": 0.12268836688478821, "pos": [3, 5], "ts_group_id": 0, "label": "lateralorbitofrontal", "input_id": 1, "layer_pos": 1, "y": 5, "x": 3, "brain_side": "right", "id": 69, "func_id": "5"}, {"name": "rh_fusiform", "weight": 0.056903806742063086, "pos": [3, 125], "ts_group_id": 0, "label": "fusiform", "input_id": 25, "layer_pos": 1, "y": 125, "x": 3, "brain_side": "right", "id": 93, "func_id": "1"}, {"name": "rh_parahippocampal", "weight": 0.055076809779054568, "pos": [3, 130], "ts_group_id": 0, "label": "parahippocampal", "input_id": 26, "layer_pos": 1, "y": 130, "x": 3, "brain_side": "right", "id": 94, "func_id": "1"}, {"name": "rh_entorhinal", "weight": 0.42581487659071049, "pos": [3, 135], "ts_group_id": 0, "label": "entorhinal", "input_id": 27, "layer_pos": 1, "y": 135, "x": 3, "brain_side": "right", "id": 95, "func_id": "5"}, {"name": "rh_temporalpole", "weight": 0.40373327305790996, "pos": [3, 140], "ts_group_id": 0, "label": "temporalpole", "input_id": 28, "layer_pos": 1, "y": 140, "x": 3, "brain_side": "right", "id": 96, "func_id": "5"}, {"name": "rh_inferiortemporal", "weight": 0.20908306539870153, "pos": [3, 145], "ts_group_id": 0, "label": "inferiortemporal", "input_id": 29, "layer_pos": 1, "y": 145, "x": 3, "brain_side": "right", "id": 97, "func_id": "5"}, {"name": "rh_middletemporal", "weight": 0.054023506614937489, "pos": [3, 150], "ts_group_id": 0, "label": "middletemporal", "input_id": 30, "layer_pos": 1, "y": 150, "x": 3, "brain_side": "right", "id": 98, "func_id": "7"}, {"name": "rh_insula", "weight": 0.047575725181609414, "pos": [3, 170], "ts_group_id": 0, "label": "insula", "input_id": 34, "layer_pos": 1, "y": 170, "x": 3, "brain_side": "right", "id": 102, "func_id": "4"}, {"name": "rh_entorhinal", "weight": 0.065111331688827059, "pos": [9, 135], "ts_group_id": 0, "label": "entorhinal", "input_id": 27, "layer_pos": 3, "y": 135, "x": 9, "brain_side": "right", "id": 231, "func_id": "5"}, {"name": "rh_temporalpole", "weight": 0.068064056591266506, "pos": [9, 140], "ts_group_id": 0, "label": "temporalpole", "input_id": 28, "layer_pos": 3, "y": 140, "x": 9, "brain_side": "right", "id": 232, "func_id": "5"}], "links": [{"source": 0, "target": 19}, {"source": 0, "target": 20}, {"source": 0, "target": 21}, {"source": 0, "target": 15}, {"source": 0, "target": 22}, {"source": 0, "target": 16}, {"source": 1, "target": 15}, {"source": 1, "target": 22}, {"source": 2, "target": 15}, {"source": 3, "target": 19}, {"source": 3, "target": 20}, {"source": 3, "target": 21}, {"source": 3, "target": 15}, {"source": 3, "target": 22}, {"source": 3, "target": 24}, {"source": 3, "target": 16}, {"source": 4, "target": 19}, {"source": 4, "target": 20}, {"source": 4, "target": 21}, {"source": 4, "target": 15}, {"source": 4, "target": 16}, {"source": 4, "target": 17}, {"source": 4, "target": 18}, {"source": 5, "target": 20}, {"source": 5, "target": 16}, {"source": 5, "target": 17}, {"source": 5, "target": 18}, {"source": 6, "target": 19}, {"source": 6, "target": 16}, {"source": 6, "target": 17}, {"source": 6, "target": 18}, {"source": 7, "target": 19}, {"source": 7, "target": 20}, {"source": 7, "target": 15}, {"source": 7, "target": 22}, {"source": 7, "target": 16}, {"source": 7, "target": 18}, {"source": 8, "target": 19}, {"source": 8, "target": 20}, {"source": 8, "target": 21}, {"source": 8, "target": 15}, {"source": 8, "target": 22}, {"source": 8, "target": 16}, {"source": 8, "target": 17}, {"source": 9, "target": 19}, {"source": 9, "target": 20}, {"source": 9, "target": 21}, {"source": 9, "target": 15}, {"source": 9, "target": 23}, {"source": 9, "target": 24}, {"source": 9, "target": 16}, {"source": 9, "target": 17}, {"source": 9, "target": 18}, {"source": 10, "target": 20}, {"source": 10, "target": 23}, {"source": 10, "target": 16}, {"source": 10, "target": 17}, {"source": 10, "target": 18}, {"source": 11, "target": 19}, {"source": 11, "target": 23}, {"source": 11, "target": 24}, {"source": 11, "target": 16}, {"source": 11, "target": 17}, {"source": 11, "target": 18}, {"source": 12, "target": 19}, {"source": 12, "target": 20}, {"source": 12, "target": 15}, {"source": 12, "target": 22}, {"source": 12, "target": 23}, {"source": 12, "target": 24}, {"source": 12, "target": 16}, {"source": 12, "target": 18}, {"source": 13, "target": 19}, {"source": 13, "target": 20}, {"source": 13, "target": 21}, {"source": 13, "target": 15}, {"source": 13, "target": 22}, {"source": 13, "target": 24}, {"source": 13, "target": 16}, {"source": 13, "target": 17}, {"source": 14, "target": 20}, {"source": 14, "target": 21}, {"source": 14, "target": 15}, {"source": 14, "target": 22}, {"source": 14, "target": 16}], "multigraph": false}