{"directed": false, "graph": [], "nodes": [{"name": "lh_cuneus", "weight": 0.077991573272452888, "pos": [9, 275], "ts_group_id": 0, "label": "cuneus", "input_id": 55, "layer_pos": 3, "y": 275, "x": 9, "brain_side": "left", "id": 259, "func_id": "1"}, {"name": "rh_lateraloccipital", "weight": 0.10116932249055101, "pos": [0, 115], "ts_group_id": 0, "label": "lateraloccipital", "input_id": 23, "layer_pos": 0, "y": 115, "x": 0, "brain_side": "right", "id": 23, "func_id": "1"}, {"name": "rh_superiorparietal", "weight": 0.044626634471821948, "pos": [6, 90], "ts_group_id": 0, "label": "superiorparietal", "input_id": 18, "layer_pos": 2, "y": 90, "x": 6, "brain_side": "right", "id": 154, "func_id": "3"}, {"name": "rh_cuneus", "weight": 0.16388888699612972, "pos": [6, 105], "ts_group_id": 0, "label": "cuneus", "input_id": 21, "layer_pos": 2, "y": 105, "x": 6, "brain_side": "right", "id": 157, "func_id": "1"}, {"name": "rh_pericalcarine", "weight": 0.35135091217849579, "pos": [6, 110], "ts_group_id": 0, "label": "pericalcarine", "input_id": 22, "layer_pos": 2, "y": 110, "x": 6, "brain_side": "right", "id": 158, "func_id": "1"}, {"name": "rh_lateraloccipital", "weight": 0.11760928450762151, "pos": [6, 115], "ts_group_id": 0, "label": "lateraloccipital", "input_id": 23, "layer_pos": 2, "y": 115, "x": 6, "brain_side": "right", "id": 159, "func_id": "1"}, {"name": "rh_lingual", "weight": 0.38690769200225705, "pos": [6, 120], "ts_group_id": 0, "label": "lingual", "input_id": 24, "layer_pos": 2, "y": 120, "x": 6, "brain_side": "right", "id": 160, "func_id": "1"}, {"name": "rh_lingual", "weight": 0.057960525420656758, "pos": [12, 120], "ts_group_id": 0, "label": "lingual", "input_id": 24, "layer_pos": 4, "y": 120, "x": 12, "brain_side": "right", "id": 296, "func_id": "1"}, {"name": "lh_superiorparietal", "weight": 0.042196549219426518, "pos": [0, 260], "ts_group_id": 0, "label": "superiorparietal", "input_id": 52, "layer_pos": 0, "y": 260, "x": 0, "brain_side": "left", "id": 52, "func_id": "3"}, {"name": "lh_lateraloccipital", "weight": 0.060422134026648325, "pos": [0, 285], "ts_group_id": 0, "label": "lateraloccipital", "input_id": 57, "layer_pos": 0, "y": 285, "x": 0, "brain_side": "left", "id": 57, "func_id": "1"}, {"name": "lh_lingual", "weight": 0.090111598907141918, "pos": [0, 290], "ts_group_id": 0, "label": "lingual", "input_id": 58, "layer_pos": 0, "y": 290, "x": 0, "brain_side": "left", "id": 58, "func_id": "1"}, {"name": "lh_superiorparietal", "weight": 0.058302863179083265, "pos": [6, 260], "ts_group_id": 0, "label": "superiorparietal", "input_id": 52, "layer_pos": 2, "y": 260, "x": 6, "brain_side": "left", "id": 188, "func_id": "3"}, {"name": "lh_cuneus", "weight": 0.22882315103164963, "pos": [6, 275], "ts_group_id": 0, "label": "cuneus", "input_id": 55, "layer_pos": 2, "y": 275, "x": 6, "brain_side": "left", "id": 191, "func_id": "1"}, {"name": "lh_pericalcarine", "weight": 0.28052739360716622, "pos": [6, 280], "ts_group_id": 0, "label": "pericalcarine", "input_id": 56, "layer_pos": 2, "y": 280, "x": 6, "brain_side": "left", "id": 192, "func_id": "1"}, {"name": "lh_lateraloccipital", "weight": 0.10583714942040234, "pos": [6, 285], "ts_group_id": 0, "label": "lateraloccipital", "input_id": 57, "layer_pos": 2, "y": 285, "x": 6, "brain_side": "left", "id": 193, "func_id": "1"}, {"name": "lh_lingual", "weight": 0.35955232901212836, "pos": [6, 290], "ts_group_id": 0, "label": "lingual", "input_id": 58, "layer_pos": 2, "y": 290, "x": 6, "brain_side": "left", "id": 194, "func_id": "1"}, {"name": "lh_lateraloccipital", "weight": 0.0471582302371149, "pos": [12, 285], "ts_group_id": 0, "label": "lateraloccipital", "input_id": 57, "layer_pos": 4, "y": 285, "x": 12, "brain_side": "left", "id": 329, "func_id": "1"}, {"name": "rh_cuneus", "weight": 0.11677756242354313, "pos": [3, 105], "ts_group_id": 0, "label": "cuneus", "input_id": 21, "layer_pos": 1, "y": 105, "x": 3, "brain_side": "right", "id": 89, "func_id": "1"}, {"name": "rh_pericalcarine", "weight": 0.21421727298687221, "pos": [3, 110], "ts_group_id": 0, "label": "pericalcarine", "input_id": 22, "layer_pos": 1, "y": 110, "x": 3, "brain_side": "right", "id": 90, "func_id": "1"}, {"name": "rh_lateraloccipital", "weight": 0.056250100201530005, "pos": [3, 115], "ts_group_id": 0, "label": "lateraloccipital", "input_id": 23, "layer_pos": 1, "y": 115, "x": 3, "brain_side": "right", "id": 91, "func_id": "1"}, {"name": "rh_lingual", "weight": 0.3190442120003974, "pos": [3, 120], "ts_group_id": 0, "label": "lingual", "input_id": 24, "layer_pos": 1, "y": 120, "x": 3, "brain_side": "right", "id": 92, "func_id": "1"}, {"name": "rh_cuneus", "weight": 0.062024940299227643, "pos": [9, 105], "ts_group_id": 0, "label": "cuneus", "input_id": 21, "layer_pos": 3, "y": 105, "x": 9, "brain_side": "right", "id": 225, "func_id": "1"}, {"name": "rh_pericalcarine", "weight": 0.077232282872688893, "pos": [9, 110], "ts_group_id": 0, "label": "pericalcarine", "input_id": 22, "layer_pos": 3, "y": 110, "x": 9, "brain_side": "right", "id": 226, "func_id": "1"}, {"name": "rh_lateraloccipital", "weight": 0.04497363473485895, "pos": [9, 115], "ts_group_id": 0, "label": "lateraloccipital", "input_id": 23, "layer_pos": 3, "y": 115, "x": 9, "brain_side": "right", "id": 227, "func_id": "1"}, {"name": "rh_lingual", "weight": 0.043901342198087806, "pos": [9, 120], "ts_group_id": 0, "label": "lingual", "input_id": 24, "layer_pos": 3, "y": 120, "x": 9, "brain_side": "right", "id": 228, "func_id": "1"}, {"name": "rh_fusiform", "weight": 0.043234397688416033, "pos": [9, 125], "ts_group_id": 0, "label": "fusiform", "input_id": 25, "layer_pos": 3, "y": 125, "x": 9, "brain_side": "right", "id": 229, "func_id": "1"}, {"name": "lh_cuneus", "weight": 0.083178283459491839, "pos": [3, 275], "ts_group_id": 0, "label": "cuneus", "input_id": 55, "layer_pos": 1, "y": 275, "x": 3, "brain_side": "left", "id": 123, "func_id": "1"}, {"name": "lh_pericalcarine", "weight": 0.24764703055529114, "pos": [3, 280], "ts_group_id": 0, "label": "pericalcarine", "input_id": 56, "layer_pos": 1, "y": 280, "x": 3, "brain_side": "left", "id": 124, "func_id": "1"}, {"name": "lh_lingual", "weight": 0.30088260415159174, "pos": [3, 290], "ts_group_id": 0, "label": "lingual", "input_id": 58, "layer_pos": 1, "y": 290, "x": 3, "brain_side": "left", "id": 126, "func_id": "1"}], "links": [{"source": 0, "target": 6}, {"source": 0, "target": 13}, {"source": 0, "target": 15}, {"source": 0, "target": 14}, {"source": 0, "target": 7}, {"source": 0, "target": 16}, {"source": 0, "target": 2}, {"source": 0, "target": 12}, {"source": 0, "target": 11}, {"source": 0, "target": 3}, {"source": 0, "target": 4}, {"source": 0, "target": 5}, {"source": 1, "target": 19}, {"source": 1, "target": 27}, {"source": 1, "target": 17}, {"source": 1, "target": 18}, {"source": 1, "target": 26}, {"source": 1, "target": 20}, {"source": 2, "target": 21}, {"source": 2, "target": 22}, {"source": 2, "target": 19}, {"source": 2, "target": 24}, {"source": 2, "target": 25}, {"source": 2, "target": 27}, {"source": 2, "target": 23}, {"source": 2, "target": 17}, {"source": 2, "target": 18}, {"source": 2, "target": 26}, {"source": 2, "target": 20}, {"source": 3, "target": 21}, {"source": 3, "target": 22}, {"source": 3, "target": 19}, {"source": 3, "target": 24}, {"source": 3, "target": 27}, {"source": 3, "target": 23}, {"source": 3, "target": 17}, {"source": 3, "target": 18}, {"source": 3, "target": 26}, {"source": 3, "target": 20}, {"source": 4, "target": 21}, {"source": 4, "target": 22}, {"source": 4, "target": 19}, {"source": 4, "target": 24}, {"source": 4, "target": 25}, {"source": 4, "target": 27}, {"source": 4, "target": 23}, {"source": 4, "target": 17}, {"source": 4, "target": 18}, {"source": 4, "target": 26}, {"source": 4, "target": 20}, {"source": 4, "target": 28}, {"source": 5, "target": 21}, {"source": 5, "target": 22}, {"source": 5, "target": 19}, {"source": 5, "target": 24}, {"source": 5, "target": 25}, {"source": 5, "target": 27}, {"source": 5, "target": 23}, {"source": 5, "target": 17}, {"source": 5, "target": 18}, {"source": 5, "target": 26}, {"source": 5, "target": 20}, {"source": 6, "target": 21}, {"source": 6, "target": 22}, {"source": 6, "target": 19}, {"source": 6, "target": 24}, {"source": 6, "target": 25}, {"source": 6, "target": 27}, {"source": 6, "target": 23}, {"source": 6, "target": 17}, {"source": 6, "target": 18}, {"source": 6, "target": 26}, {"source": 6, "target": 20}, {"source": 6, "target": 28}, {"source": 7, "target": 21}, {"source": 7, "target": 22}, {"source": 7, "target": 24}, {"source": 7, "target": 25}, {"source": 7, "target": 23}, {"source": 8, "target": 19}, {"source": 8, "target": 27}, {"source": 8, "target": 17}, {"source": 8, "target": 18}, {"source": 8, "target": 26}, {"source": 8, "target": 20}, {"source": 8, "target": 28}, {"source": 9, "target": 19}, {"source": 9, "target": 17}, {"source": 9, "target": 18}, {"source": 9, "target": 26}, {"source": 9, "target": 27}, {"source": 9, "target": 28}, {"source": 10, "target": 27}, {"source": 10, "target": 18}, {"source": 10, "target": 26}, {"source": 10, "target": 20}, {"source": 10, "target": 28}, {"source": 11, "target": 21}, {"source": 11, "target": 22}, {"source": 11, "target": 19}, {"source": 11, "target": 24}, {"source": 11, "target": 27}, {"source": 11, "target": 23}, {"source": 11, "target": 17}, {"source": 11, "target": 18}, {"source": 11, "target": 26}, {"source": 11, "target": 20}, {"source": 11, "target": 28}, {"source": 12, "target": 21}, {"source": 12, "target": 22}, {"source": 12, "target": 19}, {"source": 12, "target": 24}, {"source": 12, "target": 27}, {"source": 12, "target": 23}, {"source": 12, "target": 17}, {"source": 12, "target": 18}, {"source": 12, "target": 26}, {"source": 12, "target": 20}, {"source": 12, "target": 28}, {"source": 13, "target": 21}, {"source": 13, "target": 22}, {"source": 13, "target": 19}, {"source": 13, "target": 24}, {"source": 13, "target": 27}, {"source": 13, "target": 23}, {"source": 13, "target": 17}, {"source": 13, "target": 18}, {"source": 13, "target": 26}, {"source": 13, "target": 20}, {"source": 13, "target": 28}, {"source": 14, "target": 21}, {"source": 14, "target": 22}, {"source": 14, "target": 19}, {"source": 14, "target": 23}, {"source": 14, "target": 17}, {"source": 14, "target": 18}, {"source": 14, "target": 26}, {"source": 14, "target": 27}, {"source": 14, "target": 28}, {"source": 15, "target": 22}, {"source": 15, "target": 24}, {"source": 15, "target": 20}, {"source": 15, "target": 18}, {"source": 15, "target": 26}, {"source": 15, "target": 27}, {"source": 15, "target": 28}, {"source": 16, "target": 21}, {"source": 16, "target": 22}, {"source": 16, "target": 23}], "multigraph": false}