{"directed": false, "graph": [], "nodes": [{"name": "rh_lateralorbitofrontal", "weight": 0.11158038065279902, "pos": [0, 5], "ts_group_id": 0, "label": "lateralorbitofrontal", "input_id": 1, "layer_pos": 0, "y": 5, "x": 0, "brain_side": "right", "id": 1, "func_id": "5"}, {"name": "rh_parsorbitalis", "weight": 0.16362748543702862, "pos": [0, 10], "ts_group_id": 0, "label": "parsorbitalis", "input_id": 2, "layer_pos": 0, "y": 10, "x": 0, "brain_side": "right", "id": 2, "func_id": "7"}, {"name": "rh_parstriangularis", "weight": 0.26241892013231011, "pos": [0, 25], "ts_group_id": 0, "label": "parstriangularis", "input_id": 5, "layer_pos": 0, "y": 25, "x": 0, "brain_side": "right", "id": 5, "func_id": "4"}, {"name": "rh_parsopercularis", "weight": 0.18186513427748968, "pos": [0, 30], "ts_group_id": 0, "label": "parsopercularis", "input_id": 6, "layer_pos": 0, "y": 30, "x": 0, "brain_side": "right", "id": 6, "func_id": "4"}, {"name": "rh_lateralorbitofrontal", "weight": 0.18500037611819525, "pos": [6, 5], "ts_group_id": 0, "label": "lateralorbitofrontal", "input_id": 1, "layer_pos": 2, "y": 5, "x": 6, "brain_side": "right", "id": 137, "func_id": "5"}, {"name": "rh_parsorbitalis", "weight": 0.40101193760552284, "pos": [6, 10], "ts_group_id": 0, "label": "parsorbitalis", "input_id": 2, "layer_pos": 2, "y": 10, "x": 6, "brain_side": "right", "id": 138, "func_id": "7"}, {"name": "rh_parstriangularis", "weight": 0.35833797062378969, "pos": [6, 25], "ts_group_id": 0, "label": "parstriangularis", "input_id": 5, "layer_pos": 2, "y": 25, "x": 6, "brain_side": "right", "id": 141, "func_id": "4"}, {"name": "rh_parsopercularis", "weight": 0.20877552953361636, "pos": [6, 30], "ts_group_id": 0, "label": "parsopercularis", "input_id": 6, "layer_pos": 2, "y": 30, "x": 6, "brain_side": "right", "id": 142, "func_id": "4"}, {"name": "rh_rostralmiddlefrontal", "weight": 0.040535074526473841, "pos": [6, 35], "ts_group_id": 0, "label": "rostralmiddlefrontal", "input_id": 7, "layer_pos": 2, "y": 35, "x": 6, "brain_side": "right", "id": 143, "func_id": "6"}, {"name": "rh_superiorfrontal", "weight": 0.054881329938542209, "pos": [6, 40], "ts_group_id": 0, "label": "superiorfrontal", "input_id": 8, "layer_pos": 2, "y": 40, "x": 6, "brain_side": "right", "id": 144, "func_id": "7"}, {"name": "rh_caudalmiddlefrontal", "weight": 0.072089930045472331, "pos": [6, 45], "ts_group_id": 0, "label": "caudalmiddlefrontal", "input_id": 9, "layer_pos": 2, "y": 45, "x": 6, "brain_side": "right", "id": 145, "func_id": "6"}, {"name": "rh_supramarginal", "weight": 0.046589150683447218, "pos": [6, 85], "ts_group_id": 0, "label": "supramarginal", "input_id": 17, "layer_pos": 2, "y": 85, "x": 6, "brain_side": "right", "id": 153, "func_id": "4"}, {"name": "rh_inferiorparietal", "weight": 0.050613580508014233, "pos": [6, 95], "ts_group_id": 0, "label": "inferiorparietal", "input_id": 19, "layer_pos": 2, "y": 95, "x": 6, "brain_side": "right", "id": 155, "func_id": "7"}, {"name": "rh_inferiortemporal", "weight": 0.040131064528385552, "pos": [12, 145], "ts_group_id": 0, "label": "inferiortemporal", "input_id": 29, "layer_pos": 4, "y": 145, "x": 12, "brain_side": "right", "id": 301, "func_id": "5"}, {"name": "lh_precentral", "weight": 0.04599371697857553, "pos": [6, 220], "ts_group_id": 0, "label": "precentral", "input_id": 44, "layer_pos": 2, "y": 220, "x": 6, "brain_side": "left", "id": 180, "func_id": "2"}, {"name": "rh_lateralorbitofrontal", "weight": 0.14984437675081672, "pos": [3, 5], "ts_group_id": 0, "label": "lateralorbitofrontal", "input_id": 1, "layer_pos": 1, "y": 5, "x": 3, "brain_side": "right", "id": 69, "func_id": "5"}, {"name": "rh_parsorbitalis", "weight": 0.36711340050555136, "pos": [3, 10], "ts_group_id": 0, "label": "parsorbitalis", "input_id": 2, "layer_pos": 1, "y": 10, "x": 3, "brain_side": "right", "id": 70, "func_id": "7"}, {"name": "rh_parstriangularis", "weight": 0.40172942657732746, "pos": [3, 25], "ts_group_id": 0, "label": "parstriangularis", "input_id": 5, "layer_pos": 1, "y": 25, "x": 3, "brain_side": "right", "id": 73, "func_id": "4"}, {"name": "rh_parsopercularis", "weight": 0.25949377578705501, "pos": [3, 30], "ts_group_id": 0, "label": "parsopercularis", "input_id": 6, "layer_pos": 1, "y": 30, "x": 3, "brain_side": "right", "id": 74, "func_id": "4"}, {"name": "rh_lateralorbitofrontal", "weight": 0.073018677168706483, "pos": [9, 5], "ts_group_id": 0, "label": "lateralorbitofrontal", "input_id": 1, "layer_pos": 3, "y": 5, "x": 9, "brain_side": "right", "id": 205, "func_id": "5"}, {"name": "rh_parsorbitalis", "weight": 0.12170280644196685, "pos": [9, 10], "ts_group_id": 0, "label": "parsorbitalis", "input_id": 2, "layer_pos": 3, "y": 10, "x": 9, "brain_side": "right", "id": 206, "func_id": "7"}, {"name": "rh_parstriangularis", "weight": 0.10831871485392097, "pos": [9, 25], "ts_group_id": 0, "label": "parstriangularis", "input_id": 5, "layer_pos": 3, "y": 25, "x": 9, "brain_side": "right", "id": 209, "func_id": "4"}, {"name": "rh_parsopercularis", "weight": 0.071110544808600129, "pos": [9, 30], "ts_group_id": 0, "label": "parsopercularis", "input_id": 6, "layer_pos": 3, "y": 30, "x": 9, "brain_side": "right", "id": 210, "func_id": "4"}, {"name": "rh_rostralmiddlefrontal", "weight": 0.052033454084548063, "pos": [9, 35], "ts_group_id": 0, "label": "rostralmiddlefrontal", "input_id": 7, "layer_pos": 3, "y": 35, "x": 9, "brain_side": "right", "id": 211, "func_id": "6"}, {"name": "rh_superiorfrontal", "weight": 0.042889447962868393, "pos": [9, 40], "ts_group_id": 0, "label": "superiorfrontal", "input_id": 8, "layer_pos": 3, "y": 40, "x": 9, "brain_side": "right", "id": 212, "func_id": "7"}, {"name": "rh_supramarginal", "weight": 0.053055482028013023, "pos": [3, 85], "ts_group_id": 0, "label": "supramarginal", "input_id": 17, "layer_pos": 1, "y": 85, "x": 3, "brain_side": "right", "id": 85, "func_id": "4"}, {"name": "rh_inferiortemporal", "weight": 0.057046740506200316, "pos": [9, 145], "ts_group_id": 0, "label": "inferiortemporal", "input_id": 29, "layer_pos": 3, "y": 145, "x": 9, "brain_side": "right", "id": 233, "func_id": "5"}, {"name": "lh_precentral", "weight": 0.046160182358697371, "pos": [9, 220], "ts_group_id": 0, "label": "precentral", "input_id": 44, "layer_pos": 3, "y": 220, "x": 9, "brain_side": "left", "id": 248, "func_id": "2"}, {"name": "rh_caudalmiddlefrontal", "weight": 0.05038865385271421, "pos": [9, 45], "ts_group_id": 0, "label": "caudalmiddlefrontal", "input_id": 9, "layer_pos": 3, "y": 45, "x": 9, "brain_side": "right", "id": 213, "func_id": "6"}], "links": [{"source": 0, "target": 17}, {"source": 0, "target": 15}, {"source": 0, "target": 16}, {"source": 1, "target": 17}, {"source": 1, "target": 15}, {"source": 1, "target": 16}, {"source": 2, "target": 17}, {"source": 2, "target": 18}, {"source": 2, "target": 15}, {"source": 2, "target": 16}, {"source": 2, "target": 25}, {"source": 3, "target": 17}, {"source": 3, "target": 18}, {"source": 3, "target": 25}, {"source": 4, "target": 15}, {"source": 4, "target": 16}, {"source": 4, "target": 17}, {"source": 4, "target": 19}, {"source": 4, "target": 20}, {"source": 4, "target": 21}, {"source": 4, "target": 23}, {"source": 4, "target": 26}, {"source": 5, "target": 15}, {"source": 5, "target": 16}, {"source": 5, "target": 17}, {"source": 5, "target": 19}, {"source": 5, "target": 20}, {"source": 5, "target": 21}, {"source": 5, "target": 23}, {"source": 5, "target": 24}, {"source": 6, "target": 15}, {"source": 6, "target": 16}, {"source": 6, "target": 17}, {"source": 6, "target": 18}, {"source": 6, "target": 19}, {"source": 6, "target": 20}, {"source": 6, "target": 21}, {"source": 6, "target": 22}, {"source": 6, "target": 23}, {"source": 6, "target": 24}, {"source": 6, "target": 25}, {"source": 7, "target": 17}, {"source": 7, "target": 18}, {"source": 7, "target": 21}, {"source": 7, "target": 22}, {"source": 7, "target": 23}, {"source": 7, "target": 24}, {"source": 7, "target": 25}, {"source": 7, "target": 28}, {"source": 8, "target": 15}, {"source": 8, "target": 16}, {"source": 8, "target": 17}, {"source": 8, "target": 18}, {"source": 8, "target": 19}, {"source": 8, "target": 20}, {"source": 8, "target": 21}, {"source": 8, "target": 22}, {"source": 8, "target": 23}, {"source": 8, "target": 24}, {"source": 8, "target": 28}, {"source": 8, "target": 26}, {"source": 9, "target": 16}, {"source": 9, "target": 17}, {"source": 9, "target": 18}, {"source": 9, "target": 20}, {"source": 9, "target": 21}, {"source": 9, "target": 22}, {"source": 9, "target": 23}, {"source": 9, "target": 24}, {"source": 9, "target": 28}, {"source": 9, "target": 27}, {"source": 10, "target": 26}, {"source": 10, "target": 18}, {"source": 10, "target": 22}, {"source": 10, "target": 23}, {"source": 10, "target": 24}, {"source": 10, "target": 28}, {"source": 10, "target": 27}, {"source": 11, "target": 22}, {"source": 11, "target": 17}, {"source": 11, "target": 18}, {"source": 11, "target": 25}, {"source": 11, "target": 21}, {"source": 12, "target": 17}, {"source": 12, "target": 18}, {"source": 12, "target": 21}, {"source": 12, "target": 22}, {"source": 12, "target": 23}, {"source": 12, "target": 25}, {"source": 12, "target": 26}, {"source": 12, "target": 28}, {"source": 13, "target": 26}, {"source": 13, "target": 23}, {"source": 13, "target": 19}, {"source": 13, "target": 28}, {"source": 14, "target": 27}, {"source": 14, "target": 24}, {"source": 14, "target": 28}], "multigraph": false}