{"directed": false, "graph": [], "nodes": [{"name": "rh_superiortemporal", "weight": 0.27008870718896205, "pos": [0, 160], "ts_group_id": 0, "label": "superiortemporal", "input_id": 32, "layer_pos": 0, "y": 160, "x": 0, "brain_side": "right", "id": 32, "func_id": "2"}, {"name": "rh_transversetemporal", "weight": 0.38552844231032568, "pos": [0, 165], "ts_group_id": 0, "label": "transversetemporal", "input_id": 33, "layer_pos": 0, "y": 165, "x": 0, "brain_side": "right", "id": 33, "func_id": "2"}, {"name": "rh_insula", "weight": 0.25093105263612608, "pos": [0, 170], "ts_group_id": 0, "label": "insula", "input_id": 34, "layer_pos": 0, "y": 170, "x": 0, "brain_side": "right", "id": 34, "func_id": "4"}, {"name": "rh_bankssts", "weight": 0.094521138901455387, "pos": [3, 155], "ts_group_id": 0, "label": "bankssts", "input_id": 31, "layer_pos": 1, "y": 155, "x": 3, "brain_side": "right", "id": 99, "func_id": "2"}, {"name": "rh_superiortemporal", "weight": 0.40539440840071139, "pos": [3, 160], "ts_group_id": 0, "label": "superiortemporal", "input_id": 32, "layer_pos": 1, "y": 160, "x": 3, "brain_side": "right", "id": 100, "func_id": "2"}, {"name": "rh_transversetemporal", "weight": 0.33144999531741604, "pos": [3, 165], "ts_group_id": 0, "label": "transversetemporal", "input_id": 33, "layer_pos": 1, "y": 165, "x": 3, "brain_side": "right", "id": 101, "func_id": "2"}, {"name": "rh_insula", "weight": 0.35351342547341774, "pos": [3, 170], "ts_group_id": 0, "label": "insula", "input_id": 34, "layer_pos": 1, "y": 170, "x": 3, "brain_side": "right", "id": 102, "func_id": "4"}, {"name": "rh_superiortemporal", "weight": 0.30008298171187736, "pos": [6, 160], "ts_group_id": 0, "label": "superiortemporal", "input_id": 32, "layer_pos": 2, "y": 160, "x": 6, "brain_side": "right", "id": 168, "func_id": "2"}, {"name": "rh_lateralorbitofrontal", "weight": 0.076267284978182706, "pos": [6, 5], "ts_group_id": 0, "label": "lateralorbitofrontal", "input_id": 1, "layer_pos": 2, "y": 5, "x": 6, "brain_side": "right", "id": 137, "func_id": "5"}, {"name": "rh_insula", "weight": 0.2383288087267002, "pos": [6, 170], "ts_group_id": 0, "label": "insula", "input_id": 34, "layer_pos": 2, "y": 170, "x": 6, "brain_side": "right", "id": 170, "func_id": "4"}, {"name": "rh_superiortemporal", "weight": 0.050175476181396665, "pos": [9, 160], "ts_group_id": 0, "label": "superiortemporal", "input_id": 32, "layer_pos": 3, "y": 160, "x": 9, "brain_side": "right", "id": 236, "func_id": "2"}, {"name": "rh_insula", "weight": 0.048582017754524184, "pos": [9, 170], "ts_group_id": 0, "label": "insula", "input_id": 34, "layer_pos": 3, "y": 170, "x": 9, "brain_side": "right", "id": 238, "func_id": "4"}, {"name": "rh_supramarginal", "weight": 0.042167577549260211, "pos": [3, 85], "ts_group_id": 0, "label": "supramarginal", "input_id": 17, "layer_pos": 1, "y": 85, "x": 3, "brain_side": "right", "id": 85, "func_id": "4"}, {"name": "rh_transversetemporal", "weight": 0.30947484420211546, "pos": [6, 165], "ts_group_id": 0, "label": "transversetemporal", "input_id": 33, "layer_pos": 2, "y": 165, "x": 6, "brain_side": "right", "id": 169, "func_id": "2"}, {"name": "rh_postcentral", "weight": 0.051590862277894556, "pos": [6, 80], "ts_group_id": 0, "label": "postcentral", "input_id": 16, "layer_pos": 2, "y": 80, "x": 6, "brain_side": "right", "id": 152, "func_id": "2"}, {"name": "rh_supramarginal", "weight": 0.072395938990749795, "pos": [6, 85], "ts_group_id": 0, "label": "supramarginal", "input_id": 17, "layer_pos": 2, "y": 85, "x": 6, "brain_side": "right", "id": 153, "func_id": "4"}, {"name": "rh_supramarginal", "weight": 0.05154336265655373, "pos": [9, 85], "ts_group_id": 0, "label": "supramarginal", "input_id": 17, "layer_pos": 3, "y": 85, "x": 9, "brain_side": "right", "id": 221, "func_id": "4"}, {"name": "rh_lateralorbitofrontal", "weight": 0.071909418208145795, "pos": [3, 5], "ts_group_id": 0, "label": "lateralorbitofrontal", "input_id": 1, "layer_pos": 1, "y": 5, "x": 3, "brain_side": "right", "id": 69, "func_id": "5"}], "links": [{"source": 0, "target": 3}, {"source": 0, "target": 4}, {"source": 0, "target": 5}, {"source": 0, "target": 6}, {"source": 0, "target": 12}, {"source": 0, "target": 17}, {"source": 1, "target": 4}, {"source": 1, "target": 12}, {"source": 1, "target": 6}, {"source": 1, "target": 5}, {"source": 2, "target": 3}, {"source": 2, "target": 4}, {"source": 2, "target": 5}, {"source": 2, "target": 6}, {"source": 2, "target": 12}, {"source": 2, "target": 17}, {"source": 3, "target": 15}, {"source": 3, "target": 7}, {"source": 3, "target": 9}, {"source": 4, "target": 7}, {"source": 4, "target": 8}, {"source": 4, "target": 9}, {"source": 4, "target": 13}, {"source": 4, "target": 15}, {"source": 5, "target": 7}, {"source": 5, "target": 13}, {"source": 5, "target": 9}, {"source": 5, "target": 15}, {"source": 6, "target": 7}, {"source": 6, "target": 8}, {"source": 6, "target": 9}, {"source": 6, "target": 13}, {"source": 6, "target": 14}, {"source": 6, "target": 15}, {"source": 7, "target": 10}, {"source": 7, "target": 11}, {"source": 7, "target": 12}, {"source": 7, "target": 16}, {"source": 7, "target": 17}, {"source": 8, "target": 10}, {"source": 8, "target": 17}, {"source": 8, "target": 11}, {"source": 9, "target": 10}, {"source": 9, "target": 11}, {"source": 9, "target": 12}, {"source": 9, "target": 16}, {"source": 9, "target": 17}, {"source": 10, "target": 13}, {"source": 10, "target": 15}, {"source": 11, "target": 13}, {"source": 11, "target": 14}, {"source": 11, "target": 15}, {"source": 12, "target": 13}, {"source": 12, "target": 14}, {"source": 12, "target": 15}, {"source": 13, "target": 16}, {"source": 14, "target": 16}, {"source": 15, "target": 16}], "multigraph": false}