{"directed": false, "graph": [], "nodes": [{"name": "lh_cuneus", "weight": 0.046047568411300921, "pos": [9, 275], "ts_group_id": 0, "label": "cuneus", "input_id": 55, "layer_pos": 3, "y": 275, "x": 9, "brain_side": "left", "id": 259, "func_id": "1"}, {"name": "lh_lateraloccipital", "weight": 0.043474397954721931, "pos": [9, 285], "ts_group_id": 0, "label": "lateraloccipital", "input_id": 57, "layer_pos": 3, "y": 285, "x": 9, "brain_side": "left", "id": 261, "func_id": "1"}, {"name": "lh_fusiform", "weight": 0.059272071043087952, "pos": [9, 295], "ts_group_id": 0, "label": "fusiform", "input_id": 59, "layer_pos": 3, "y": 295, "x": 9, "brain_side": "left", "id": 263, "func_id": "1"}, {"name": "rh_cuneus", "weight": 0.054568327512882195, "pos": [0, 105], "ts_group_id": 0, "label": "cuneus", "input_id": 21, "layer_pos": 0, "y": 105, "x": 0, "brain_side": "right", "id": 21, "func_id": "1"}, {"name": "rh_pericalcarine", "weight": 0.33736834142261185, "pos": [0, 110], "ts_group_id": 0, "label": "pericalcarine", "input_id": 22, "layer_pos": 0, "y": 110, "x": 0, "brain_side": "right", "id": 22, "func_id": "1"}, {"name": "rh_lingual", "weight": 0.39076349293765877, "pos": [0, 120], "ts_group_id": 0, "label": "lingual", "input_id": 24, "layer_pos": 0, "y": 120, "x": 0, "brain_side": "right", "id": 24, "func_id": "1"}, {"name": "rh_pericalcarine", "weight": 0.048127369983754616, "pos": [6, 110], "ts_group_id": 0, "label": "pericalcarine", "input_id": 22, "layer_pos": 2, "y": 110, "x": 6, "brain_side": "right", "id": 158, "func_id": "1"}, {"name": "rh_lingual", "weight": 0.056702055216446723, "pos": [6, 120], "ts_group_id": 0, "label": "lingual", "input_id": 24, "layer_pos": 2, "y": 120, "x": 6, "brain_side": "right", "id": 160, "func_id": "1"}, {"name": "rh_lingual", "weight": 0.054806776508622562, "pos": [12, 120], "ts_group_id": 0, "label": "lingual", "input_id": 24, "layer_pos": 4, "y": 120, "x": 12, "brain_side": "right", "id": 296, "func_id": "1"}, {"name": "lh_superiorparietal", "weight": 0.049321706476229896, "pos": [0, 260], "ts_group_id": 0, "label": "superiorparietal", "input_id": 52, "layer_pos": 0, "y": 260, "x": 0, "brain_side": "left", "id": 52, "func_id": "3"}, {"name": "lh_cuneus", "weight": 0.098242983156839936, "pos": [0, 275], "ts_group_id": 0, "label": "cuneus", "input_id": 55, "layer_pos": 0, "y": 275, "x": 0, "brain_side": "left", "id": 55, "func_id": "1"}, {"name": "lh_pericalcarine", "weight": 0.43577624631616169, "pos": [0, 280], "ts_group_id": 0, "label": "pericalcarine", "input_id": 56, "layer_pos": 0, "y": 280, "x": 0, "brain_side": "left", "id": 56, "func_id": "1"}, {"name": "lh_lateraloccipital", "weight": 0.071299044643041654, "pos": [0, 285], "ts_group_id": 0, "label": "lateraloccipital", "input_id": 57, "layer_pos": 0, "y": 285, "x": 0, "brain_side": "left", "id": 57, "func_id": "1"}, {"name": "lh_lingual", "weight": 0.39039897685767183, "pos": [0, 290], "ts_group_id": 0, "label": "lingual", "input_id": 58, "layer_pos": 0, "y": 290, "x": 0, "brain_side": "left", "id": 58, "func_id": "1"}, {"name": "lh_pericalcarine", "weight": 0.1542391661506744, "pos": [6, 280], "ts_group_id": 0, "label": "pericalcarine", "input_id": 56, "layer_pos": 2, "y": 280, "x": 6, "brain_side": "left", "id": 192, "func_id": "1"}, {"name": "lh_lingual", "weight": 0.073420056940269166, "pos": [6, 290], "ts_group_id": 0, "label": "lingual", "input_id": 58, "layer_pos": 2, "y": 290, "x": 6, "brain_side": "left", "id": 194, "func_id": "1"}, {"name": "lh_fusiform", "weight": 0.059317293390815221, "pos": [12, 295], "ts_group_id": 0, "label": "fusiform", "input_id": 59, "layer_pos": 4, "y": 295, "x": 12, "brain_side": "left", "id": 331, "func_id": "1"}, {"name": "rh_cuneus", "weight": 0.069014084827460895, "pos": [3, 105], "ts_group_id": 0, "label": "cuneus", "input_id": 21, "layer_pos": 1, "y": 105, "x": 3, "brain_side": "right", "id": 89, "func_id": "1"}, {"name": "rh_pericalcarine", "weight": 0.25381191755165494, "pos": [3, 110], "ts_group_id": 0, "label": "pericalcarine", "input_id": 22, "layer_pos": 1, "y": 110, "x": 3, "brain_side": "right", "id": 90, "func_id": "1"}, {"name": "rh_lingual", "weight": 0.1957236495161539, "pos": [3, 120], "ts_group_id": 0, "label": "lingual", "input_id": 24, "layer_pos": 1, "y": 120, "x": 3, "brain_side": "right", "id": 92, "func_id": "1"}, {"name": "rh_parahippocampal", "weight": 0.057077664610047159, "pos": [3, 130], "ts_group_id": 0, "label": "parahippocampal", "input_id": 26, "layer_pos": 1, "y": 130, "x": 3, "brain_side": "right", "id": 94, "func_id": "1"}, {"name": "rh_lingual", "weight": 0.041465351706502819, "pos": [9, 120], "ts_group_id": 0, "label": "lingual", "input_id": 24, "layer_pos": 3, "y": 120, "x": 9, "brain_side": "right", "id": 228, "func_id": "1"}, {"name": "lh_cuneus", "weight": 0.098800385218686837, "pos": [3, 275], "ts_group_id": 0, "label": "cuneus", "input_id": 55, "layer_pos": 1, "y": 275, "x": 3, "brain_side": "left", "id": 123, "func_id": "1"}, {"name": "lh_pericalcarine", "weight": 0.30559835861972012, "pos": [3, 280], "ts_group_id": 0, "label": "pericalcarine", "input_id": 56, "layer_pos": 1, "y": 280, "x": 3, "brain_side": "left", "id": 124, "func_id": "1"}, {"name": "lh_lingual", "weight": 0.25894241766518222, "pos": [3, 290], "ts_group_id": 0, "label": "lingual", "input_id": 58, "layer_pos": 1, "y": 290, "x": 3, "brain_side": "left", "id": 126, "func_id": "1"}], "links": [{"source": 0, "target": 7}, {"source": 0, "target": 14}, {"source": 0, "target": 15}, {"source": 0, "target": 6}, {"source": 0, "target": 8}, {"source": 1, "target": 14}, {"source": 1, "target": 15}, {"source": 1, "target": 16}, {"source": 1, "target": 6}, {"source": 2, "target": 14}, {"source": 2, "target": 15}, {"source": 2, "target": 16}, {"source": 3, "target": 17}, {"source": 3, "target": 18}, {"source": 3, "target": 22}, {"source": 3, "target": 19}, {"source": 3, "target": 23}, {"source": 4, "target": 23}, {"source": 4, "target": 17}, {"source": 4, "target": 18}, {"source": 4, "target": 22}, {"source": 4, "target": 19}, {"source": 4, "target": 24}, {"source": 5, "target": 23}, {"source": 5, "target": 24}, {"source": 5, "target": 17}, {"source": 5, "target": 18}, {"source": 5, "target": 22}, {"source": 5, "target": 19}, {"source": 5, "target": 20}, {"source": 6, "target": 21}, {"source": 6, "target": 23}, {"source": 6, "target": 17}, {"source": 6, "target": 18}, {"source": 6, "target": 22}, {"source": 6, "target": 19}, {"source": 6, "target": 24}, {"source": 7, "target": 21}, {"source": 7, "target": 23}, {"source": 7, "target": 24}, {"source": 7, "target": 17}, {"source": 7, "target": 18}, {"source": 7, "target": 22}, {"source": 7, "target": 19}, {"source": 7, "target": 20}, {"source": 8, "target": 21}, {"source": 9, "target": 23}, {"source": 9, "target": 17}, {"source": 9, "target": 18}, {"source": 9, "target": 22}, {"source": 9, "target": 19}, {"source": 9, "target": 24}, {"source": 10, "target": 23}, {"source": 10, "target": 17}, {"source": 10, "target": 18}, {"source": 10, "target": 22}, {"source": 10, "target": 19}, {"source": 10, "target": 24}, {"source": 11, "target": 23}, {"source": 11, "target": 17}, {"source": 11, "target": 18}, {"source": 11, "target": 22}, {"source": 11, "target": 19}, {"source": 11, "target": 24}, {"source": 12, "target": 17}, {"source": 12, "target": 18}, {"source": 12, "target": 22}, {"source": 12, "target": 23}, {"source": 12, "target": 24}, {"source": 13, "target": 23}, {"source": 13, "target": 18}, {"source": 13, "target": 22}, {"source": 13, "target": 19}, {"source": 13, "target": 24}, {"source": 14, "target": 21}, {"source": 14, "target": 23}, {"source": 14, "target": 17}, {"source": 14, "target": 18}, {"source": 14, "target": 22}, {"source": 14, "target": 19}, {"source": 14, "target": 24}, {"source": 15, "target": 21}, {"source": 15, "target": 19}, {"source": 15, "target": 18}, {"source": 15, "target": 22}, {"source": 15, "target": 23}, {"source": 15, "target": 24}], "multigraph": false}