{"directed": false, "graph": [], "nodes": [{"name": "lh_middletemporal", "weight": 0.058594013916922497, "pos": [0, 320], "ts_group_id": 0, "label": "middletemporal", "input_id": 64, "layer_pos": 0, "y": 320, "x": 0, "brain_side": "left", "id": 64, "func_id": "7"}, {"name": "lh_inferiorparietal", "weight": 0.069194281485287237, "pos": [9, 265], "ts_group_id": 0, "label": "inferiorparietal", "input_id": 53, "layer_pos": 3, "y": 265, "x": 9, "brain_side": "left", "id": 257, "func_id": "7"}, {"name": "lh_inferiortemporal", "weight": 0.06836026364246825, "pos": [3, 315], "ts_group_id": 0, "label": "inferiortemporal", "input_id": 63, "layer_pos": 1, "y": 315, "x": 3, "brain_side": "left", "id": 131, "func_id": "5"}, {"name": "lh_middletemporal", "weight": 0.098996516849705993, "pos": [3, 320], "ts_group_id": 0, "label": "middletemporal", "input_id": 64, "layer_pos": 1, "y": 320, "x": 3, "brain_side": "left", "id": 132, "func_id": "7"}, {"name": "lh_inferiortemporal", "weight": 0.041466934467794231, "pos": [6, 315], "ts_group_id": 0, "label": "inferiortemporal", "input_id": 63, "layer_pos": 2, "y": 315, "x": 6, "brain_side": "left", "id": 199, "func_id": "5"}, {"name": "lh_middletemporal", "weight": 0.049799751339887489, "pos": [6, 320], "ts_group_id": 0, "label": "middletemporal", "input_id": 64, "layer_pos": 2, "y": 320, "x": 6, "brain_side": "left", "id": 200, "func_id": "7"}, {"name": "lh_caudalmiddlefrontal", "weight": 0.39678202177315675, "pos": [0, 215], "ts_group_id": 0, "label": "caudalmiddlefrontal", "input_id": 43, "layer_pos": 0, "y": 215, "x": 0, "brain_side": "left", "id": 43, "func_id": "7"}, {"name": "lh_precentral", "weight": 0.047707934280710462, "pos": [0, 220], "ts_group_id": 0, "label": "precentral", "input_id": 44, "layer_pos": 0, "y": 220, "x": 0, "brain_side": "left", "id": 44, "func_id": "2"}, {"name": "lh_rostralmiddlefrontal", "weight": 0.081207427433842946, "pos": [3, 205], "ts_group_id": 0, "label": "rostralmiddlefrontal", "input_id": 41, "layer_pos": 1, "y": 205, "x": 3, "brain_side": "left", "id": 109, "func_id": "6"}, {"name": "lh_caudalmiddlefrontal", "weight": 0.44967774397293686, "pos": [3, 215], "ts_group_id": 0, "label": "caudalmiddlefrontal", "input_id": 43, "layer_pos": 1, "y": 215, "x": 3, "brain_side": "left", "id": 111, "func_id": "7"}, {"name": "lh_precentral", "weight": 0.07415142779366031, "pos": [3, 220], "ts_group_id": 0, "label": "precentral", "input_id": 44, "layer_pos": 1, "y": 220, "x": 3, "brain_side": "left", "id": 112, "func_id": "2"}, {"name": "lh_caudalmiddlefrontal", "weight": 0.33719340074006399, "pos": [6, 215], "ts_group_id": 0, "label": "caudalmiddlefrontal", "input_id": 43, "layer_pos": 2, "y": 215, "x": 6, "brain_side": "left", "id": 179, "func_id": "7"}, {"name": "lh_inferiorparietal", "weight": 0.3595856219984474, "pos": [0, 265], "ts_group_id": 0, "label": "inferiorparietal", "input_id": 53, "layer_pos": 0, "y": 265, "x": 0, "brain_side": "left", "id": 53, "func_id": "7"}, {"name": "lh_caudalmiddlefrontal", "weight": 0.050758397290371016, "pos": [9, 215], "ts_group_id": 0, "label": "caudalmiddlefrontal", "input_id": 43, "layer_pos": 3, "y": 215, "x": 9, "brain_side": "left", "id": 247, "func_id": "7"}, {"name": "lh_inferiorparietal", "weight": 0.45119775944181845, "pos": [3, 265], "ts_group_id": 0, "label": "inferiorparietal", "input_id": 53, "layer_pos": 1, "y": 265, "x": 3, "brain_side": "left", "id": 121, "func_id": "7"}, {"name": "lh_inferiorparietal", "weight": 0.31823343449517888, "pos": [6, 265], "ts_group_id": 0, "label": "inferiorparietal", "input_id": 53, "layer_pos": 2, "y": 265, "x": 6, "brain_side": "left", "id": 189, "func_id": "7"}, {"name": "lh_inferiortemporal", "weight": 0.08584908420888071, "pos": [0, 315], "ts_group_id": 0, "label": "inferiortemporal", "input_id": 63, "layer_pos": 0, "y": 315, "x": 0, "brain_side": "left", "id": 63, "func_id": "5"}], "links": [{"source": 0, "target": 10}, {"source": 0, "target": 14}, {"source": 0, "target": 2}, {"source": 0, "target": 3}, {"source": 0, "target": 9}, {"source": 1, "target": 5}, {"source": 1, "target": 11}, {"source": 1, "target": 15}, {"source": 1, "target": 4}, {"source": 2, "target": 4}, {"source": 2, "target": 5}, {"source": 2, "target": 6}, {"source": 2, "target": 7}, {"source": 2, "target": 11}, {"source": 2, "target": 12}, {"source": 2, "target": 15}, {"source": 2, "target": 16}, {"source": 3, "target": 4}, {"source": 3, "target": 5}, {"source": 3, "target": 6}, {"source": 3, "target": 7}, {"source": 3, "target": 11}, {"source": 3, "target": 12}, {"source": 3, "target": 15}, {"source": 3, "target": 16}, {"source": 4, "target": 8}, {"source": 4, "target": 9}, {"source": 4, "target": 10}, {"source": 4, "target": 13}, {"source": 4, "target": 14}, {"source": 5, "target": 9}, {"source": 5, "target": 10}, {"source": 5, "target": 13}, {"source": 5, "target": 14}, {"source": 6, "target": 8}, {"source": 6, "target": 9}, {"source": 6, "target": 10}, {"source": 6, "target": 14}, {"source": 7, "target": 8}, {"source": 7, "target": 9}, {"source": 7, "target": 10}, {"source": 7, "target": 14}, {"source": 8, "target": 11}, {"source": 8, "target": 16}, {"source": 9, "target": 11}, {"source": 9, "target": 12}, {"source": 9, "target": 15}, {"source": 9, "target": 16}, {"source": 10, "target": 11}, {"source": 10, "target": 12}, {"source": 10, "target": 15}, {"source": 10, "target": 16}, {"source": 11, "target": 13}, {"source": 11, "target": 14}, {"source": 12, "target": 14}, {"source": 13, "target": 15}, {"source": 14, "target": 15}, {"source": 14, "target": 16}], "multigraph": false}