{"directed": false, "graph": [], "nodes": [{"name": "lh_inferiortemporal", "weight": 0.09479104414801566, "pos": [3, 315], "ts_group_id": 0, "label": "inferiortemporal", "input_id": 63, "layer_pos": 1, "y": 315, "x": 3, "brain_side": "left", "id": 131, "func_id": "5"}, {"name": "lh_precentral", "weight": 0.070348412203274799, "pos": [0, 220], "ts_group_id": 0, "label": "precentral", "input_id": 44, "layer_pos": 0, "y": 220, "x": 0, "brain_side": "left", "id": 44, "func_id": "2"}, {"name": "lh_lateralorbitofrontal", "weight": 0.14238857702638658, "pos": [0, 175], "ts_group_id": 0, "label": "lateralorbitofrontal", "input_id": 35, "layer_pos": 0, "y": 175, "x": 0, "brain_side": "left", "id": 35, "func_id": "5"}, {"name": "lh_parsorbitalis", "weight": 0.23055645788719772, "pos": [0, 180], "ts_group_id": 0, "label": "parsorbitalis", "input_id": 36, "layer_pos": 0, "y": 180, "x": 0, "brain_side": "left", "id": 36, "func_id": "7"}, {"name": "lh_parstriangularis", "weight": 0.34449001037808474, "pos": [0, 195], "ts_group_id": 0, "label": "parstriangularis", "input_id": 39, "layer_pos": 0, "y": 195, "x": 0, "brain_side": "left", "id": 39, "func_id": "7"}, {"name": "lh_parsopercularis", "weight": 0.27916796369604685, "pos": [0, 200], "ts_group_id": 0, "label": "parsopercularis", "input_id": 40, "layer_pos": 0, "y": 200, "x": 0, "brain_side": "left", "id": 40, "func_id": "4"}, {"name": "lh_lateralorbitofrontal", "weight": 0.15272962922033478, "pos": [6, 175], "ts_group_id": 0, "label": "lateralorbitofrontal", "input_id": 35, "layer_pos": 2, "y": 175, "x": 6, "brain_side": "left", "id": 171, "func_id": "5"}, {"name": "lh_parsorbitalis", "weight": 0.245747804017655, "pos": [6, 180], "ts_group_id": 0, "label": "parsorbitalis", "input_id": 36, "layer_pos": 2, "y": 180, "x": 6, "brain_side": "left", "id": 172, "func_id": "7"}, {"name": "lh_parstriangularis", "weight": 0.27962188071255206, "pos": [6, 195], "ts_group_id": 0, "label": "parstriangularis", "input_id": 39, "layer_pos": 2, "y": 195, "x": 6, "brain_side": "left", "id": 175, "func_id": "7"}, {"name": "lh_parsopercularis", "weight": 0.18966155572356111, "pos": [6, 200], "ts_group_id": 0, "label": "parsopercularis", "input_id": 40, "layer_pos": 2, "y": 200, "x": 6, "brain_side": "left", "id": 176, "func_id": "4"}, {"name": "lh_rostralmiddlefrontal", "weight": 0.04720473045092681, "pos": [6, 205], "ts_group_id": 0, "label": "rostralmiddlefrontal", "input_id": 41, "layer_pos": 2, "y": 205, "x": 6, "brain_side": "left", "id": 177, "func_id": "6"}, {"name": "lh_inferiortemporal", "weight": 0.042903542052923148, "pos": [0, 315], "ts_group_id": 0, "label": "inferiortemporal", "input_id": 63, "layer_pos": 0, "y": 315, "x": 0, "brain_side": "left", "id": 63, "func_id": "5"}, {"name": "lh_inferiortemporal", "weight": 0.086124908557150229, "pos": [6, 315], "ts_group_id": 0, "label": "inferiortemporal", "input_id": 63, "layer_pos": 2, "y": 315, "x": 6, "brain_side": "left", "id": 199, "func_id": "5"}, {"name": "lh_lateralorbitofrontal", "weight": 0.17214106195822187, "pos": [3, 175], "ts_group_id": 0, "label": "lateralorbitofrontal", "input_id": 35, "layer_pos": 1, "y": 175, "x": 3, "brain_side": "left", "id": 103, "func_id": "5"}, {"name": "lh_parsorbitalis", "weight": 0.33397246660674373, "pos": [3, 180], "ts_group_id": 0, "label": "parsorbitalis", "input_id": 36, "layer_pos": 1, "y": 180, "x": 3, "brain_side": "left", "id": 104, "func_id": "7"}, {"name": "lh_parstriangularis", "weight": 0.40357567767412772, "pos": [3, 195], "ts_group_id": 0, "label": "parstriangularis", "input_id": 39, "layer_pos": 1, "y": 195, "x": 3, "brain_side": "left", "id": 107, "func_id": "7"}, {"name": "lh_parsopercularis", "weight": 0.34079393854225304, "pos": [3, 200], "ts_group_id": 0, "label": "parsopercularis", "input_id": 40, "layer_pos": 1, "y": 200, "x": 3, "brain_side": "left", "id": 108, "func_id": "4"}, {"name": "lh_rostralmiddlefrontal", "weight": 0.053172783328142778, "pos": [3, 205], "ts_group_id": 0, "label": "rostralmiddlefrontal", "input_id": 41, "layer_pos": 1, "y": 205, "x": 3, "brain_side": "left", "id": 109, "func_id": "6"}, {"name": "lh_lateralorbitofrontal", "weight": 0.053912545674264262, "pos": [9, 175], "ts_group_id": 0, "label": "lateralorbitofrontal", "input_id": 35, "layer_pos": 3, "y": 175, "x": 9, "brain_side": "left", "id": 239, "func_id": "5"}, {"name": "lh_parsorbitalis", "weight": 0.12054854114018676, "pos": [9, 180], "ts_group_id": 0, "label": "parsorbitalis", "input_id": 36, "layer_pos": 3, "y": 180, "x": 9, "brain_side": "left", "id": 240, "func_id": "7"}, {"name": "lh_parstriangularis", "weight": 0.14697151629749067, "pos": [9, 195], "ts_group_id": 0, "label": "parstriangularis", "input_id": 39, "layer_pos": 3, "y": 195, "x": 9, "brain_side": "left", "id": 243, "func_id": "7"}, {"name": "lh_parsopercularis", "weight": 0.11734282238005087, "pos": [9, 200], "ts_group_id": 0, "label": "parsopercularis", "input_id": 40, "layer_pos": 3, "y": 200, "x": 9, "brain_side": "left", "id": 244, "func_id": "4"}], "links": [{"source": 0, "target": 12}, {"source": 0, "target": 5}, {"source": 0, "target": 1}, {"source": 0, "target": 9}, {"source": 0, "target": 10}, {"source": 0, "target": 11}, {"source": 1, "target": 16}, {"source": 1, "target": 17}, {"source": 2, "target": 14}, {"source": 2, "target": 15}, {"source": 2, "target": 17}, {"source": 2, "target": 13}, {"source": 3, "target": 14}, {"source": 3, "target": 15}, {"source": 3, "target": 17}, {"source": 3, "target": 13}, {"source": 4, "target": 14}, {"source": 4, "target": 15}, {"source": 4, "target": 16}, {"source": 4, "target": 17}, {"source": 4, "target": 13}, {"source": 5, "target": 15}, {"source": 5, "target": 16}, {"source": 5, "target": 17}, {"source": 6, "target": 13}, {"source": 6, "target": 14}, {"source": 6, "target": 15}, {"source": 6, "target": 17}, {"source": 6, "target": 18}, {"source": 6, "target": 19}, {"source": 6, "target": 20}, {"source": 7, "target": 13}, {"source": 7, "target": 14}, {"source": 7, "target": 15}, {"source": 7, "target": 17}, {"source": 7, "target": 18}, {"source": 7, "target": 19}, {"source": 7, "target": 20}, {"source": 8, "target": 13}, {"source": 8, "target": 14}, {"source": 8, "target": 15}, {"source": 8, "target": 16}, {"source": 8, "target": 17}, {"source": 8, "target": 18}, {"source": 8, "target": 19}, {"source": 8, "target": 20}, {"source": 8, "target": 21}, {"source": 9, "target": 15}, {"source": 9, "target": 16}, {"source": 9, "target": 17}, {"source": 9, "target": 20}, {"source": 9, "target": 21}, {"source": 10, "target": 13}, {"source": 10, "target": 14}, {"source": 10, "target": 15}, {"source": 10, "target": 16}, {"source": 10, "target": 17}, {"source": 10, "target": 18}, {"source": 10, "target": 19}, {"source": 10, "target": 20}, {"source": 10, "target": 21}, {"source": 11, "target": 16}, {"source": 11, "target": 17}, {"source": 12, "target": 21}, {"source": 12, "target": 16}, {"source": 12, "target": 17}], "multigraph": false}