{"directed": false, "graph": [], "nodes": [{"name": "rh_precuneus", "weight": 0.072464800853533531, "pos": [9, 100], "ts_group_id": 0, "label": "precuneus", "input_id": 20, "layer_pos": 3, "y": 100, "x": 9, "brain_side": "right", "id": 224, "func_id": "7"}, {"name": "rh_superiorparietal", "weight": 0.074625790184473045, "pos": [0, 90], "ts_group_id": 0, "label": "superiorparietal", "input_id": 18, "layer_pos": 0, "y": 90, "x": 0, "brain_side": "right", "id": 18, "func_id": "3"}, {"name": "rh_isthmuscingulate", "weight": 0.15469559391983587, "pos": [3, 75], "ts_group_id": 0, "label": "isthmuscingulate", "input_id": 15, "layer_pos": 1, "y": 75, "x": 3, "brain_side": "right", "id": 83, "func_id": "7"}, {"name": "rh_precuneus", "weight": 0.47268418517975003, "pos": [0, 100], "ts_group_id": 0, "label": "precuneus", "input_id": 20, "layer_pos": 0, "y": 100, "x": 0, "brain_side": "right", "id": 20, "func_id": "7"}, {"name": "lh_precuneus", "weight": 0.39315474155444663, "pos": [0, 270], "ts_group_id": 0, "label": "precuneus", "input_id": 54, "layer_pos": 0, "y": 270, "x": 0, "brain_side": "left", "id": 54, "func_id": "7"}, {"name": "rh_precuneus", "weight": 0.4942804482922481, "pos": [3, 100], "ts_group_id": 0, "label": "precuneus", "input_id": 20, "layer_pos": 1, "y": 100, "x": 3, "brain_side": "right", "id": 88, "func_id": "7"}, {"name": "rh_cuneus", "weight": 0.065369471941633728, "pos": [3, 105], "ts_group_id": 0, "label": "cuneus", "input_id": 21, "layer_pos": 1, "y": 105, "x": 3, "brain_side": "right", "id": 89, "func_id": "1"}, {"name": "lh_precuneus", "weight": 0.38424081438930363, "pos": [3, 270], "ts_group_id": 0, "label": "precuneus", "input_id": 54, "layer_pos": 1, "y": 270, "x": 3, "brain_side": "left", "id": 122, "func_id": "7"}, {"name": "lh_cuneus", "weight": 0.041279901373120327, "pos": [3, 275], "ts_group_id": 0, "label": "cuneus", "input_id": 55, "layer_pos": 1, "y": 275, "x": 3, "brain_side": "left", "id": 123, "func_id": "1"}, {"name": "rh_precuneus", "weight": 0.29478291044886284, "pos": [6, 100], "ts_group_id": 0, "label": "precuneus", "input_id": 20, "layer_pos": 2, "y": 100, "x": 6, "brain_side": "right", "id": 156, "func_id": "7"}, {"name": "lh_precuneus", "weight": 0.24602067748269194, "pos": [6, 270], "ts_group_id": 0, "label": "precuneus", "input_id": 54, "layer_pos": 2, "y": 270, "x": 6, "brain_side": "left", "id": 190, "func_id": "7"}, {"name": "lh_cuneus", "weight": 0.040424926750905622, "pos": [6, 275], "ts_group_id": 0, "label": "cuneus", "input_id": 55, "layer_pos": 2, "y": 275, "x": 6, "brain_side": "left", "id": 191, "func_id": "1"}], "links": [{"source": 0, "target": 9}, {"source": 0, "target": 10}, {"source": 0, "target": 11}, {"source": 1, "target": 5}, {"source": 1, "target": 6}, {"source": 1, "target": 7}, {"source": 1, "target": 2}, {"source": 1, "target": 8}, {"source": 2, "target": 9}, {"source": 2, "target": 3}, {"source": 2, "target": 10}, {"source": 2, "target": 4}, {"source": 3, "target": 5}, {"source": 3, "target": 6}, {"source": 3, "target": 7}, {"source": 3, "target": 8}, {"source": 4, "target": 5}, {"source": 4, "target": 6}, {"source": 4, "target": 7}, {"source": 4, "target": 8}, {"source": 5, "target": 9}, {"source": 5, "target": 10}, {"source": 5, "target": 11}, {"source": 6, "target": 9}, {"source": 6, "target": 10}, {"source": 6, "target": 11}, {"source": 7, "target": 9}, {"source": 7, "target": 10}, {"source": 7, "target": 11}, {"source": 8, "target": 9}, {"source": 8, "target": 10}, {"source": 8, "target": 11}], "multigraph": false}