{"directed": false, "graph": [], "nodes": [{"name": "lh_parahippocampal", "weight": 0.13029075796573214, "pos": [3, 300], "ts_group_id": 0, "label": "parahippocampal", "input_id": 60, "layer_pos": 1, "y": 300, "x": 3, "brain_side": "left", "id": 128, "func_id": "7"}, {"name": "lh_entorhinal", "weight": 0.36455716808964295, "pos": [3, 305], "ts_group_id": 0, "label": "entorhinal", "input_id": 61, "layer_pos": 1, "y": 305, "x": 3, "brain_side": "left", "id": 129, "func_id": "5"}, {"name": "lh_temporalpole", "weight": 0.38717363474223027, "pos": [3, 310], "ts_group_id": 0, "label": "temporalpole", "input_id": 62, "layer_pos": 1, "y": 310, "x": 3, "brain_side": "left", "id": 130, "func_id": "5"}, {"name": "lh_inferiortemporal", "weight": 0.19314116758407759, "pos": [3, 315], "ts_group_id": 0, "label": "inferiortemporal", "input_id": 63, "layer_pos": 1, "y": 315, "x": 3, "brain_side": "left", "id": 131, "func_id": "5"}, {"name": "lh_middletemporal", "weight": 0.044141054601740046, "pos": [3, 320], "ts_group_id": 0, "label": "middletemporal", "input_id": 64, "layer_pos": 1, "y": 320, "x": 3, "brain_side": "left", "id": 132, "func_id": "7"}, {"name": "lh_entorhinal", "weight": 0.30734165496027221, "pos": [6, 305], "ts_group_id": 0, "label": "entorhinal", "input_id": 61, "layer_pos": 2, "y": 305, "x": 6, "brain_side": "left", "id": 197, "func_id": "5"}, {"name": "lh_temporalpole", "weight": 0.33017664861833768, "pos": [6, 310], "ts_group_id": 0, "label": "temporalpole", "input_id": 62, "layer_pos": 2, "y": 310, "x": 6, "brain_side": "left", "id": 198, "func_id": "5"}, {"name": "lh_inferiortemporal", "weight": 0.1976226386253328, "pos": [6, 315], "ts_group_id": 0, "label": "inferiortemporal", "input_id": 63, "layer_pos": 2, "y": 315, "x": 6, "brain_side": "left", "id": 199, "func_id": "5"}, {"name": "lh_inferiortemporal", "weight": 0.21363128387476879, "pos": [0, 315], "ts_group_id": 0, "label": "inferiortemporal", "input_id": 63, "layer_pos": 0, "y": 315, "x": 0, "brain_side": "left", "id": 63, "func_id": "5"}, {"name": "lh_temporalpole", "weight": 0.078304412342814309, "pos": [9, 310], "ts_group_id": 0, "label": "temporalpole", "input_id": 62, "layer_pos": 3, "y": 310, "x": 9, "brain_side": "left", "id": 266, "func_id": "5"}, {"name": "lh_inferiortemporal", "weight": 0.06630851366856079, "pos": [9, 315], "ts_group_id": 0, "label": "inferiortemporal", "input_id": 63, "layer_pos": 3, "y": 315, "x": 9, "brain_side": "left", "id": 267, "func_id": "5"}, {"name": "lh_insula", "weight": 0.05209527309563549, "pos": [6, 340], "ts_group_id": 0, "label": "insula", "input_id": 68, "layer_pos": 2, "y": 340, "x": 6, "brain_side": "left", "id": 204, "func_id": "4"}, {"name": "lh_fusiform", "weight": 0.051203017660000738, "pos": [6, 295], "ts_group_id": 0, "label": "fusiform", "input_id": 59, "layer_pos": 2, "y": 295, "x": 6, "brain_side": "left", "id": 195, "func_id": "1"}, {"name": "lh_entorhinal", "weight": 0.054490650051522371, "pos": [9, 305], "ts_group_id": 0, "label": "entorhinal", "input_id": 61, "layer_pos": 3, "y": 305, "x": 9, "brain_side": "left", "id": 265, "func_id": "5"}, {"name": "lh_parahippocampal", "weight": 0.081733229742077793, "pos": [6, 300], "ts_group_id": 0, "label": "parahippocampal", "input_id": 60, "layer_pos": 2, "y": 300, "x": 6, "brain_side": "left", "id": 196, "func_id": "7"}, {"name": "lh_fusiform", "weight": 0.046796144152314451, "pos": [0, 295], "ts_group_id": 0, "label": "fusiform", "input_id": 59, "layer_pos": 0, "y": 295, "x": 0, "brain_side": "left", "id": 59, "func_id": "1"}, {"name": "lh_parahippocampal", "weight": 0.10872794057569574, "pos": [0, 300], "ts_group_id": 0, "label": "parahippocampal", "input_id": 60, "layer_pos": 0, "y": 300, "x": 0, "brain_side": "left", "id": 60, "func_id": "7"}, {"name": "lh_entorhinal", "weight": 0.41013047051908497, "pos": [0, 305], "ts_group_id": 0, "label": "entorhinal", "input_id": 61, "layer_pos": 0, "y": 305, "x": 0, "brain_side": "left", "id": 61, "func_id": "5"}, {"name": "lh_temporalpole", "weight": 0.35652739550541573, "pos": [0, 310], "ts_group_id": 0, "label": "temporalpole", "input_id": 62, "layer_pos": 0, "y": 310, "x": 0, "brain_side": "left", "id": 62, "func_id": "5"}, {"name": "lh_fusiform", "weight": 0.092292465554880215, "pos": [3, 295], "ts_group_id": 0, "label": "fusiform", "input_id": 59, "layer_pos": 1, "y": 295, "x": 3, "brain_side": "left", "id": 127, "func_id": "1"}], "links": [{"source": 0, "target": 12}, {"source": 0, "target": 14}, {"source": 0, "target": 5}, {"source": 0, "target": 15}, {"source": 0, "target": 16}, {"source": 0, "target": 17}, {"source": 1, "target": 12}, {"source": 1, "target": 14}, {"source": 1, "target": 5}, {"source": 1, "target": 6}, {"source": 1, "target": 15}, {"source": 1, "target": 16}, {"source": 1, "target": 17}, {"source": 1, "target": 18}, {"source": 2, "target": 12}, {"source": 2, "target": 5}, {"source": 2, "target": 6}, {"source": 2, "target": 7}, {"source": 2, "target": 11}, {"source": 2, "target": 15}, {"source": 2, "target": 17}, {"source": 2, "target": 18}, {"source": 2, "target": 8}, {"source": 3, "target": 12}, {"source": 3, "target": 6}, {"source": 3, "target": 7}, {"source": 3, "target": 11}, {"source": 3, "target": 15}, {"source": 3, "target": 18}, {"source": 3, "target": 8}, {"source": 4, "target": 11}, {"source": 4, "target": 15}, {"source": 4, "target": 7}, {"source": 4, "target": 12}, {"source": 4, "target": 8}, {"source": 5, "target": 13}, {"source": 5, "target": 9}, {"source": 5, "target": 19}, {"source": 6, "target": 13}, {"source": 6, "target": 9}, {"source": 6, "target": 10}, {"source": 6, "target": 19}, {"source": 7, "target": 9}, {"source": 7, "target": 10}, {"source": 7, "target": 19}, {"source": 8, "target": 19}, {"source": 9, "target": 12}, {"source": 9, "target": 11}, {"source": 10, "target": 12}, {"source": 10, "target": 11}, {"source": 11, "target": 19}, {"source": 12, "target": 13}, {"source": 12, "target": 19}, {"source": 13, "target": 14}, {"source": 14, "target": 19}, {"source": 15, "target": 19}, {"source": 16, "target": 19}, {"source": 17, "target": 19}, {"source": 18, "target": 19}], "multigraph": false}