{"directed": false, "graph": [], "nodes": [{"name": "rh_lateralorbitofrontal", "weight": 0.050643688597611224, "pos": [0, 5], "ts_group_id": 0, "label": "lateralorbitofrontal", "input_id": 1, "layer_pos": 0, "y": 5, "x": 0, "brain_side": "right", "id": 1, "func_id": "5"}, {"name": "rh_frontalpole", "weight": 0.27494786357878481, "pos": [0, 15], "ts_group_id": 0, "label": "frontalpole", "input_id": 3, "layer_pos": 0, "y": 15, "x": 0, "brain_side": "right", "id": 3, "func_id": "5"}, {"name": "rh_medialorbitofrontal", "weight": 0.34900911325161382, "pos": [0, 20], "ts_group_id": 0, "label": "medialorbitofrontal", "input_id": 4, "layer_pos": 0, "y": 20, "x": 0, "brain_side": "right", "id": 4, "func_id": "5"}, {"name": "rh_frontalpole", "weight": 0.19255291477620309, "pos": [6, 15], "ts_group_id": 0, "label": "frontalpole", "input_id": 3, "layer_pos": 2, "y": 15, "x": 6, "brain_side": "right", "id": 139, "func_id": "5"}, {"name": "rh_rostralanteriorcingulate", "weight": 0.040059316265437121, "pos": [0, 60], "ts_group_id": 0, "label": "rostralanteriorcingulate", "input_id": 12, "layer_pos": 0, "y": 60, "x": 0, "brain_side": "right", "id": 12, "func_id": "7"}, {"name": "rh_superiorfrontal", "weight": 0.047246652296180726, "pos": [6, 40], "ts_group_id": 0, "label": "superiorfrontal", "input_id": 8, "layer_pos": 2, "y": 40, "x": 6, "brain_side": "right", "id": 144, "func_id": "7"}, {"name": "lh_medialorbitofrontal", "weight": 0.29698725155982209, "pos": [6, 190], "ts_group_id": 0, "label": "medialorbitofrontal", "input_id": 38, "layer_pos": 2, "y": 190, "x": 6, "brain_side": "left", "id": 174, "func_id": "5"}, {"name": "lh_lateralorbitofrontal", "weight": 0.085987611833341651, "pos": [0, 175], "ts_group_id": 0, "label": "lateralorbitofrontal", "input_id": 35, "layer_pos": 0, "y": 175, "x": 0, "brain_side": "left", "id": 35, "func_id": "5"}, {"name": "lh_frontalpole", "weight": 0.16748621043802434, "pos": [0, 185], "ts_group_id": 0, "label": "frontalpole", "input_id": 37, "layer_pos": 0, "y": 185, "x": 0, "brain_side": "left", "id": 37, "func_id": "5"}, {"name": "lh_medialorbitofrontal", "weight": 0.28661652577429503, "pos": [0, 190], "ts_group_id": 0, "label": "medialorbitofrontal", "input_id": 38, "layer_pos": 0, "y": 190, "x": 0, "brain_side": "left", "id": 38, "func_id": "5"}, {"name": "lh_lateralorbitofrontal", "weight": 0.058422537097149167, "pos": [6, 175], "ts_group_id": 0, "label": "lateralorbitofrontal", "input_id": 35, "layer_pos": 2, "y": 175, "x": 6, "brain_side": "left", "id": 171, "func_id": "5"}, {"name": "lh_frontalpole", "weight": 0.16255955713069908, "pos": [6, 185], "ts_group_id": 0, "label": "frontalpole", "input_id": 37, "layer_pos": 2, "y": 185, "x": 6, "brain_side": "left", "id": 173, "func_id": "5"}, {"name": "lh_rostralanteriorcingulate", "weight": 0.04773024519953234, "pos": [0, 230], "ts_group_id": 0, "label": "rostralanteriorcingulate", "input_id": 46, "layer_pos": 0, "y": 230, "x": 0, "brain_side": "left", "id": 46, "func_id": "7"}, {"name": "lh_superiorfrontal", "weight": 0.051527352390040859, "pos": [6, 210], "ts_group_id": 0, "label": "superiorfrontal", "input_id": 42, "layer_pos": 2, "y": 210, "x": 6, "brain_side": "left", "id": 178, "func_id": "7"}, {"name": "lh_frontalpole", "weight": 0.063279875075827122, "pos": [12, 185], "ts_group_id": 0, "label": "frontalpole", "input_id": 37, "layer_pos": 4, "y": 185, "x": 12, "brain_side": "left", "id": 309, "func_id": "5"}, {"name": "rh_lateralorbitofrontal", "weight": 0.041361431180976002, "pos": [3, 5], "ts_group_id": 0, "label": "lateralorbitofrontal", "input_id": 1, "layer_pos": 1, "y": 5, "x": 3, "brain_side": "right", "id": 69, "func_id": "5"}, {"name": "rh_frontalpole", "weight": 0.26865961727295601, "pos": [3, 15], "ts_group_id": 0, "label": "frontalpole", "input_id": 3, "layer_pos": 1, "y": 15, "x": 3, "brain_side": "right", "id": 71, "func_id": "5"}, {"name": "rh_medialorbitofrontal", "weight": 0.38540186003225363, "pos": [3, 20], "ts_group_id": 0, "label": "medialorbitofrontal", "input_id": 4, "layer_pos": 1, "y": 20, "x": 3, "brain_side": "right", "id": 72, "func_id": "5"}, {"name": "rh_medialorbitofrontal", "weight": 0.25648416104610683, "pos": [6, 20], "ts_group_id": 0, "label": "medialorbitofrontal", "input_id": 4, "layer_pos": 2, "y": 20, "x": 6, "brain_side": "right", "id": 140, "func_id": "5"}, {"name": "rh_medialorbitofrontal", "weight": 0.11030088496183109, "pos": [9, 20], "ts_group_id": 0, "label": "medialorbitofrontal", "input_id": 4, "layer_pos": 3, "y": 20, "x": 9, "brain_side": "right", "id": 208, "func_id": "5"}, {"name": "lh_lateralorbitofrontal", "weight": 0.1120779048845984, "pos": [3, 175], "ts_group_id": 0, "label": "lateralorbitofrontal", "input_id": 35, "layer_pos": 1, "y": 175, "x": 3, "brain_side": "left", "id": 103, "func_id": "5"}, {"name": "lh_frontalpole", "weight": 0.19739925788367937, "pos": [3, 185], "ts_group_id": 0, "label": "frontalpole", "input_id": 37, "layer_pos": 1, "y": 185, "x": 3, "brain_side": "left", "id": 105, "func_id": "5"}, {"name": "lh_medialorbitofrontal", "weight": 0.31655702893087245, "pos": [3, 190], "ts_group_id": 0, "label": "medialorbitofrontal", "input_id": 38, "layer_pos": 1, "y": 190, "x": 3, "brain_side": "left", "id": 106, "func_id": "5"}, {"name": "lh_lateralorbitofrontal", "weight": 0.055027066570716564, "pos": [9, 175], "ts_group_id": 0, "label": "lateralorbitofrontal", "input_id": 35, "layer_pos": 3, "y": 175, "x": 9, "brain_side": "left", "id": 239, "func_id": "5"}, {"name": "lh_frontalpole", "weight": 0.13303345300385491, "pos": [9, 185], "ts_group_id": 0, "label": "frontalpole", "input_id": 37, "layer_pos": 3, "y": 185, "x": 9, "brain_side": "left", "id": 241, "func_id": "5"}, {"name": "lh_medialorbitofrontal", "weight": 0.10392331562231229, "pos": [9, 190], "ts_group_id": 0, "label": "medialorbitofrontal", "input_id": 38, "layer_pos": 3, "y": 190, "x": 9, "brain_side": "left", "id": 242, "func_id": "5"}], "links": [{"source": 0, "target": 17}, {"source": 0, "target": 15}, {"source": 0, "target": 16}, {"source": 1, "target": 17}, {"source": 1, "target": 22}, {"source": 1, "target": 15}, {"source": 1, "target": 16}, {"source": 2, "target": 15}, {"source": 2, "target": 20}, {"source": 2, "target": 17}, {"source": 2, "target": 21}, {"source": 2, "target": 22}, {"source": 2, "target": 16}, {"source": 3, "target": 15}, {"source": 3, "target": 16}, {"source": 3, "target": 17}, {"source": 3, "target": 22}, {"source": 3, "target": 19}, {"source": 3, "target": 25}, {"source": 4, "target": 17}, {"source": 4, "target": 22}, {"source": 5, "target": 17}, {"source": 5, "target": 21}, {"source": 5, "target": 22}, {"source": 5, "target": 19}, {"source": 5, "target": 24}, {"source": 5, "target": 25}, {"source": 6, "target": 20}, {"source": 6, "target": 17}, {"source": 6, "target": 21}, {"source": 6, "target": 22}, {"source": 6, "target": 16}, {"source": 6, "target": 23}, {"source": 6, "target": 19}, {"source": 6, "target": 24}, {"source": 6, "target": 25}, {"source": 7, "target": 17}, {"source": 7, "target": 22}, {"source": 7, "target": 20}, {"source": 8, "target": 17}, {"source": 8, "target": 21}, {"source": 8, "target": 22}, {"source": 9, "target": 17}, {"source": 9, "target": 21}, {"source": 9, "target": 22}, {"source": 9, "target": 20}, {"source": 9, "target": 16}, {"source": 10, "target": 20}, {"source": 10, "target": 17}, {"source": 10, "target": 22}, {"source": 10, "target": 23}, {"source": 10, "target": 19}, {"source": 10, "target": 25}, {"source": 11, "target": 17}, {"source": 11, "target": 21}, {"source": 11, "target": 22}, {"source": 11, "target": 19}, {"source": 11, "target": 24}, {"source": 11, "target": 25}, {"source": 12, "target": 17}, {"source": 12, "target": 22}, {"source": 13, "target": 17}, {"source": 13, "target": 19}, {"source": 13, "target": 22}, {"source": 13, "target": 25}, {"source": 13, "target": 16}, {"source": 14, "target": 19}, {"source": 14, "target": 24}, {"source": 14, "target": 25}, {"source": 15, "target": 18}, {"source": 16, "target": 18}, {"source": 17, "target": 18}, {"source": 18, "target": 20}, {"source": 18, "target": 21}, {"source": 18, "target": 22}, {"source": 18, "target": 23}, {"source": 18, "target": 19}, {"source": 18, "target": 24}, {"source": 18, "target": 25}], "multigraph": false}