{"directed": false, "graph": [], "nodes": [{"name": "lh_lateraloccipital", "weight": 0.36512082891053343, "pos": [6, 285], "ts_group_id": 0, "label": "lateraloccipital", "input_id": 57, "layer_pos": 2, "y": 285, "x": 6, "brain_side": "left", "id": 193, "func_id": "1"}, {"name": "lh_fusiform", "weight": 0.06982307131474158, "pos": [0, 295], "ts_group_id": 0, "label": "fusiform", "input_id": 59, "layer_pos": 0, "y": 295, "x": 0, "brain_side": "left", "id": 59, "func_id": "1"}, {"name": "lh_lateraloccipital", "weight": 0.1198105099641151, "pos": [9, 285], "ts_group_id": 0, "label": "lateraloccipital", "input_id": 57, "layer_pos": 3, "y": 285, "x": 9, "brain_side": "left", "id": 261, "func_id": "1"}, {"name": "lh_lateraloccipital", "weight": 0.041389365993660547, "pos": [12, 285], "ts_group_id": 0, "label": "lateraloccipital", "input_id": 57, "layer_pos": 4, "y": 285, "x": 12, "brain_side": "left", "id": 329, "func_id": "1"}, {"name": "lh_lateraloccipital", "weight": 0.040658814560862892, "pos": [15, 285], "ts_group_id": 0, "label": "lateraloccipital", "input_id": 57, "layer_pos": 5, "y": 285, "x": 15, "brain_side": "left", "id": 397, "func_id": "1"}, {"name": "lh_lateraloccipital", "weight": 0.45884632186697294, "pos": [3, 285], "ts_group_id": 0, "label": "lateraloccipital", "input_id": 57, "layer_pos": 1, "y": 285, "x": 3, "brain_side": "left", "id": 125, "func_id": "1"}, {"name": "lh_pericalcarine", "weight": 0.058240754089270701, "pos": [0, 280], "ts_group_id": 0, "label": "pericalcarine", "input_id": 56, "layer_pos": 0, "y": 280, "x": 0, "brain_side": "left", "id": 56, "func_id": "1"}, {"name": "lh_fusiform", "weight": 0.040915581100321355, "pos": [6, 295], "ts_group_id": 0, "label": "fusiform", "input_id": 59, "layer_pos": 2, "y": 295, "x": 6, "brain_side": "left", "id": 195, "func_id": "1"}, {"name": "rh_fusiform", "weight": 0.085283740117780296, "pos": [0, 125], "ts_group_id": 0, "label": "fusiform", "input_id": 25, "layer_pos": 0, "y": 125, "x": 0, "brain_side": "right", "id": 25, "func_id": "1"}, {"name": "lh_lateraloccipital", "weight": 0.35967010810883521, "pos": [0, 285], "ts_group_id": 0, "label": "lateraloccipital", "input_id": 57, "layer_pos": 0, "y": 285, "x": 0, "brain_side": "left", "id": 57, "func_id": "1"}, {"name": "rh_lateraloccipital", "weight": 0.32692774546683462, "pos": [0, 115], "ts_group_id": 0, "label": "lateraloccipital", "input_id": 23, "layer_pos": 0, "y": 115, "x": 0, "brain_side": "right", "id": 23, "func_id": "1"}, {"name": "lh_superiorparietal", "weight": 0.070615292304838762, "pos": [3, 260], "ts_group_id": 0, "label": "superiorparietal", "input_id": 52, "layer_pos": 1, "y": 260, "x": 3, "brain_side": "left", "id": 120, "func_id": "3"}, {"name": "rh_cuneus", "weight": 0.045859030285833151, "pos": [3, 105], "ts_group_id": 0, "label": "cuneus", "input_id": 21, "layer_pos": 1, "y": 105, "x": 3, "brain_side": "right", "id": 89, "func_id": "1"}, {"name": "rh_pericalcarine", "weight": 0.090718176124169381, "pos": [3, 110], "ts_group_id": 0, "label": "pericalcarine", "input_id": 22, "layer_pos": 1, "y": 110, "x": 3, "brain_side": "right", "id": 90, "func_id": "1"}, {"name": "rh_lateraloccipital", "weight": 0.46171242034990534, "pos": [3, 115], "ts_group_id": 0, "label": "lateraloccipital", "input_id": 23, "layer_pos": 1, "y": 115, "x": 3, "brain_side": "right", "id": 91, "func_id": "1"}, {"name": "lh_pericalcarine", "weight": 0.061503430080155484, "pos": [3, 280], "ts_group_id": 0, "label": "pericalcarine", "input_id": 56, "layer_pos": 1, "y": 280, "x": 3, "brain_side": "left", "id": 124, "func_id": "1"}, {"name": "rh_fusiform", "weight": 0.054509058313006398, "pos": [3, 125], "ts_group_id": 0, "label": "fusiform", "input_id": 25, "layer_pos": 1, "y": 125, "x": 3, "brain_side": "right", "id": 93, "func_id": "1"}, {"name": "rh_lateraloccipital", "weight": 0.34459422956788099, "pos": [6, 115], "ts_group_id": 0, "label": "lateraloccipital", "input_id": 23, "layer_pos": 2, "y": 115, "x": 6, "brain_side": "right", "id": 159, "func_id": "1"}], "links": [{"source": 0, "target": 2}, {"source": 0, "target": 11}, {"source": 0, "target": 12}, {"source": 0, "target": 13}, {"source": 0, "target": 14}, {"source": 0, "target": 15}, {"source": 0, "target": 5}, {"source": 1, "target": 11}, {"source": 1, "target": 15}, {"source": 1, "target": 5}, {"source": 2, "target": 7}, {"source": 2, "target": 3}, {"source": 2, "target": 17}, {"source": 3, "target": 4}, {"source": 5, "target": 7}, {"source": 5, "target": 10}, {"source": 5, "target": 6}, {"source": 5, "target": 9}, {"source": 5, "target": 17}, {"source": 6, "target": 11}, {"source": 6, "target": 12}, {"source": 6, "target": 13}, {"source": 6, "target": 14}, {"source": 6, "target": 15}, {"source": 7, "target": 11}, {"source": 7, "target": 15}, {"source": 8, "target": 13}, {"source": 8, "target": 14}, {"source": 8, "target": 16}, {"source": 9, "target": 11}, {"source": 9, "target": 12}, {"source": 9, "target": 13}, {"source": 9, "target": 14}, {"source": 9, "target": 15}, {"source": 10, "target": 11}, {"source": 10, "target": 12}, {"source": 10, "target": 13}, {"source": 10, "target": 14}, {"source": 10, "target": 15}, {"source": 10, "target": 16}, {"source": 11, "target": 17}, {"source": 12, "target": 17}, {"source": 13, "target": 17}, {"source": 14, "target": 17}, {"source": 15, "target": 17}, {"source": 16, "target": 17}], "multigraph": false}