{"directed": false, "graph": [], "nodes": [{"name": "lh_pericalcarine", "weight": 0.05887034840461939, "pos": [6, 280], "ts_group_id": 0, "label": "pericalcarine", "input_id": 56, "layer_pos": 2, "y": 280, "x": 6, "brain_side": "left", "id": 192, "func_id": "1"}, {"name": "rh_cuneus", "weight": 0.08852239613577062, "pos": [9, 105], "ts_group_id": 0, "label": "cuneus", "input_id": 21, "layer_pos": 3, "y": 105, "x": 9, "brain_side": "right", "id": 225, "func_id": "1"}, {"name": "lh_cuneus", "weight": 0.075442438815123192, "pos": [9, 275], "ts_group_id": 0, "label": "cuneus", "input_id": 55, "layer_pos": 3, "y": 275, "x": 9, "brain_side": "left", "id": 259, "func_id": "1"}, {"name": "rh_pericalcarine", "weight": 0.15457703321067962, "pos": [0, 110], "ts_group_id": 0, "label": "pericalcarine", "input_id": 22, "layer_pos": 0, "y": 110, "x": 0, "brain_side": "right", "id": 22, "func_id": "1"}, {"name": "lh_cuneus", "weight": 0.071751104104915198, "pos": [12, 275], "ts_group_id": 0, "label": "cuneus", "input_id": 55, "layer_pos": 4, "y": 275, "x": 12, "brain_side": "left", "id": 327, "func_id": "1"}, {"name": "lh_pericalcarine", "weight": 0.047524760910613355, "pos": [12, 280], "ts_group_id": 0, "label": "pericalcarine", "input_id": 56, "layer_pos": 4, "y": 280, "x": 12, "brain_side": "left", "id": 328, "func_id": "1"}, {"name": "lh_cuneus", "weight": 0.048952811289222402, "pos": [15, 275], "ts_group_id": 0, "label": "cuneus", "input_id": 55, "layer_pos": 5, "y": 275, "x": 15, "brain_side": "left", "id": 395, "func_id": "1"}, {"name": "rh_cuneus", "weight": 0.24964402444214384, "pos": [6, 105], "ts_group_id": 0, "label": "cuneus", "input_id": 21, "layer_pos": 2, "y": 105, "x": 6, "brain_side": "right", "id": 157, "func_id": "1"}, {"name": "rh_cuneus", "weight": 0.040882288406161274, "pos": [12, 105], "ts_group_id": 0, "label": "cuneus", "input_id": 21, "layer_pos": 4, "y": 105, "x": 12, "brain_side": "right", "id": 293, "func_id": "1"}, {"name": "rh_cuneus", "weight": 0.46977672858288932, "pos": [0, 105], "ts_group_id": 0, "label": "cuneus", "input_id": 21, "layer_pos": 0, "y": 105, "x": 0, "brain_side": "right", "id": 21, "func_id": "1"}, {"name": "rh_superiorparietal", "weight": 0.057251823717600334, "pos": [3, 90], "ts_group_id": 0, "label": "superiorparietal", "input_id": 18, "layer_pos": 1, "y": 90, "x": 3, "brain_side": "right", "id": 86, "func_id": "3"}, {"name": "lh_cuneus", "weight": 0.41114460008337206, "pos": [0, 275], "ts_group_id": 0, "label": "cuneus", "input_id": 55, "layer_pos": 0, "y": 275, "x": 0, "brain_side": "left", "id": 55, "func_id": "1"}, {"name": "lh_pericalcarine", "weight": 0.074742025890370253, "pos": [0, 280], "ts_group_id": 0, "label": "pericalcarine", "input_id": 56, "layer_pos": 0, "y": 280, "x": 0, "brain_side": "left", "id": 56, "func_id": "1"}, {"name": "rh_cuneus", "weight": 0.41408462434041987, "pos": [3, 105], "ts_group_id": 0, "label": "cuneus", "input_id": 21, "layer_pos": 1, "y": 105, "x": 3, "brain_side": "right", "id": 89, "func_id": "1"}, {"name": "rh_pericalcarine", "weight": 0.093490641113290973, "pos": [3, 110], "ts_group_id": 0, "label": "pericalcarine", "input_id": 22, "layer_pos": 1, "y": 110, "x": 3, "brain_side": "right", "id": 90, "func_id": "1"}, {"name": "lh_cuneus", "weight": 0.42120390349511427, "pos": [3, 275], "ts_group_id": 0, "label": "cuneus", "input_id": 55, "layer_pos": 1, "y": 275, "x": 3, "brain_side": "left", "id": 123, "func_id": "1"}, {"name": "lh_precuneus", "weight": 0.077443883223743057, "pos": [3, 270], "ts_group_id": 0, "label": "precuneus", "input_id": 54, "layer_pos": 1, "y": 270, "x": 3, "brain_side": "left", "id": 122, "func_id": "7"}, {"name": "lh_precuneus", "weight": 0.041597407183924587, "pos": [6, 270], "ts_group_id": 0, "label": "precuneus", "input_id": 54, "layer_pos": 2, "y": 270, "x": 6, "brain_side": "left", "id": 190, "func_id": "7"}, {"name": "lh_cuneus", "weight": 0.28237040857764661, "pos": [6, 275], "ts_group_id": 0, "label": "cuneus", "input_id": 55, "layer_pos": 2, "y": 275, "x": 6, "brain_side": "left", "id": 191, "func_id": "1"}], "links": [{"source": 0, "target": 1}, {"source": 0, "target": 2}, {"source": 0, "target": 10}, {"source": 0, "target": 13}, {"source": 0, "target": 14}, {"source": 0, "target": 15}, {"source": 0, "target": 16}, {"source": 1, "target": 8}, {"source": 1, "target": 4}, {"source": 1, "target": 5}, {"source": 1, "target": 7}, {"source": 1, "target": 17}, {"source": 1, "target": 18}, {"source": 2, "target": 8}, {"source": 2, "target": 4}, {"source": 2, "target": 5}, {"source": 2, "target": 7}, {"source": 2, "target": 17}, {"source": 2, "target": 18}, {"source": 3, "target": 13}, {"source": 3, "target": 14}, {"source": 3, "target": 15}, {"source": 3, "target": 16}, {"source": 3, "target": 10}, {"source": 4, "target": 6}, {"source": 5, "target": 6}, {"source": 6, "target": 8}, {"source": 7, "target": 10}, {"source": 7, "target": 13}, {"source": 7, "target": 14}, {"source": 7, "target": 15}, {"source": 7, "target": 16}, {"source": 9, "target": 13}, {"source": 9, "target": 14}, {"source": 9, "target": 15}, {"source": 9, "target": 16}, {"source": 9, "target": 10}, {"source": 10, "target": 11}, {"source": 10, "target": 12}, {"source": 10, "target": 17}, {"source": 10, "target": 18}, {"source": 11, "target": 13}, {"source": 11, "target": 14}, {"source": 11, "target": 15}, {"source": 11, "target": 16}, {"source": 12, "target": 13}, {"source": 12, "target": 14}, {"source": 12, "target": 15}, {"source": 12, "target": 16}, {"source": 13, "target": 17}, {"source": 13, "target": 18}, {"source": 14, "target": 17}, {"source": 14, "target": 18}, {"source": 15, "target": 17}, {"source": 15, "target": 18}, {"source": 16, "target": 17}, {"source": 16, "target": 18}], "multigraph": false}