{"directed": false, "graph": [], "nodes": [{"name": "lh_paracentral", "weight": 0.062662338423424391, "pos": [15, 225], "ts_group_id": 0, "label": "paracentral", "input_id": 45, "layer_pos": 5, "y": 225, "x": 15, "brain_side": "left", "id": 385, "func_id": "2"}, {"name": "rh_frontalpole", "weight": 0.046620683610267916, "pos": [0, 15], "ts_group_id": 0, "label": "frontalpole", "input_id": 3, "layer_pos": 0, "y": 15, "x": 0, "brain_side": "right", "id": 3, "func_id": "5"}, {"name": "lh_posteriorcingulate", "weight": 0.066203354395181171, "pos": [15, 240], "ts_group_id": 0, "label": "posteriorcingulate", "input_id": 48, "layer_pos": 5, "y": 240, "x": 15, "brain_side": "left", "id": 388, "func_id": "4"}, {"name": "rh_superiorfrontal", "weight": 0.048060149515530864, "pos": [0, 40], "ts_group_id": 0, "label": "superiorfrontal", "input_id": 8, "layer_pos": 0, "y": 40, "x": 0, "brain_side": "right", "id": 8, "func_id": "7"}, {"name": "rh_lateralorbitofrontal", "weight": 0.10584842824239775, "pos": [6, 5], "ts_group_id": 0, "label": "lateralorbitofrontal", "input_id": 1, "layer_pos": 2, "y": 5, "x": 6, "brain_side": "right", "id": 137, "func_id": "5"}, {"name": "rh_medialorbitofrontal", "weight": 0.14887026062692918, "pos": [6, 20], "ts_group_id": 0, "label": "medialorbitofrontal", "input_id": 4, "layer_pos": 2, "y": 20, "x": 6, "brain_side": "right", "id": 140, "func_id": "5"}, {"name": "rh_superiorfrontal", "weight": 0.21261013316820532, "pos": [6, 40], "ts_group_id": 0, "label": "superiorfrontal", "input_id": 8, "layer_pos": 2, "y": 40, "x": 6, "brain_side": "right", "id": 144, "func_id": "7"}, {"name": "rh_lateralorbitofrontal", "weight": 0.23688842354883505, "pos": [12, 5], "ts_group_id": 0, "label": "lateralorbitofrontal", "input_id": 1, "layer_pos": 4, "y": 5, "x": 12, "brain_side": "right", "id": 273, "func_id": "5"}, {"name": "rh_frontalpole", "weight": 0.086418554740809048, "pos": [12, 15], "ts_group_id": 0, "label": "frontalpole", "input_id": 3, "layer_pos": 4, "y": 15, "x": 12, "brain_side": "right", "id": 275, "func_id": "5"}, {"name": "rh_rostralanteriorcingulate", "weight": 0.12205322839571751, "pos": [6, 60], "ts_group_id": 0, "label": "rostralanteriorcingulate", "input_id": 12, "layer_pos": 2, "y": 60, "x": 6, "brain_side": "right", "id": 148, "func_id": "7"}, {"name": "rh_superiorfrontal", "weight": 0.19792587174367593, "pos": [12, 40], "ts_group_id": 0, "label": "superiorfrontal", "input_id": 8, "layer_pos": 4, "y": 40, "x": 12, "brain_side": "right", "id": 280, "func_id": "7"}, {"name": "rh_caudalmiddlefrontal", "weight": 0.051744280194828303, "pos": [12, 45], "ts_group_id": 0, "label": "caudalmiddlefrontal", "input_id": 9, "layer_pos": 4, "y": 45, "x": 12, "brain_side": "right", "id": 281, "func_id": "6"}, {"name": "rh_paracentral", "weight": 0.083768654080120658, "pos": [12, 55], "ts_group_id": 0, "label": "paracentral", "input_id": 11, "layer_pos": 4, "y": 55, "x": 12, "brain_side": "right", "id": 283, "func_id": "2"}, {"name": "rh_posteriorcingulate", "weight": 0.062716364472126432, "pos": [12, 70], "ts_group_id": 0, "label": "posteriorcingulate", "input_id": 14, "layer_pos": 4, "y": 70, "x": 12, "brain_side": "right", "id": 286, "func_id": "4"}, {"name": "lh_paracentral", "weight": 0.058646219161512678, "pos": [18, 225], "ts_group_id": 0, "label": "paracentral", "input_id": 45, "layer_pos": 6, "y": 225, "x": 18, "brain_side": "left", "id": 453, "func_id": "2"}, {"name": "rh_paracentral", "weight": 0.051236252935877621, "pos": [18, 55], "ts_group_id": 0, "label": "paracentral", "input_id": 11, "layer_pos": 6, "y": 55, "x": 18, "brain_side": "right", "id": 419, "func_id": "2"}, {"name": "rh_temporalpole", "weight": 0.18652238356802342, "pos": [6, 140], "ts_group_id": 0, "label": "temporalpole", "input_id": 28, "layer_pos": 2, "y": 140, "x": 6, "brain_side": "right", "id": 164, "func_id": "5"}, {"name": "lh_medialorbitofrontal", "weight": 0.056729144677349193, "pos": [0, 190], "ts_group_id": 0, "label": "medialorbitofrontal", "input_id": 38, "layer_pos": 0, "y": 190, "x": 0, "brain_side": "left", "id": 38, "func_id": "5"}, {"name": "lh_lateralorbitofrontal", "weight": 0.05077182787305571, "pos": [6, 175], "ts_group_id": 0, "label": "lateralorbitofrontal", "input_id": 35, "layer_pos": 2, "y": 175, "x": 6, "brain_side": "left", "id": 171, "func_id": "5"}, {"name": "rh_temporalpole", "weight": 0.12343283068225779, "pos": [12, 140], "ts_group_id": 0, "label": "temporalpole", "input_id": 28, "layer_pos": 4, "y": 140, "x": 12, "brain_side": "right", "id": 300, "func_id": "5"}, {"name": "lh_insula", "weight": 0.060689869496846724, "pos": [12, 340], "ts_group_id": 0, "label": "insula", "input_id": 68, "layer_pos": 4, "y": 340, "x": 12, "brain_side": "left", "id": 340, "func_id": "4"}, {"name": "lh_posteriorcingulate", "weight": 0.048554983876016387, "pos": [18, 240], "ts_group_id": 0, "label": "posteriorcingulate", "input_id": 48, "layer_pos": 6, "y": 240, "x": 18, "brain_side": "left", "id": 456, "func_id": "4"}, {"name": "rh_insula", "weight": 0.056858070638127069, "pos": [12, 170], "ts_group_id": 0, "label": "insula", "input_id": 34, "layer_pos": 4, "y": 170, "x": 12, "brain_side": "right", "id": 306, "func_id": "4"}, {"name": "lh_lateralorbitofrontal", "weight": 0.19955693044901632, "pos": [12, 175], "ts_group_id": 0, "label": "lateralorbitofrontal", "input_id": 35, "layer_pos": 4, "y": 175, "x": 12, "brain_side": "left", "id": 307, "func_id": "5"}, {"name": "lh_frontalpole", "weight": 0.043475967620566547, "pos": [12, 185], "ts_group_id": 0, "label": "frontalpole", "input_id": 37, "layer_pos": 4, "y": 185, "x": 12, "brain_side": "left", "id": 309, "func_id": "5"}, {"name": "lh_medialorbitofrontal", "weight": 0.13268689011480858, "pos": [12, 190], "ts_group_id": 0, "label": "medialorbitofrontal", "input_id": 38, "layer_pos": 4, "y": 190, "x": 12, "brain_side": "left", "id": 310, "func_id": "5"}, {"name": "lh_superiorfrontal", "weight": 0.11897980327185004, "pos": [12, 210], "ts_group_id": 0, "label": "superiorfrontal", "input_id": 42, "layer_pos": 4, "y": 210, "x": 12, "brain_side": "left", "id": 314, "func_id": "7"}, {"name": "lh_paracentral", "weight": 0.08940482005113011, "pos": [12, 225], "ts_group_id": 0, "label": "paracentral", "input_id": 45, "layer_pos": 4, "y": 225, "x": 12, "brain_side": "left", "id": 317, "func_id": "2"}, {"name": "lh_rostralanteriorcingulate", "weight": 0.076760651460187318, "pos": [12, 230], "ts_group_id": 0, "label": "rostralanteriorcingulate", "input_id": 46, "layer_pos": 4, "y": 230, "x": 12, "brain_side": "left", "id": 318, "func_id": "7"}, {"name": "lh_caudalanteriorcingulate", "weight": 0.10062462094835756, "pos": [12, 235], "ts_group_id": 0, "label": "caudalanteriorcingulate", "input_id": 47, "layer_pos": 4, "y": 235, "x": 12, "brain_side": "left", "id": 319, "func_id": "4"}, {"name": "lh_posteriorcingulate", "weight": 0.062716364472126432, "pos": [12, 240], "ts_group_id": 0, "label": "posteriorcingulate", "input_id": 48, "layer_pos": 4, "y": 240, "x": 12, "brain_side": "left", "id": 320, "func_id": "4"}, {"name": "rh_insula", "weight": 0.056953992695982961, "pos": [15, 170], "ts_group_id": 0, "label": "insula", "input_id": 34, "layer_pos": 5, "y": 170, "x": 15, "brain_side": "right", "id": 374, "func_id": "4"}, {"name": "rh_frontalpole", "weight": 0.0420673267080173, "pos": [3, 15], "ts_group_id": 0, "label": "frontalpole", "input_id": 3, "layer_pos": 1, "y": 15, "x": 3, "brain_side": "right", "id": 71, "func_id": "5"}, {"name": "rh_medialorbitofrontal", "weight": 0.053347621254174304, "pos": [3, 20], "ts_group_id": 0, "label": "medialorbitofrontal", "input_id": 4, "layer_pos": 1, "y": 20, "x": 3, "brain_side": "right", "id": 72, "func_id": "5"}, {"name": "rh_lateralorbitofrontal", "weight": 0.27567802002882985, "pos": [9, 5], "ts_group_id": 0, "label": "lateralorbitofrontal", "input_id": 1, "layer_pos": 3, "y": 5, "x": 9, "brain_side": "right", "id": 205, "func_id": "5"}, {"name": "rh_frontalpole", "weight": 0.058460551603377424, "pos": [9, 15], "ts_group_id": 0, "label": "frontalpole", "input_id": 3, "layer_pos": 3, "y": 15, "x": 9, "brain_side": "right", "id": 207, "func_id": "5"}, {"name": "rh_medialorbitofrontal", "weight": 0.25115694973636604, "pos": [9, 20], "ts_group_id": 0, "label": "medialorbitofrontal", "input_id": 4, "layer_pos": 3, "y": 20, "x": 9, "brain_side": "right", "id": 208, "func_id": "5"}, {"name": "rh_rostralmiddlefrontal", "weight": 0.051947964919970863, "pos": [9, 35], "ts_group_id": 0, "label": "rostralmiddlefrontal", "input_id": 7, "layer_pos": 3, "y": 35, "x": 9, "brain_side": "right", "id": 211, "func_id": "6"}, {"name": "rh_superiorfrontal", "weight": 0.31602561792634321, "pos": [9, 40], "ts_group_id": 0, "label": "superiorfrontal", "input_id": 8, "layer_pos": 3, "y": 40, "x": 9, "brain_side": "right", "id": 212, "func_id": "7"}, {"name": "rh_lateralorbitofrontal", "weight": 0.10155169696890264, "pos": [15, 5], "ts_group_id": 0, "label": "lateralorbitofrontal", "input_id": 1, "layer_pos": 5, "y": 5, "x": 15, "brain_side": "right", "id": 341, "func_id": "5"}, {"name": "rh_rostralanteriorcingulate", "weight": 0.13438983101472698, "pos": [9, 60], "ts_group_id": 0, "label": "rostralanteriorcingulate", "input_id": 12, "layer_pos": 3, "y": 60, "x": 9, "brain_side": "right", "id": 216, "func_id": "7"}, {"name": "rh_posteriorcingulate", "weight": 0.075320922792138617, "pos": [9, 70], "ts_group_id": 0, "label": "posteriorcingulate", "input_id": 14, "layer_pos": 3, "y": 70, "x": 9, "brain_side": "right", "id": 218, "func_id": "4"}, {"name": "rh_superiorfrontal", "weight": 0.098269931411442718, "pos": [15, 40], "ts_group_id": 0, "label": "superiorfrontal", "input_id": 8, "layer_pos": 5, "y": 40, "x": 15, "brain_side": "right", "id": 348, "func_id": "7"}, {"name": "lh_medialorbitofrontal", "weight": 0.05709448215686614, "pos": [15, 190], "ts_group_id": 0, "label": "medialorbitofrontal", "input_id": 38, "layer_pos": 5, "y": 190, "x": 15, "brain_side": "left", "id": 378, "func_id": "5"}, {"name": "rh_paracentral", "weight": 0.06683996794166866, "pos": [15, 55], "ts_group_id": 0, "label": "paracentral", "input_id": 11, "layer_pos": 5, "y": 55, "x": 15, "brain_side": "right", "id": 351, "func_id": "2"}, {"name": "lh_insula", "weight": 0.05357216255116666, "pos": [9, 340], "ts_group_id": 0, "label": "insula", "input_id": 68, "layer_pos": 3, "y": 340, "x": 9, "brain_side": "left", "id": 272, "func_id": "4"}, {"name": "rh_posteriorcingulate", "weight": 0.063522085335319986, "pos": [15, 70], "ts_group_id": 0, "label": "posteriorcingulate", "input_id": 14, "layer_pos": 5, "y": 70, "x": 15, "brain_side": "right", "id": 354, "func_id": "4"}, {"name": "rh_posteriorcingulate", "weight": 0.054450395304154756, "pos": [18, 70], "ts_group_id": 0, "label": "posteriorcingulate", "input_id": 14, "layer_pos": 6, "y": 70, "x": 18, "brain_side": "right", "id": 422, "func_id": "4"}, {"name": "rh_temporalpole", "weight": 0.1886061268995313, "pos": [9, 140], "ts_group_id": 0, "label": "temporalpole", "input_id": 28, "layer_pos": 3, "y": 140, "x": 9, "brain_side": "right", "id": 232, "func_id": "5"}, {"name": "lh_medialorbitofrontal", "weight": 0.044265243058087655, "pos": [3, 190], "ts_group_id": 0, "label": "medialorbitofrontal", "input_id": 38, "layer_pos": 1, "y": 190, "x": 3, "brain_side": "left", "id": 106, "func_id": "5"}, {"name": "rh_insula", "weight": 0.075089389792749636, "pos": [9, 170], "ts_group_id": 0, "label": "insula", "input_id": 34, "layer_pos": 3, "y": 170, "x": 9, "brain_side": "right", "id": 238, "func_id": "4"}, {"name": "lh_lateralorbitofrontal", "weight": 0.24414787462838392, "pos": [9, 175], "ts_group_id": 0, "label": "lateralorbitofrontal", "input_id": 35, "layer_pos": 3, "y": 175, "x": 9, "brain_side": "left", "id": 239, "func_id": "5"}, {"name": "lh_medialorbitofrontal", "weight": 0.2304751570657069, "pos": [9, 190], "ts_group_id": 0, "label": "medialorbitofrontal", "input_id": 38, "layer_pos": 3, "y": 190, "x": 9, "brain_side": "left", "id": 242, "func_id": "5"}, {"name": "lh_superiorfrontal", "weight": 0.12392417012606852, "pos": [9, 210], "ts_group_id": 0, "label": "superiorfrontal", "input_id": 42, "layer_pos": 3, "y": 210, "x": 9, "brain_side": "left", "id": 246, "func_id": "7"}, {"name": "rh_medialorbitofrontal", "weight": 0.20045123288746056, "pos": [12, 20], "ts_group_id": 0, "label": "medialorbitofrontal", "input_id": 4, "layer_pos": 4, "y": 20, "x": 12, "brain_side": "right", "id": 276, "func_id": "5"}, {"name": "lh_rostralanteriorcingulate", "weight": 0.066912301354914341, "pos": [9, 230], "ts_group_id": 0, "label": "rostralanteriorcingulate", "input_id": 46, "layer_pos": 3, "y": 230, "x": 9, "brain_side": "left", "id": 250, "func_id": "7"}, {"name": "lh_caudalanteriorcingulate", "weight": 0.046453931352730606, "pos": [9, 235], "ts_group_id": 0, "label": "caudalanteriorcingulate", "input_id": 47, "layer_pos": 3, "y": 235, "x": 9, "brain_side": "left", "id": 251, "func_id": "4"}, {"name": "lh_superiorfrontal", "weight": 0.043431348135251985, "pos": [15, 210], "ts_group_id": 0, "label": "superiorfrontal", "input_id": 42, "layer_pos": 5, "y": 210, "x": 15, "brain_side": "left", "id": 382, "func_id": "7"}], "links": [{"source": 0, "target": 30}, {"source": 0, "target": 15}, {"source": 0, "target": 14}, {"source": 0, "target": 47}, {"source": 0, "target": 21}, {"source": 0, "target": 10}, {"source": 0, "target": 26}, {"source": 0, "target": 12}, {"source": 0, "target": 27}, {"source": 0, "target": 13}, {"source": 1, "target": 33}, {"source": 1, "target": 49}, {"source": 1, "target": 32}, {"source": 2, "target": 30}, {"source": 2, "target": 15}, {"source": 2, "target": 14}, {"source": 2, "target": 47}, {"source": 2, "target": 21}, {"source": 2, "target": 28}, {"source": 2, "target": 25}, {"source": 2, "target": 10}, {"source": 2, "target": 26}, {"source": 2, "target": 12}, {"source": 2, "target": 27}, {"source": 2, "target": 13}, {"source": 2, "target": 29}, {"source": 3, "target": 33}, {"source": 3, "target": 49}, {"source": 4, "target": 32}, {"source": 4, "target": 33}, {"source": 4, "target": 34}, {"source": 4, "target": 50}, {"source": 4, "target": 35}, {"source": 4, "target": 36}, {"source": 4, "target": 48}, {"source": 4, "target": 37}, {"source": 5, "target": 32}, {"source": 5, "target": 33}, {"source": 5, "target": 49}, {"source": 5, "target": 34}, {"source": 5, "target": 35}, {"source": 5, "target": 36}, {"source": 5, "target": 52}, {"source": 5, "target": 38}, {"source": 5, "target": 53}, {"source": 5, "target": 40}, {"source": 5, "target": 55}, {"source": 5, "target": 51}, {"source": 6, "target": 33}, {"source": 6, "target": 49}, {"source": 6, "target": 50}, {"source": 6, "target": 36}, {"source": 6, "target": 52}, {"source": 6, "target": 37}, {"source": 6, "target": 38}, {"source": 6, "target": 53}, {"source": 6, "target": 40}, {"source": 6, "target": 41}, {"source": 6, "target": 56}, {"source": 6, "target": 55}, {"source": 7, "target": 48}, {"source": 7, "target": 34}, {"source": 7, "target": 50}, {"source": 7, "target": 35}, {"source": 7, "target": 36}, {"source": 7, "target": 37}, {"source": 7, "target": 39}, {"source": 7, "target": 31}, {"source": 8, "target": 34}, {"source": 8, "target": 35}, {"source": 8, "target": 36}, {"source": 8, "target": 52}, {"source": 8, "target": 37}, {"source": 8, "target": 39}, {"source": 8, "target": 53}, {"source": 8, "target": 43}, {"source": 8, "target": 57}, {"source": 9, "target": 33}, {"source": 9, "target": 49}, {"source": 9, "target": 36}, {"source": 9, "target": 52}, {"source": 9, "target": 38}, {"source": 9, "target": 53}, {"source": 9, "target": 40}, {"source": 9, "target": 41}, {"source": 9, "target": 55}, {"source": 10, "target": 46}, {"source": 10, "target": 31}, {"source": 10, "target": 43}, {"source": 10, "target": 50}, {"source": 10, "target": 36}, {"source": 10, "target": 52}, {"source": 10, "target": 37}, {"source": 10, "target": 38}, {"source": 10, "target": 53}, {"source": 10, "target": 40}, {"source": 10, "target": 41}, {"source": 10, "target": 56}, {"source": 10, "target": 42}, {"source": 10, "target": 55}, {"source": 10, "target": 57}, {"source": 10, "target": 44}, {"source": 11, "target": 42}, {"source": 11, "target": 37}, {"source": 11, "target": 38}, {"source": 11, "target": 57}, {"source": 11, "target": 53}, {"source": 12, "target": 46}, {"source": 12, "target": 38}, {"source": 12, "target": 53}, {"source": 12, "target": 41}, {"source": 12, "target": 42}, {"source": 12, "target": 57}, {"source": 12, "target": 44}, {"source": 13, "target": 46}, {"source": 13, "target": 38}, {"source": 13, "target": 53}, {"source": 13, "target": 40}, {"source": 13, "target": 41}, {"source": 13, "target": 42}, {"source": 13, "target": 57}, {"source": 13, "target": 44}, {"source": 14, "target": 46}, {"source": 14, "target": 42}, {"source": 14, "target": 57}, {"source": 14, "target": 44}, {"source": 15, "target": 46}, {"source": 15, "target": 42}, {"source": 15, "target": 57}, {"source": 15, "target": 44}, {"source": 16, "target": 48}, {"source": 16, "target": 34}, {"source": 16, "target": 50}, {"source": 17, "target": 33}, {"source": 17, "target": 49}, {"source": 17, "target": 32}, {"source": 18, "target": 45}, {"source": 18, "target": 33}, {"source": 18, "target": 49}, {"source": 18, "target": 51}, {"source": 18, "target": 36}, {"source": 18, "target": 52}, {"source": 19, "target": 48}, {"source": 19, "target": 31}, {"source": 19, "target": 34}, {"source": 19, "target": 50}, {"source": 19, "target": 39}, {"source": 20, "target": 51}, {"source": 20, "target": 45}, {"source": 20, "target": 52}, {"source": 20, "target": 53}, {"source": 20, "target": 43}, {"source": 20, "target": 57}, {"source": 21, "target": 46}, {"source": 21, "target": 43}, {"source": 21, "target": 42}, {"source": 21, "target": 57}, {"source": 21, "target": 44}, {"source": 22, "target": 48}, {"source": 22, "target": 34}, {"source": 22, "target": 50}, {"source": 22, "target": 37}, {"source": 22, "target": 38}, {"source": 22, "target": 39}, {"source": 22, "target": 31}, {"source": 22, "target": 42}, {"source": 23, "target": 36}, {"source": 23, "target": 45}, {"source": 23, "target": 52}, {"source": 23, "target": 43}, {"source": 23, "target": 51}, {"source": 24, "target": 36}, {"source": 24, "target": 42}, {"source": 24, "target": 52}, {"source": 24, "target": 38}, {"source": 24, "target": 43}, {"source": 25, "target": 45}, {"source": 25, "target": 56}, {"source": 25, "target": 51}, {"source": 25, "target": 36}, {"source": 25, "target": 52}, {"source": 25, "target": 38}, {"source": 25, "target": 53}, {"source": 25, "target": 40}, {"source": 25, "target": 55}, {"source": 25, "target": 35}, {"source": 25, "target": 42}, {"source": 25, "target": 43}, {"source": 25, "target": 57}, {"source": 26, "target": 45}, {"source": 26, "target": 46}, {"source": 26, "target": 43}, {"source": 26, "target": 35}, {"source": 26, "target": 36}, {"source": 26, "target": 52}, {"source": 26, "target": 37}, {"source": 26, "target": 38}, {"source": 26, "target": 53}, {"source": 26, "target": 40}, {"source": 26, "target": 41}, {"source": 26, "target": 56}, {"source": 26, "target": 42}, {"source": 26, "target": 55}, {"source": 26, "target": 57}, {"source": 26, "target": 44}, {"source": 27, "target": 46}, {"source": 27, "target": 38}, {"source": 27, "target": 53}, {"source": 27, "target": 41}, {"source": 27, "target": 42}, {"source": 27, "target": 57}, {"source": 27, "target": 44}, {"source": 28, "target": 36}, {"source": 28, "target": 52}, {"source": 28, "target": 38}, {"source": 28, "target": 53}, {"source": 28, "target": 40}, {"source": 28, "target": 55}, {"source": 28, "target": 56}, {"source": 28, "target": 42}, {"source": 28, "target": 43}, {"source": 28, "target": 57}, {"source": 29, "target": 52}, {"source": 29, "target": 38}, {"source": 29, "target": 53}, {"source": 29, "target": 55}, {"source": 29, "target": 56}, {"source": 29, "target": 42}, {"source": 29, "target": 43}, {"source": 29, "target": 57}, {"source": 30, "target": 46}, {"source": 30, "target": 43}, {"source": 30, "target": 52}, {"source": 30, "target": 38}, {"source": 30, "target": 53}, {"source": 30, "target": 55}, {"source": 30, "target": 56}, {"source": 30, "target": 42}, {"source": 30, "target": 41}, {"source": 30, "target": 57}, {"source": 30, "target": 44}, {"source": 34, "target": 54}, {"source": 35, "target": 54}, {"source": 36, "target": 54}, {"source": 38, "target": 54}, {"source": 39, "target": 54}, {"source": 40, "target": 54}, {"source": 42, "target": 47}, {"source": 42, "target": 54}, {"source": 43, "target": 54}, {"source": 44, "target": 47}, {"source": 46, "target": 47}, {"source": 47, "target": 57}, {"source": 51, "target": 54}, {"source": 52, "target": 54}, {"source": 53, "target": 54}, {"source": 54, "target": 55}, {"source": 54, "target": 57}], "multigraph": false}