{"directed": false, "graph": [], "nodes": [{"name": "rh_parsopercularis", "weight": 0.30446569629736314, "pos": [0, 30], "ts_group_id": 0, "label": "parsopercularis", "input_id": 6, "layer_pos": 0, "y": 30, "x": 0, "brain_side": "right", "id": 6, "func_id": "4"}, {"name": "rh_precentral", "weight": 0.12271743669293524, "pos": [0, 50], "ts_group_id": 0, "label": "precentral", "input_id": 10, "layer_pos": 0, "y": 50, "x": 0, "brain_side": "right", "id": 10, "func_id": "2"}, {"name": "rh_parsopercularis", "weight": 0.25024548174233047, "pos": [6, 30], "ts_group_id": 0, "label": "parsopercularis", "input_id": 6, "layer_pos": 2, "y": 30, "x": 6, "brain_side": "right", "id": 142, "func_id": "4"}, {"name": "rh_supramarginal", "weight": 0.3488365933052977, "pos": [0, 85], "ts_group_id": 0, "label": "supramarginal", "input_id": 17, "layer_pos": 0, "y": 85, "x": 0, "brain_side": "right", "id": 17, "func_id": "4"}, {"name": "rh_precentral", "weight": 0.21213110590914419, "pos": [6, 50], "ts_group_id": 0, "label": "precentral", "input_id": 10, "layer_pos": 2, "y": 50, "x": 6, "brain_side": "right", "id": 146, "func_id": "2"}, {"name": "rh_parstriangularis", "weight": 0.062400277749839812, "pos": [12, 25], "ts_group_id": 0, "label": "parstriangularis", "input_id": 5, "layer_pos": 4, "y": 25, "x": 12, "brain_side": "right", "id": 277, "func_id": "4"}, {"name": "rh_supramarginal", "weight": 0.44851245405404949, "pos": [6, 85], "ts_group_id": 0, "label": "supramarginal", "input_id": 17, "layer_pos": 2, "y": 85, "x": 6, "brain_side": "right", "id": 153, "func_id": "4"}, {"name": "rh_precentral", "weight": 0.048420629083411854, "pos": [12, 50], "ts_group_id": 0, "label": "precentral", "input_id": 10, "layer_pos": 4, "y": 50, "x": 12, "brain_side": "right", "id": 282, "func_id": "2"}, {"name": "rh_supramarginal", "weight": 0.054588165075018069, "pos": [12, 85], "ts_group_id": 0, "label": "supramarginal", "input_id": 17, "layer_pos": 4, "y": 85, "x": 12, "brain_side": "right", "id": 289, "func_id": "4"}, {"name": "rh_insula", "weight": 0.13270807536034235, "pos": [0, 170], "ts_group_id": 0, "label": "insula", "input_id": 34, "layer_pos": 0, "y": 170, "x": 0, "brain_side": "right", "id": 34, "func_id": "4"}, {"name": "rh_bankssts", "weight": 0.041621307147938429, "pos": [6, 155], "ts_group_id": 0, "label": "bankssts", "input_id": 31, "layer_pos": 2, "y": 155, "x": 6, "brain_side": "right", "id": 167, "func_id": "2"}, {"name": "rh_transversetemporal", "weight": 0.058260277830039155, "pos": [6, 165], "ts_group_id": 0, "label": "transversetemporal", "input_id": 33, "layer_pos": 2, "y": 165, "x": 6, "brain_side": "right", "id": 169, "func_id": "2"}, {"name": "rh_insula", "weight": 0.15412306205959453, "pos": [6, 170], "ts_group_id": 0, "label": "insula", "input_id": 34, "layer_pos": 2, "y": 170, "x": 6, "brain_side": "right", "id": 170, "func_id": "4"}, {"name": "rh_parsopercularis", "weight": 0.27306881142574663, "pos": [3, 30], "ts_group_id": 0, "label": "parsopercularis", "input_id": 6, "layer_pos": 1, "y": 30, "x": 3, "brain_side": "right", "id": 74, "func_id": "4"}, {"name": "rh_precentral", "weight": 0.1968446360357137, "pos": [3, 50], "ts_group_id": 0, "label": "precentral", "input_id": 10, "layer_pos": 1, "y": 50, "x": 3, "brain_side": "right", "id": 78, "func_id": "2"}, {"name": "rh_parstriangularis", "weight": 0.0451420284573949, "pos": [9, 25], "ts_group_id": 0, "label": "parstriangularis", "input_id": 5, "layer_pos": 3, "y": 25, "x": 9, "brain_side": "right", "id": 209, "func_id": "4"}, {"name": "rh_supramarginal", "weight": 0.41129845150304062, "pos": [3, 85], "ts_group_id": 0, "label": "supramarginal", "input_id": 17, "layer_pos": 1, "y": 85, "x": 3, "brain_side": "right", "id": 85, "func_id": "4"}, {"name": "rh_precentral", "weight": 0.071995898550051493, "pos": [9, 50], "ts_group_id": 0, "label": "precentral", "input_id": 10, "layer_pos": 3, "y": 50, "x": 9, "brain_side": "right", "id": 214, "func_id": "2"}, {"name": "rh_supramarginal", "weight": 0.065354815833449195, "pos": [9, 85], "ts_group_id": 0, "label": "supramarginal", "input_id": 17, "layer_pos": 3, "y": 85, "x": 9, "brain_side": "right", "id": 221, "func_id": "4"}, {"name": "rh_inferiortemporal", "weight": 0.067840060116774181, "pos": [3, 145], "ts_group_id": 0, "label": "inferiortemporal", "input_id": 29, "layer_pos": 1, "y": 145, "x": 3, "brain_side": "right", "id": 97, "func_id": "5"}, {"name": "rh_insula", "weight": 0.24816084316575263, "pos": [3, 170], "ts_group_id": 0, "label": "insula", "input_id": 34, "layer_pos": 1, "y": 170, "x": 3, "brain_side": "right", "id": 102, "func_id": "4"}, {"name": "rh_superiortemporal", "weight": 0.053325117095337299, "pos": [9, 160], "ts_group_id": 0, "label": "superiortemporal", "input_id": 32, "layer_pos": 3, "y": 160, "x": 9, "brain_side": "right", "id": 236, "func_id": "2"}], "links": [{"source": 0, "target": 13}, {"source": 0, "target": 20}, {"source": 0, "target": 16}, {"source": 0, "target": 14}, {"source": 1, "target": 13}, {"source": 1, "target": 20}, {"source": 1, "target": 16}, {"source": 1, "target": 14}, {"source": 2, "target": 20}, {"source": 2, "target": 13}, {"source": 2, "target": 14}, {"source": 2, "target": 15}, {"source": 2, "target": 16}, {"source": 2, "target": 17}, {"source": 2, "target": 18}, {"source": 3, "target": 13}, {"source": 3, "target": 20}, {"source": 3, "target": 16}, {"source": 3, "target": 14}, {"source": 4, "target": 20}, {"source": 4, "target": 13}, {"source": 4, "target": 14}, {"source": 4, "target": 15}, {"source": 4, "target": 16}, {"source": 4, "target": 17}, {"source": 4, "target": 18}, {"source": 5, "target": 15}, {"source": 5, "target": 18}, {"source": 5, "target": 17}, {"source": 6, "target": 20}, {"source": 6, "target": 13}, {"source": 6, "target": 21}, {"source": 6, "target": 14}, {"source": 6, "target": 15}, {"source": 6, "target": 16}, {"source": 6, "target": 17}, {"source": 6, "target": 18}, {"source": 7, "target": 15}, {"source": 7, "target": 18}, {"source": 7, "target": 17}, {"source": 8, "target": 15}, {"source": 8, "target": 21}, {"source": 8, "target": 18}, {"source": 8, "target": 17}, {"source": 9, "target": 19}, {"source": 9, "target": 13}, {"source": 9, "target": 20}, {"source": 9, "target": 16}, {"source": 9, "target": 14}, {"source": 10, "target": 21}, {"source": 10, "target": 16}, {"source": 10, "target": 20}, {"source": 10, "target": 18}, {"source": 11, "target": 21}, {"source": 11, "target": 16}, {"source": 11, "target": 20}, {"source": 11, "target": 18}, {"source": 12, "target": 19}, {"source": 12, "target": 20}, {"source": 12, "target": 13}, {"source": 12, "target": 21}, {"source": 12, "target": 14}, {"source": 12, "target": 15}, {"source": 12, "target": 16}, {"source": 12, "target": 17}, {"source": 12, "target": 18}], "multigraph": false}