{"directed": false, "graph": [], "nodes": [{"name": "lh_posteriorcingulate", "weight": 0.43017024383034008, "pos": [0, 240], "ts_group_id": 0, "label": "posteriorcingulate", "input_id": 48, "layer_pos": 0, "y": 240, "x": 0, "brain_side": "left", "id": 48, "func_id": "4"}, {"name": "rh_posteriorcingulate", "weight": 0.29300042817383859, "pos": [6, 70], "ts_group_id": 0, "label": "posteriorcingulate", "input_id": 14, "layer_pos": 2, "y": 70, "x": 6, "brain_side": "right", "id": 150, "func_id": "4"}, {"name": "rh_posteriorcingulate", "weight": 0.48195269976923738, "pos": [0, 70], "ts_group_id": 0, "label": "posteriorcingulate", "input_id": 14, "layer_pos": 0, "y": 70, "x": 0, "brain_side": "right", "id": 14, "func_id": "4"}, {"name": "lh_precentral", "weight": 0.065662602670963438, "pos": [3, 220], "ts_group_id": 0, "label": "precentral", "input_id": 44, "layer_pos": 1, "y": 220, "x": 3, "brain_side": "left", "id": 112, "func_id": "2"}, {"name": "rh_posteriorcingulate", "weight": 0.46048339706474917, "pos": [3, 70], "ts_group_id": 0, "label": "posteriorcingulate", "input_id": 14, "layer_pos": 1, "y": 70, "x": 3, "brain_side": "right", "id": 82, "func_id": "4"}, {"name": "lh_posteriorcingulate", "weight": 0.40714457543469296, "pos": [3, 240], "ts_group_id": 0, "label": "posteriorcingulate", "input_id": 48, "layer_pos": 1, "y": 240, "x": 3, "brain_side": "left", "id": 116, "func_id": "4"}, {"name": "lh_postcentral", "weight": 0.042943544595498664, "pos": [3, 250], "ts_group_id": 0, "label": "postcentral", "input_id": 50, "layer_pos": 1, "y": 250, "x": 3, "brain_side": "left", "id": 118, "func_id": "2"}, {"name": "lh_posteriorcingulate", "weight": 0.23730050607783362, "pos": [6, 240], "ts_group_id": 0, "label": "posteriorcingulate", "input_id": 48, "layer_pos": 2, "y": 240, "x": 6, "brain_side": "left", "id": 184, "func_id": "4"}, {"name": "rh_posteriorcingulate", "weight": 0.09212113311023637, "pos": [9, 70], "ts_group_id": 0, "label": "posteriorcingulate", "input_id": 14, "layer_pos": 3, "y": 70, "x": 9, "brain_side": "right", "id": 218, "func_id": "4"}, {"name": "rh_paracentral", "weight": 0.043686462240373404, "pos": [12, 55], "ts_group_id": 0, "label": "paracentral", "input_id": 11, "layer_pos": 4, "y": 55, "x": 12, "brain_side": "right", "id": 283, "func_id": "2"}, {"name": "lh_posteriorcingulate", "weight": 0.10933464560107554, "pos": [9, 240], "ts_group_id": 0, "label": "posteriorcingulate", "input_id": 48, "layer_pos": 3, "y": 240, "x": 9, "brain_side": "left", "id": 252, "func_id": "4"}], "links": [{"source": 0, "target": 3}, {"source": 0, "target": 4}, {"source": 0, "target": 5}, {"source": 1, "target": 3}, {"source": 1, "target": 4}, {"source": 1, "target": 5}, {"source": 1, "target": 6}, {"source": 1, "target": 8}, {"source": 1, "target": 10}, {"source": 2, "target": 3}, {"source": 2, "target": 4}, {"source": 2, "target": 5}, {"source": 2, "target": 6}, {"source": 3, "target": 7}, {"source": 4, "target": 7}, {"source": 5, "target": 7}, {"source": 7, "target": 10}, {"source": 7, "target": 8}, {"source": 8, "target": 9}, {"source": 9, "target": 10}], "multigraph": false}