{"directed": false, "graph": [], "nodes": [{"name": "rh_inferiorparietal", "weight": 0.060457746414154238, "pos": [6, 95], "ts_group_id": 0, "label": "inferiorparietal", "input_id": 19, "layer_pos": 2, "y": 95, "x": 6, "brain_side": "right", "id": 155, "func_id": "7"}, {"name": "rh_inferiortemporal", "weight": 0.066325763852326233, "pos": [0, 145], "ts_group_id": 0, "label": "inferiortemporal", "input_id": 29, "layer_pos": 0, "y": 145, "x": 0, "brain_side": "right", "id": 29, "func_id": "5"}, {"name": "rh_middletemporal", "weight": 0.42364170977326376, "pos": [0, 150], "ts_group_id": 0, "label": "middletemporal", "input_id": 30, "layer_pos": 0, "y": 150, "x": 0, "brain_side": "right", "id": 30, "func_id": "7"}, {"name": "rh_bankssts", "weight": 0.28707411391080834, "pos": [0, 155], "ts_group_id": 0, "label": "bankssts", "input_id": 31, "layer_pos": 0, "y": 155, "x": 0, "brain_side": "right", "id": 31, "func_id": "2"}, {"name": "rh_superiortemporal", "weight": 0.11898538089428677, "pos": [0, 160], "ts_group_id": 0, "label": "superiortemporal", "input_id": 32, "layer_pos": 0, "y": 160, "x": 0, "brain_side": "right", "id": 32, "func_id": "2"}, {"name": "rh_fusiform", "weight": 0.061838931433791482, "pos": [6, 125], "ts_group_id": 0, "label": "fusiform", "input_id": 25, "layer_pos": 2, "y": 125, "x": 6, "brain_side": "right", "id": 161, "func_id": "1"}, {"name": "rh_insula", "weight": 0.046282205292704708, "pos": [0, 170], "ts_group_id": 0, "label": "insula", "input_id": 34, "layer_pos": 0, "y": 170, "x": 0, "brain_side": "right", "id": 34, "func_id": "4"}, {"name": "rh_inferiortemporal", "weight": 0.065696231194267332, "pos": [6, 145], "ts_group_id": 0, "label": "inferiortemporal", "input_id": 29, "layer_pos": 2, "y": 145, "x": 6, "brain_side": "right", "id": 165, "func_id": "5"}, {"name": "rh_middletemporal", "weight": 0.40298704787446099, "pos": [6, 150], "ts_group_id": 0, "label": "middletemporal", "input_id": 30, "layer_pos": 2, "y": 150, "x": 6, "brain_side": "right", "id": 166, "func_id": "7"}, {"name": "rh_bankssts", "weight": 0.34451538567686674, "pos": [6, 155], "ts_group_id": 0, "label": "bankssts", "input_id": 31, "layer_pos": 2, "y": 155, "x": 6, "brain_side": "right", "id": 167, "func_id": "2"}, {"name": "rh_superiortemporal", "weight": 0.07090221954566979, "pos": [6, 160], "ts_group_id": 0, "label": "superiortemporal", "input_id": 32, "layer_pos": 2, "y": 160, "x": 6, "brain_side": "right", "id": 168, "func_id": "2"}, {"name": "rh_fusiform", "weight": 0.046118902615886269, "pos": [12, 125], "ts_group_id": 0, "label": "fusiform", "input_id": 25, "layer_pos": 4, "y": 125, "x": 12, "brain_side": "right", "id": 297, "func_id": "1"}, {"name": "rh_insula", "weight": 0.04148149062168547, "pos": [6, 170], "ts_group_id": 0, "label": "insula", "input_id": 34, "layer_pos": 2, "y": 170, "x": 6, "brain_side": "right", "id": 170, "func_id": "4"}, {"name": "rh_middletemporal", "weight": 0.068433171487087482, "pos": [12, 150], "ts_group_id": 0, "label": "middletemporal", "input_id": 30, "layer_pos": 4, "y": 150, "x": 12, "brain_side": "right", "id": 302, "func_id": "7"}, {"name": "rh_caudalmiddlefrontal", "weight": 0.04723283468758923, "pos": [3, 45], "ts_group_id": 0, "label": "caudalmiddlefrontal", "input_id": 9, "layer_pos": 1, "y": 45, "x": 3, "brain_side": "right", "id": 77, "func_id": "6"}, {"name": "rh_inferiorparietal", "weight": 0.059826329159909805, "pos": [3, 95], "ts_group_id": 0, "label": "inferiorparietal", "input_id": 19, "layer_pos": 1, "y": 95, "x": 3, "brain_side": "right", "id": 87, "func_id": "7"}, {"name": "rh_temporalpole", "weight": 0.046929335955427226, "pos": [3, 140], "ts_group_id": 0, "label": "temporalpole", "input_id": 28, "layer_pos": 1, "y": 140, "x": 3, "brain_side": "right", "id": 96, "func_id": "5"}, {"name": "rh_inferiortemporal", "weight": 0.11154646190423786, "pos": [3, 145], "ts_group_id": 0, "label": "inferiortemporal", "input_id": 29, "layer_pos": 1, "y": 145, "x": 3, "brain_side": "right", "id": 97, "func_id": "5"}, {"name": "rh_middletemporal", "weight": 0.36878616592946289, "pos": [3, 150], "ts_group_id": 0, "label": "middletemporal", "input_id": 30, "layer_pos": 1, "y": 150, "x": 3, "brain_side": "right", "id": 98, "func_id": "7"}, {"name": "rh_bankssts", "weight": 0.40728198884748601, "pos": [3, 155], "ts_group_id": 0, "label": "bankssts", "input_id": 31, "layer_pos": 1, "y": 155, "x": 3, "brain_side": "right", "id": 99, "func_id": "2"}, {"name": "rh_superiortemporal", "weight": 0.12735474116554013, "pos": [3, 160], "ts_group_id": 0, "label": "superiortemporal", "input_id": 32, "layer_pos": 1, "y": 160, "x": 3, "brain_side": "right", "id": 100, "func_id": "2"}, {"name": "rh_fusiform", "weight": 0.079159404288902224, "pos": [9, 125], "ts_group_id": 0, "label": "fusiform", "input_id": 25, "layer_pos": 3, "y": 125, "x": 9, "brain_side": "right", "id": 229, "func_id": "1"}, {"name": "rh_insula", "weight": 0.046645980976317801, "pos": [3, 170], "ts_group_id": 0, "label": "insula", "input_id": 34, "layer_pos": 1, "y": 170, "x": 3, "brain_side": "right", "id": 102, "func_id": "4"}, {"name": "rh_middletemporal", "weight": 0.1312955604265002, "pos": [9, 150], "ts_group_id": 0, "label": "middletemporal", "input_id": 30, "layer_pos": 3, "y": 150, "x": 9, "brain_side": "right", "id": 234, "func_id": "7"}, {"name": "rh_bankssts", "weight": 0.11530627889445266, "pos": [9, 155], "ts_group_id": 0, "label": "bankssts", "input_id": 31, "layer_pos": 3, "y": 155, "x": 9, "brain_side": "right", "id": 235, "func_id": "2"}], "links": [{"source": 0, "target": 17}, {"source": 0, "target": 18}, {"source": 0, "target": 19}, {"source": 0, "target": 20}, {"source": 0, "target": 21}, {"source": 0, "target": 22}, {"source": 0, "target": 23}, {"source": 0, "target": 24}, {"source": 0, "target": 14}, {"source": 0, "target": 15}, {"source": 1, "target": 16}, {"source": 1, "target": 17}, {"source": 1, "target": 18}, {"source": 1, "target": 20}, {"source": 1, "target": 22}, {"source": 1, "target": 14}, {"source": 1, "target": 15}, {"source": 2, "target": 17}, {"source": 2, "target": 18}, {"source": 2, "target": 19}, {"source": 2, "target": 20}, {"source": 2, "target": 22}, {"source": 2, "target": 14}, {"source": 2, "target": 15}, {"source": 3, "target": 18}, {"source": 3, "target": 19}, {"source": 3, "target": 20}, {"source": 3, "target": 22}, {"source": 3, "target": 15}, {"source": 4, "target": 17}, {"source": 4, "target": 18}, {"source": 4, "target": 19}, {"source": 4, "target": 20}, {"source": 4, "target": 22}, {"source": 4, "target": 15}, {"source": 5, "target": 16}, {"source": 5, "target": 17}, {"source": 5, "target": 18}, {"source": 5, "target": 20}, {"source": 5, "target": 21}, {"source": 5, "target": 23}, {"source": 5, "target": 15}, {"source": 6, "target": 16}, {"source": 6, "target": 17}, {"source": 6, "target": 18}, {"source": 6, "target": 19}, {"source": 6, "target": 20}, {"source": 6, "target": 22}, {"source": 6, "target": 15}, {"source": 7, "target": 16}, {"source": 7, "target": 17}, {"source": 7, "target": 18}, {"source": 7, "target": 20}, {"source": 7, "target": 21}, {"source": 7, "target": 22}, {"source": 7, "target": 23}, {"source": 7, "target": 14}, {"source": 7, "target": 15}, {"source": 8, "target": 17}, {"source": 8, "target": 18}, {"source": 8, "target": 19}, {"source": 8, "target": 20}, {"source": 8, "target": 21}, {"source": 8, "target": 22}, {"source": 8, "target": 23}, {"source": 8, "target": 24}, {"source": 8, "target": 14}, {"source": 8, "target": 15}, {"source": 9, "target": 18}, {"source": 9, "target": 19}, {"source": 9, "target": 20}, {"source": 9, "target": 22}, {"source": 9, "target": 23}, {"source": 9, "target": 24}, {"source": 9, "target": 15}, {"source": 10, "target": 17}, {"source": 10, "target": 18}, {"source": 10, "target": 19}, {"source": 10, "target": 20}, {"source": 10, "target": 21}, {"source": 10, "target": 22}, {"source": 10, "target": 23}, {"source": 10, "target": 24}, {"source": 10, "target": 15}, {"source": 11, "target": 23}, {"source": 11, "target": 21}, {"source": 12, "target": 16}, {"source": 12, "target": 17}, {"source": 12, "target": 18}, {"source": 12, "target": 19}, {"source": 12, "target": 20}, {"source": 12, "target": 22}, {"source": 12, "target": 23}, {"source": 12, "target": 24}, {"source": 12, "target": 15}, {"source": 13, "target": 23}, {"source": 13, "target": 24}, {"source": 13, "target": 21}], "multigraph": false}