{"directed": false, "graph": [], "nodes": [{"name": "rh_fusiform", "weight": 0.18604651162790697, "pos": [6, 125], "ts_group_id": 0, "label": "fusiform", "input_id": 25, "layer_pos": 2, "y": 125, "x": 6, "brain_side": "right", "id": 161, "func_id": "1"}, {"name": "lh_fusiform", "weight": 0.18604651162790697, "pos": [6, 295], "ts_group_id": 0, "label": "fusiform", "input_id": 59, "layer_pos": 2, "y": 295, "x": 6, "brain_side": "left", "id": 195, "func_id": "1"}, {"name": "lh_lateraloccipital", "weight": 0.2558139534883721, "pos": [9, 285], "ts_group_id": 0, "label": "lateraloccipital", "input_id": 57, "layer_pos": 3, "y": 285, "x": 9, "brain_side": "left", "id": 261, "func_id": "1"}, {"name": "lh_lateraloccipital", "weight": 0.46511627906976744, "pos": [6, 285], "ts_group_id": 0, "label": "lateraloccipital", "input_id": 57, "layer_pos": 2, "y": 285, "x": 6, "brain_side": "left", "id": 193, "func_id": "1"}, {"name": "lh_lateraloccipital", "weight": 0.18604651162790697, "pos": [12, 285], "ts_group_id": 0, "label": "lateraloccipital", "input_id": 57, "layer_pos": 4, "y": 285, "x": 12, "brain_side": "left", "id": 329, "func_id": "1"}, {"name": "rh_lateraloccipital", "weight": 0.5348837209302325, "pos": [0, 115], "ts_group_id": 0, "label": "lateraloccipital", "input_id": 23, "layer_pos": 0, "y": 115, "x": 0, "brain_side": "right", "id": 23, "func_id": "1"}, {"name": "rh_lateraloccipital", "weight": 0.6046511627906976, "pos": [6, 115], "ts_group_id": 0, "label": "lateraloccipital", "input_id": 23, "layer_pos": 2, "y": 115, "x": 6, "brain_side": "right", "id": 159, "func_id": "1"}, {"name": "rh_fusiform", "weight": 0.3023255813953488, "pos": [3, 125], "ts_group_id": 0, "label": "fusiform", "input_id": 25, "layer_pos": 1, "y": 125, "x": 3, "brain_side": "right", "id": 93, "func_id": "1"}, {"name": "rh_lateraloccipital", "weight": 0.3023255813953488, "pos": [9, 115], "ts_group_id": 0, "label": "lateraloccipital", "input_id": 23, "layer_pos": 3, "y": 115, "x": 9, "brain_side": "right", "id": 227, "func_id": "1"}, {"name": "lh_lateraloccipital", "weight": 0.4883720930232558, "pos": [0, 285], "ts_group_id": 0, "label": "lateraloccipital", "input_id": 57, "layer_pos": 0, "y": 285, "x": 0, "brain_side": "left", "id": 57, "func_id": "1"}, {"name": "rh_fusiform", "weight": 0.20930232558139536, "pos": [0, 125], "ts_group_id": 0, "label": "fusiform", "input_id": 25, "layer_pos": 0, "y": 125, "x": 0, "brain_side": "right", "id": 25, "func_id": "1"}, {"name": "rh_lateraloccipital", "weight": 0.6046511627906976, "pos": [3, 115], "ts_group_id": 0, "label": "lateraloccipital", "input_id": 23, "layer_pos": 1, "y": 115, "x": 3, "brain_side": "right", "id": 91, "func_id": "1"}, {"name": "lh_lateraloccipital", "weight": 0.7441860465116279, "pos": [3, 285], "ts_group_id": 0, "label": "lateraloccipital", "input_id": 57, "layer_pos": 1, "y": 285, "x": 3, "brain_side": "left", "id": 125, "func_id": "1"}, {"name": "lh_fusiform", "weight": 0.23255813953488372, "pos": [3, 295], "ts_group_id": 0, "label": "fusiform", "input_id": 59, "layer_pos": 1, "y": 295, "x": 3, "brain_side": "left", "id": 127, "func_id": "1"}], "links": [{"source": 0, "target": 11}, {"source": 0, "target": 7}, {"source": 0, "target": 8}, {"source": 1, "target": 2}, {"source": 1, "target": 12}, {"source": 1, "target": 13}, {"source": 2, "target": 3}, {"source": 2, "target": 4}, {"source": 2, "target": 6}, {"source": 3, "target": 11}, {"source": 3, "target": 8}, {"source": 3, "target": 12}, {"source": 3, "target": 13}, {"source": 4, "target": 8}, {"source": 5, "target": 11}, {"source": 5, "target": 7}, {"source": 5, "target": 12}, {"source": 6, "target": 11}, {"source": 6, "target": 8}, {"source": 6, "target": 7}, {"source": 6, "target": 12}, {"source": 7, "target": 10}, {"source": 9, "target": 11}, {"source": 9, "target": 12}, {"source": 9, "target": 13}, {"source": 10, "target": 11}], "multigraph": false}