{"directed": false, "graph": [], "nodes": [{"name": "rh_isthmuscingulate", "weight": 0.5384615384615384, "pos": [0, 75], "ts_group_id": 0, "label": "isthmuscingulate", "input_id": 15, "layer_pos": 0, "y": 75, "x": 0, "brain_side": "right", "id": 15, "func_id": "7"}, {"name": "lh_isthmuscingulate", "weight": 0.5192307692307693, "pos": [0, 245], "ts_group_id": 0, "label": "isthmuscingulate", "input_id": 49, "layer_pos": 0, "y": 245, "x": 0, "brain_side": "left", "id": 49, "func_id": "7"}, {"name": "rh_isthmuscingulate", "weight": 0.6923076923076923, "pos": [3, 75], "ts_group_id": 0, "label": "isthmuscingulate", "input_id": 15, "layer_pos": 1, "y": 75, "x": 3, "brain_side": "right", "id": 83, "func_id": "7"}, {"name": "lh_isthmuscingulate", "weight": 0.75, "pos": [3, 245], "ts_group_id": 0, "label": "isthmuscingulate", "input_id": 49, "layer_pos": 1, "y": 245, "x": 3, "brain_side": "left", "id": 117, "func_id": "7"}, {"name": "rh_isthmuscingulate", "weight": 0.6346153846153846, "pos": [6, 75], "ts_group_id": 0, "label": "isthmuscingulate", "input_id": 15, "layer_pos": 2, "y": 75, "x": 6, "brain_side": "right", "id": 151, "func_id": "7"}, {"name": "lh_isthmuscingulate", "weight": 0.6346153846153846, "pos": [6, 245], "ts_group_id": 0, "label": "isthmuscingulate", "input_id": 49, "layer_pos": 2, "y": 245, "x": 6, "brain_side": "left", "id": 185, "func_id": "7"}, {"name": "rh_isthmuscingulate", "weight": 0.25, "pos": [9, 75], "ts_group_id": 0, "label": "isthmuscingulate", "input_id": 15, "layer_pos": 3, "y": 75, "x": 9, "brain_side": "right", "id": 219, "func_id": "7"}, {"name": "lh_isthmuscingulate", "weight": 0.3269230769230769, "pos": [9, 245], "ts_group_id": 0, "label": "isthmuscingulate", "input_id": 49, "layer_pos": 3, "y": 245, "x": 9, "brain_side": "left", "id": 253, "func_id": "7"}], "links": [{"source": 0, "target": 2}, {"source": 0, "target": 3}, {"source": 1, "target": 2}, {"source": 1, "target": 3}, {"source": 2, "target": 4}, {"source": 2, "target": 5}, {"source": 3, "target": 4}, {"source": 3, "target": 5}, {"source": 4, "target": 6}, {"source": 4, "target": 7}, {"source": 5, "target": 6}, {"source": 5, "target": 7}], "multigraph": false}