{"directed": false, "graph": [], "nodes": [{"name": "rh_parstriangularis", "weight": 0.5471698113207547, "pos": [0, 25], "ts_group_id": 0, "label": "parstriangularis", "input_id": 5, "layer_pos": 0, "y": 25, "x": 0, "brain_side": "right", "id": 5, "func_id": "4"}, {"name": "rh_parsopercularis", "weight": 0.6792452830188679, "pos": [0, 30], "ts_group_id": 0, "label": "parsopercularis", "input_id": 6, "layer_pos": 0, "y": 30, "x": 0, "brain_side": "right", "id": 6, "func_id": "4"}, {"name": "rh_parstriangularis", "weight": 0.5660377358490566, "pos": [3, 25], "ts_group_id": 0, "label": "parstriangularis", "input_id": 5, "layer_pos": 1, "y": 25, "x": 3, "brain_side": "right", "id": 73, "func_id": "4"}, {"name": "rh_parsopercularis", "weight": 0.7924528301886793, "pos": [3, 30], "ts_group_id": 0, "label": "parsopercularis", "input_id": 6, "layer_pos": 1, "y": 30, "x": 3, "brain_side": "right", "id": 74, "func_id": "4"}, {"name": "rh_parstriangularis", "weight": 0.5094339622641509, "pos": [6, 25], "ts_group_id": 0, "label": "parstriangularis", "input_id": 5, "layer_pos": 2, "y": 25, "x": 6, "brain_side": "right", "id": 141, "func_id": "4"}, {"name": "rh_parsopercularis", "weight": 0.6415094339622641, "pos": [6, 30], "ts_group_id": 0, "label": "parsopercularis", "input_id": 6, "layer_pos": 2, "y": 30, "x": 6, "brain_side": "right", "id": 142, "func_id": "4"}, {"name": "rh_parstriangularis", "weight": 0.22641509433962265, "pos": [9, 25], "ts_group_id": 0, "label": "parstriangularis", "input_id": 5, "layer_pos": 3, "y": 25, "x": 9, "brain_side": "right", "id": 209, "func_id": "4"}, {"name": "rh_parsopercularis", "weight": 0.2830188679245283, "pos": [9, 30], "ts_group_id": 0, "label": "parsopercularis", "input_id": 6, "layer_pos": 3, "y": 30, "x": 9, "brain_side": "right", "id": 210, "func_id": "4"}, {"name": "rh_parsorbitalis", "weight": 0.20754716981132076, "pos": [3, 10], "ts_group_id": 0, "label": "parsorbitalis", "input_id": 2, "layer_pos": 1, "y": 10, "x": 3, "brain_side": "right", "id": 70, "func_id": "7"}], "links": [{"source": 0, "target": 2}, {"source": 0, "target": 3}, {"source": 0, "target": 8}, {"source": 1, "target": 2}, {"source": 1, "target": 3}, {"source": 2, "target": 5}, {"source": 2, "target": 4}, {"source": 3, "target": 5}, {"source": 3, "target": 4}, {"source": 4, "target": 7}, {"source": 4, "target": 8}, {"source": 4, "target": 6}, {"source": 5, "target": 7}, {"source": 5, "target": 6}], "multigraph": false}