{"directed": false, "graph": [], "nodes": [{"name": "lh_middletemporal", "weight": 0.7272727272727273, "pos": [0, 320], "ts_group_id": 0, "label": "middletemporal", "input_id": 64, "layer_pos": 0, "y": 320, "x": 0, "brain_side": "left", "id": 64, "func_id": "7"}, {"name": "lh_bankssts", "weight": 0.22727272727272727, "pos": [0, 325], "ts_group_id": 0, "label": "bankssts", "input_id": 65, "layer_pos": 0, "y": 325, "x": 0, "brain_side": "left", "id": 65, "func_id": "7"}, {"name": "lh_inferiortemporal", "weight": 0.38636363636363635, "pos": [3, 315], "ts_group_id": 0, "label": "inferiortemporal", "input_id": 63, "layer_pos": 1, "y": 315, "x": 3, "brain_side": "left", "id": 131, "func_id": "5"}, {"name": "lh_middletemporal", "weight": 0.7272727272727273, "pos": [3, 320], "ts_group_id": 0, "label": "middletemporal", "input_id": 64, "layer_pos": 1, "y": 320, "x": 3, "brain_side": "left", "id": 132, "func_id": "7"}, {"name": "lh_bankssts", "weight": 0.29545454545454547, "pos": [3, 325], "ts_group_id": 0, "label": "bankssts", "input_id": 65, "layer_pos": 1, "y": 325, "x": 3, "brain_side": "left", "id": 133, "func_id": "7"}, {"name": "lh_inferiortemporal", "weight": 0.25, "pos": [6, 315], "ts_group_id": 0, "label": "inferiortemporal", "input_id": 63, "layer_pos": 2, "y": 315, "x": 6, "brain_side": "left", "id": 199, "func_id": "5"}, {"name": "lh_middletemporal", "weight": 0.5681818181818182, "pos": [6, 320], "ts_group_id": 0, "label": "middletemporal", "input_id": 64, "layer_pos": 2, "y": 320, "x": 6, "brain_side": "left", "id": 200, "func_id": "7"}, {"name": "lh_bankssts", "weight": 0.18181818181818182, "pos": [6, 325], "ts_group_id": 0, "label": "bankssts", "input_id": 65, "layer_pos": 2, "y": 325, "x": 6, "brain_side": "left", "id": 201, "func_id": "7"}, {"name": "lh_middletemporal", "weight": 0.25, "pos": [9, 320], "ts_group_id": 0, "label": "middletemporal", "input_id": 64, "layer_pos": 3, "y": 320, "x": 9, "brain_side": "left", "id": 268, "func_id": "7"}, {"name": "lh_inferiortemporal", "weight": 0.2727272727272727, "pos": [0, 315], "ts_group_id": 0, "label": "inferiortemporal", "input_id": 63, "layer_pos": 0, "y": 315, "x": 0, "brain_side": "left", "id": 63, "func_id": "5"}], "links": [{"source": 0, "target": 2}, {"source": 0, "target": 3}, {"source": 0, "target": 4}, {"source": 1, "target": 3}, {"source": 1, "target": 4}, {"source": 2, "target": 6}, {"source": 2, "target": 5}, {"source": 2, "target": 9}, {"source": 3, "target": 5}, {"source": 3, "target": 6}, {"source": 3, "target": 7}, {"source": 3, "target": 9}, {"source": 4, "target": 6}, {"source": 4, "target": 7}, {"source": 5, "target": 8}, {"source": 6, "target": 8}, {"source": 7, "target": 8}], "multigraph": false}