{"directed": false, "graph": [], "nodes": [{"name": "lh_parsorbitalis", "weight": 0.3695652173913043, "pos": [9, 180], "ts_group_id": 0, "label": "parsorbitalis", "input_id": 36, "layer_pos": 3, "y": 180, "x": 9, "brain_side": "left", "id": 240, "func_id": "7"}, {"name": "lh_lateralorbitofrontal", "weight": 0.1956521739130435, "pos": [6, 175], "ts_group_id": 0, "label": "lateralorbitofrontal", "input_id": 35, "layer_pos": 2, "y": 175, "x": 6, "brain_side": "left", "id": 171, "func_id": "5"}, {"name": "lh_parsorbitalis", "weight": 0.717391304347826, "pos": [0, 180], "ts_group_id": 0, "label": "parsorbitalis", "input_id": 36, "layer_pos": 0, "y": 180, "x": 0, "brain_side": "left", "id": 36, "func_id": "7"}, {"name": "lh_parstriangularis", "weight": 0.5652173913043478, "pos": [0, 195], "ts_group_id": 0, "label": "parstriangularis", "input_id": 39, "layer_pos": 0, "y": 195, "x": 0, "brain_side": "left", "id": 39, "func_id": "7"}, {"name": "lh_parsorbitalis", "weight": 0.7608695652173914, "pos": [3, 180], "ts_group_id": 0, "label": "parsorbitalis", "input_id": 36, "layer_pos": 1, "y": 180, "x": 3, "brain_side": "left", "id": 104, "func_id": "7"}, {"name": "lh_parsorbitalis", "weight": 0.7608695652173914, "pos": [6, 180], "ts_group_id": 0, "label": "parsorbitalis", "input_id": 36, "layer_pos": 2, "y": 180, "x": 6, "brain_side": "left", "id": 172, "func_id": "7"}, {"name": "lh_parstriangularis", "weight": 0.717391304347826, "pos": [3, 195], "ts_group_id": 0, "label": "parstriangularis", "input_id": 39, "layer_pos": 1, "y": 195, "x": 3, "brain_side": "left", "id": 107, "func_id": "7"}, {"name": "lh_parsopercularis", "weight": 0.3695652173913043, "pos": [3, 200], "ts_group_id": 0, "label": "parsopercularis", "input_id": 40, "layer_pos": 1, "y": 200, "x": 3, "brain_side": "left", "id": 108, "func_id": "4"}, {"name": "lh_parstriangularis", "weight": 0.6739130434782609, "pos": [6, 195], "ts_group_id": 0, "label": "parstriangularis", "input_id": 39, "layer_pos": 2, "y": 195, "x": 6, "brain_side": "left", "id": 175, "func_id": "7"}, {"name": "lh_parsopercularis", "weight": 0.32608695652173914, "pos": [6, 200], "ts_group_id": 0, "label": "parsopercularis", "input_id": 40, "layer_pos": 2, "y": 200, "x": 6, "brain_side": "left", "id": 176, "func_id": "4"}, {"name": "lh_parsopercularis", "weight": 0.2391304347826087, "pos": [0, 200], "ts_group_id": 0, "label": "parsopercularis", "input_id": 40, "layer_pos": 0, "y": 200, "x": 0, "brain_side": "left", "id": 40, "func_id": "4"}, {"name": "lh_parstriangularis", "weight": 0.34782608695652173, "pos": [9, 195], "ts_group_id": 0, "label": "parstriangularis", "input_id": 39, "layer_pos": 3, "y": 195, "x": 9, "brain_side": "left", "id": 243, "func_id": "7"}, {"name": "lh_parsopercularis", "weight": 0.1956521739130435, "pos": [9, 200], "ts_group_id": 0, "label": "parsopercularis", "input_id": 40, "layer_pos": 3, "y": 200, "x": 9, "brain_side": "left", "id": 244, "func_id": "4"}], "links": [{"source": 0, "target": 1}, {"source": 0, "target": 5}, {"source": 0, "target": 8}, {"source": 1, "target": 4}, {"source": 1, "target": 6}, {"source": 1, "target": 11}, {"source": 2, "target": 4}, {"source": 2, "target": 6}, {"source": 3, "target": 4}, {"source": 3, "target": 6}, {"source": 3, "target": 7}, {"source": 4, "target": 5}, {"source": 4, "target": 8}, {"source": 5, "target": 6}, {"source": 5, "target": 11}, {"source": 6, "target": 10}, {"source": 6, "target": 8}, {"source": 6, "target": 9}, {"source": 7, "target": 10}, {"source": 7, "target": 9}, {"source": 7, "target": 8}, {"source": 8, "target": 11}, {"source": 8, "target": 12}, {"source": 9, "target": 12}, {"source": 9, "target": 11}], "multigraph": false}