{"directed": false, "graph": [], "nodes": [{"name": "rh_postcentral", "weight": 0.17647058823529413, "pos": [0, 80], "ts_group_id": 0, "label": "postcentral", "input_id": 16, "layer_pos": 0, "y": 80, "x": 0, "brain_side": "right", "id": 16, "func_id": "2"}, {"name": "lh_precentral", "weight": 0.23529411764705882, "pos": [6, 220], "ts_group_id": 0, "label": "precentral", "input_id": 44, "layer_pos": 2, "y": 220, "x": 6, "brain_side": "left", "id": 180, "func_id": "2"}, {"name": "rh_parsopercularis", "weight": 0.17647058823529413, "pos": [6, 30], "ts_group_id": 0, "label": "parsopercularis", "input_id": 6, "layer_pos": 2, "y": 30, "x": 6, "brain_side": "right", "id": 142, "func_id": "4"}, {"name": "rh_precentral", "weight": 0.5882352941176471, "pos": [0, 50], "ts_group_id": 0, "label": "precentral", "input_id": 10, "layer_pos": 0, "y": 50, "x": 0, "brain_side": "right", "id": 10, "func_id": "2"}, {"name": "lh_precentral", "weight": 0.20588235294117646, "pos": [0, 220], "ts_group_id": 0, "label": "precentral", "input_id": 44, "layer_pos": 0, "y": 220, "x": 0, "brain_side": "left", "id": 44, "func_id": "2"}, {"name": "rh_precentral", "weight": 0.7352941176470589, "pos": [3, 50], "ts_group_id": 0, "label": "precentral", "input_id": 10, "layer_pos": 1, "y": 50, "x": 3, "brain_side": "right", "id": 78, "func_id": "2"}, {"name": "rh_supramarginal", "weight": 0.17647058823529413, "pos": [9, 85], "ts_group_id": 0, "label": "supramarginal", "input_id": 17, "layer_pos": 3, "y": 85, "x": 9, "brain_side": "right", "id": 221, "func_id": "4"}, {"name": "lh_precentral", "weight": 0.20588235294117646, "pos": [3, 220], "ts_group_id": 0, "label": "precentral", "input_id": 44, "layer_pos": 1, "y": 220, "x": 3, "brain_side": "left", "id": 112, "func_id": "2"}, {"name": "rh_supramarginal", "weight": 0.20588235294117646, "pos": [0, 85], "ts_group_id": 0, "label": "supramarginal", "input_id": 17, "layer_pos": 0, "y": 85, "x": 0, "brain_side": "right", "id": 17, "func_id": "4"}, {"name": "rh_precentral", "weight": 0.7647058823529411, "pos": [6, 50], "ts_group_id": 0, "label": "precentral", "input_id": 10, "layer_pos": 2, "y": 50, "x": 6, "brain_side": "right", "id": 146, "func_id": "2"}, {"name": "rh_postcentral", "weight": 0.29411764705882354, "pos": [3, 80], "ts_group_id": 0, "label": "postcentral", "input_id": 16, "layer_pos": 1, "y": 80, "x": 3, "brain_side": "right", "id": 84, "func_id": "2"}, {"name": "rh_supramarginal", "weight": 0.35294117647058826, "pos": [3, 85], "ts_group_id": 0, "label": "supramarginal", "input_id": 17, "layer_pos": 1, "y": 85, "x": 3, "brain_side": "right", "id": 85, "func_id": "4"}, {"name": "rh_precentral", "weight": 0.4117647058823529, "pos": [9, 50], "ts_group_id": 0, "label": "precentral", "input_id": 10, "layer_pos": 3, "y": 50, "x": 9, "brain_side": "right", "id": 214, "func_id": "2"}, {"name": "rh_postcentral", "weight": 0.29411764705882354, "pos": [6, 80], "ts_group_id": 0, "label": "postcentral", "input_id": 16, "layer_pos": 2, "y": 80, "x": 6, "brain_side": "right", "id": 152, "func_id": "2"}, {"name": "rh_supramarginal", "weight": 0.3235294117647059, "pos": [6, 85], "ts_group_id": 0, "label": "supramarginal", "input_id": 17, "layer_pos": 2, "y": 85, "x": 6, "brain_side": "right", "id": 153, "func_id": "4"}, {"name": "rh_precentral", "weight": 0.2647058823529412, "pos": [12, 50], "ts_group_id": 0, "label": "precentral", "input_id": 10, "layer_pos": 4, "y": 50, "x": 12, "brain_side": "right", "id": 282, "func_id": "2"}, {"name": "lh_precentral", "weight": 0.17647058823529413, "pos": [9, 220], "ts_group_id": 0, "label": "precentral", "input_id": 44, "layer_pos": 3, "y": 220, "x": 9, "brain_side": "left", "id": 248, "func_id": "2"}, {"name": "rh_parsopercularis", "weight": 0.17647058823529413, "pos": [3, 30], "ts_group_id": 0, "label": "parsopercularis", "input_id": 6, "layer_pos": 1, "y": 30, "x": 3, "brain_side": "right", "id": 74, "func_id": "4"}], "links": [{"source": 0, "target": 10}, {"source": 0, "target": 11}, {"source": 0, "target": 5}, {"source": 1, "target": 7}, {"source": 1, "target": 16}, {"source": 1, "target": 12}, {"source": 1, "target": 5}, {"source": 2, "target": 12}, {"source": 2, "target": 17}, {"source": 2, "target": 11}, {"source": 2, "target": 5}, {"source": 2, "target": 6}, {"source": 3, "target": 7}, {"source": 3, "target": 17}, {"source": 3, "target": 10}, {"source": 3, "target": 11}, {"source": 3, "target": 5}, {"source": 4, "target": 7}, {"source": 4, "target": 5}, {"source": 5, "target": 8}, {"source": 5, "target": 9}, {"source": 5, "target": 13}, {"source": 5, "target": 14}, {"source": 6, "target": 13}, {"source": 6, "target": 14}, {"source": 6, "target": 9}, {"source": 6, "target": 15}, {"source": 7, "target": 9}, {"source": 8, "target": 17}, {"source": 8, "target": 10}, {"source": 8, "target": 11}, {"source": 9, "target": 17}, {"source": 9, "target": 10}, {"source": 9, "target": 11}, {"source": 9, "target": 12}, {"source": 9, "target": 16}, {"source": 10, "target": 13}, {"source": 10, "target": 14}, {"source": 11, "target": 13}, {"source": 11, "target": 14}, {"source": 12, "target": 13}, {"source": 12, "target": 14}, {"source": 12, "target": 15}, {"source": 14, "target": 17}, {"source": 15, "target": 16}], "multigraph": false}