{"directed": false, "graph": [], "nodes": [{"name": "rh_rostralmiddlefrontal", "weight": 0.1935483870967742, "pos": [12, 35], "ts_group_id": 0, "label": "rostralmiddlefrontal", "input_id": 7, "layer_pos": 4, "y": 35, "x": 12, "brain_side": "right", "id": 279, "func_id": "6"}, {"name": "rh_lateralorbitofrontal", "weight": 0.1935483870967742, "pos": [0, 5], "ts_group_id": 0, "label": "lateralorbitofrontal", "input_id": 1, "layer_pos": 0, "y": 5, "x": 0, "brain_side": "right", "id": 1, "func_id": "5"}, {"name": "rh_lateralorbitofrontal", "weight": 0.1935483870967742, "pos": [3, 5], "ts_group_id": 0, "label": "lateralorbitofrontal", "input_id": 1, "layer_pos": 1, "y": 5, "x": 3, "brain_side": "right", "id": 69, "func_id": "5"}, {"name": "rh_rostralmiddlefrontal", "weight": 0.5806451612903226, "pos": [0, 35], "ts_group_id": 0, "label": "rostralmiddlefrontal", "input_id": 7, "layer_pos": 0, "y": 35, "x": 0, "brain_side": "right", "id": 7, "func_id": "6"}, {"name": "rh_caudalmiddlefrontal", "weight": 0.1935483870967742, "pos": [0, 45], "ts_group_id": 0, "label": "caudalmiddlefrontal", "input_id": 9, "layer_pos": 0, "y": 45, "x": 0, "brain_side": "right", "id": 9, "func_id": "6"}, {"name": "rh_rostralmiddlefrontal", "weight": 0.6774193548387096, "pos": [3, 35], "ts_group_id": 0, "label": "rostralmiddlefrontal", "input_id": 7, "layer_pos": 1, "y": 35, "x": 3, "brain_side": "right", "id": 75, "func_id": "6"}, {"name": "rh_rostralmiddlefrontal", "weight": 0.7741935483870968, "pos": [6, 35], "ts_group_id": 0, "label": "rostralmiddlefrontal", "input_id": 7, "layer_pos": 2, "y": 35, "x": 6, "brain_side": "right", "id": 143, "func_id": "6"}, {"name": "rh_rostralmiddlefrontal", "weight": 0.3870967741935484, "pos": [9, 35], "ts_group_id": 0, "label": "rostralmiddlefrontal", "input_id": 7, "layer_pos": 3, "y": 35, "x": 9, "brain_side": "right", "id": 211, "func_id": "6"}, {"name": "rh_parstriangularis", "weight": 0.1935483870967742, "pos": [3, 25], "ts_group_id": 0, "label": "parstriangularis", "input_id": 5, "layer_pos": 1, "y": 25, "x": 3, "brain_side": "right", "id": 73, "func_id": "4"}, {"name": "rh_lateralorbitofrontal", "weight": 0.22580645161290322, "pos": [6, 5], "ts_group_id": 0, "label": "lateralorbitofrontal", "input_id": 1, "layer_pos": 2, "y": 5, "x": 6, "brain_side": "right", "id": 137, "func_id": "5"}], "links": [{"source": 0, "target": 7}, {"source": 1, "target": 8}, {"source": 1, "target": 5}, {"source": 1, "target": 2}, {"source": 2, "target": 9}, {"source": 2, "target": 6}, {"source": 2, "target": 3}, {"source": 3, "target": 8}, {"source": 3, "target": 5}, {"source": 4, "target": 5}, {"source": 5, "target": 9}, {"source": 5, "target": 6}, {"source": 6, "target": 8}, {"source": 6, "target": 7}, {"source": 7, "target": 9}, {"source": 8, "target": 9}], "multigraph": false}