{"directed": false, "graph": [], "nodes": [{"name": "rh_superiorfrontal", "weight": 0.20689655172413793, "pos": [6, 40], "ts_group_id": 0, "label": "superiorfrontal", "input_id": 8, "layer_pos": 2, "y": 40, "x": 6, "brain_side": "right", "id": 144, "func_id": "7"}, {"name": "rh_medialorbitofrontal", "weight": 0.20689655172413793, "pos": [3, 20], "ts_group_id": 0, "label": "medialorbitofrontal", "input_id": 4, "layer_pos": 1, "y": 20, "x": 3, "brain_side": "right", "id": 72, "func_id": "5"}, {"name": "rh_rostralanteriorcingulate", "weight": 0.603448275862069, "pos": [0, 60], "ts_group_id": 0, "label": "rostralanteriorcingulate", "input_id": 12, "layer_pos": 0, "y": 60, "x": 0, "brain_side": "right", "id": 12, "func_id": "7"}, {"name": "lh_medialorbitofrontal", "weight": 0.22413793103448276, "pos": [3, 190], "ts_group_id": 0, "label": "medialorbitofrontal", "input_id": 38, "layer_pos": 1, "y": 190, "x": 3, "brain_side": "left", "id": 106, "func_id": "5"}, {"name": "rh_superiorfrontal", "weight": 0.25862068965517243, "pos": [3, 40], "ts_group_id": 0, "label": "superiorfrontal", "input_id": 8, "layer_pos": 1, "y": 40, "x": 3, "brain_side": "right", "id": 76, "func_id": "7"}, {"name": "lh_superiorfrontal", "weight": 0.2413793103448276, "pos": [6, 210], "ts_group_id": 0, "label": "superiorfrontal", "input_id": 42, "layer_pos": 2, "y": 210, "x": 6, "brain_side": "left", "id": 178, "func_id": "7"}, {"name": "lh_superiorfrontal", "weight": 0.22413793103448276, "pos": [3, 210], "ts_group_id": 0, "label": "superiorfrontal", "input_id": 42, "layer_pos": 1, "y": 210, "x": 3, "brain_side": "left", "id": 110, "func_id": "7"}, {"name": "lh_medialorbitofrontal", "weight": 0.1724137931034483, "pos": [6, 190], "ts_group_id": 0, "label": "medialorbitofrontal", "input_id": 38, "layer_pos": 2, "y": 190, "x": 6, "brain_side": "left", "id": 174, "func_id": "5"}, {"name": "rh_rostralanteriorcingulate", "weight": 0.7758620689655172, "pos": [3, 60], "ts_group_id": 0, "label": "rostralanteriorcingulate", "input_id": 12, "layer_pos": 1, "y": 60, "x": 3, "brain_side": "right", "id": 80, "func_id": "7"}, {"name": "rh_caudalanteriorcingulate", "weight": 0.1724137931034483, "pos": [3, 65], "ts_group_id": 0, "label": "caudalanteriorcingulate", "input_id": 13, "layer_pos": 1, "y": 65, "x": 3, "brain_side": "right", "id": 81, "func_id": "4"}, {"name": "lh_rostralanteriorcingulate", "weight": 0.8620689655172413, "pos": [3, 230], "ts_group_id": 0, "label": "rostralanteriorcingulate", "input_id": 46, "layer_pos": 1, "y": 230, "x": 3, "brain_side": "left", "id": 114, "func_id": "7"}, {"name": "rh_rostralanteriorcingulate", "weight": 0.6206896551724138, "pos": [6, 60], "ts_group_id": 0, "label": "rostralanteriorcingulate", "input_id": 12, "layer_pos": 2, "y": 60, "x": 6, "brain_side": "right", "id": 148, "func_id": "7"}, {"name": "lh_rostralanteriorcingulate", "weight": 0.6379310344827587, "pos": [0, 230], "ts_group_id": 0, "label": "rostralanteriorcingulate", "input_id": 46, "layer_pos": 0, "y": 230, "x": 0, "brain_side": "left", "id": 46, "func_id": "7"}, {"name": "lh_rostralanteriorcingulate", "weight": 0.6551724137931034, "pos": [6, 230], "ts_group_id": 0, "label": "rostralanteriorcingulate", "input_id": 46, "layer_pos": 2, "y": 230, "x": 6, "brain_side": "left", "id": 182, "func_id": "7"}, {"name": "rh_rostralanteriorcingulate", "weight": 0.39655172413793105, "pos": [9, 60], "ts_group_id": 0, "label": "rostralanteriorcingulate", "input_id": 12, "layer_pos": 3, "y": 60, "x": 9, "brain_side": "right", "id": 216, "func_id": "7"}, {"name": "lh_rostralanteriorcingulate", "weight": 0.3103448275862069, "pos": [9, 230], "ts_group_id": 0, "label": "rostralanteriorcingulate", "input_id": 46, "layer_pos": 3, "y": 230, "x": 9, "brain_side": "left", "id": 250, "func_id": "7"}, {"name": "rh_medialorbitofrontal", "weight": 0.1896551724137931, "pos": [6, 20], "ts_group_id": 0, "label": "medialorbitofrontal", "input_id": 4, "layer_pos": 2, "y": 20, "x": 6, "brain_side": "right", "id": 140, "func_id": "5"}, {"name": "rh_rostralanteriorcingulate", "weight": 0.1896551724137931, "pos": [12, 60], "ts_group_id": 0, "label": "rostralanteriorcingulate", "input_id": 12, "layer_pos": 4, "y": 60, "x": 12, "brain_side": "right", "id": 284, "func_id": "7"}], "links": [{"source": 0, "target": 1}, {"source": 0, "target": 3}, {"source": 0, "target": 4}, {"source": 0, "target": 6}, {"source": 0, "target": 8}, {"source": 0, "target": 9}, {"source": 0, "target": 10}, {"source": 0, "target": 14}, {"source": 0, "target": 15}, {"source": 1, "target": 2}, {"source": 1, "target": 16}, {"source": 1, "target": 7}, {"source": 1, "target": 5}, {"source": 1, "target": 11}, {"source": 1, "target": 12}, {"source": 1, "target": 13}, {"source": 2, "target": 3}, {"source": 2, "target": 4}, {"source": 2, "target": 6}, {"source": 2, "target": 8}, {"source": 2, "target": 9}, {"source": 2, "target": 10}, {"source": 3, "target": 16}, {"source": 3, "target": 7}, {"source": 3, "target": 5}, {"source": 3, "target": 11}, {"source": 3, "target": 12}, {"source": 3, "target": 13}, {"source": 4, "target": 16}, {"source": 4, "target": 7}, {"source": 4, "target": 5}, {"source": 4, "target": 11}, {"source": 4, "target": 12}, {"source": 4, "target": 13}, {"source": 5, "target": 6}, {"source": 5, "target": 8}, {"source": 5, "target": 9}, {"source": 5, "target": 10}, {"source": 5, "target": 14}, {"source": 5, "target": 15}, {"source": 6, "target": 16}, {"source": 6, "target": 7}, {"source": 6, "target": 11}, {"source": 6, "target": 12}, {"source": 6, "target": 13}, {"source": 7, "target": 8}, {"source": 7, "target": 10}, {"source": 7, "target": 14}, {"source": 7, "target": 15}, {"source": 8, "target": 16}, {"source": 8, "target": 11}, {"source": 8, "target": 12}, {"source": 8, "target": 13}, {"source": 9, "target": 16}, {"source": 9, "target": 11}, {"source": 10, "target": 16}, {"source": 10, "target": 11}, {"source": 10, "target": 12}, {"source": 10, "target": 13}, {"source": 11, "target": 14}, {"source": 11, "target": 15}, {"source": 13, "target": 14}, {"source": 13, "target": 15}, {"source": 14, "target": 16}, {"source": 14, "target": 17}, {"source": 15, "target": 16}, {"source": 15, "target": 17}], "multigraph": false}