{"directed": false, "graph": [], "nodes": [{"name": "rh_lingual", "weight": 0.42028985507246375, "pos": [6, 120], "ts_group_id": 0, "label": "lingual", "input_id": 24, "layer_pos": 2, "y": 120, "x": 6, "brain_side": "right", "id": 160, "func_id": "1"}, {"name": "lh_pericalcarine", "weight": 0.5652173913043478, "pos": [6, 280], "ts_group_id": 0, "label": "pericalcarine", "input_id": 56, "layer_pos": 2, "y": 280, "x": 6, "brain_side": "left", "id": 192, "func_id": "1"}, {"name": "lh_lingual", "weight": 0.5072463768115942, "pos": [6, 290], "ts_group_id": 0, "label": "lingual", "input_id": 58, "layer_pos": 2, "y": 290, "x": 6, "brain_side": "left", "id": 194, "func_id": "1"}, {"name": "lh_pericalcarine", "weight": 0.2028985507246377, "pos": [9, 280], "ts_group_id": 0, "label": "pericalcarine", "input_id": 56, "layer_pos": 3, "y": 280, "x": 9, "brain_side": "left", "id": 260, "func_id": "1"}, {"name": "lh_lingual", "weight": 0.21739130434782608, "pos": [9, 290], "ts_group_id": 0, "label": "lingual", "input_id": 58, "layer_pos": 3, "y": 290, "x": 9, "brain_side": "left", "id": 262, "func_id": "1"}, {"name": "lh_pericalcarine", "weight": 0.6666666666666666, "pos": [3, 280], "ts_group_id": 0, "label": "pericalcarine", "input_id": 56, "layer_pos": 1, "y": 280, "x": 3, "brain_side": "left", "id": 124, "func_id": "1"}, {"name": "rh_pericalcarine", "weight": 0.17391304347826086, "pos": [9, 110], "ts_group_id": 0, "label": "pericalcarine", "input_id": 22, "layer_pos": 3, "y": 110, "x": 9, "brain_side": "right", "id": 226, "func_id": "1"}, {"name": "rh_pericalcarine", "weight": 0.43478260869565216, "pos": [6, 110], "ts_group_id": 0, "label": "pericalcarine", "input_id": 22, "layer_pos": 2, "y": 110, "x": 6, "brain_side": "right", "id": 158, "func_id": "1"}, {"name": "rh_cuneus", "weight": 0.18840579710144928, "pos": [6, 105], "ts_group_id": 0, "label": "cuneus", "input_id": 21, "layer_pos": 2, "y": 105, "x": 6, "brain_side": "right", "id": 157, "func_id": "1"}, {"name": "lh_pericalcarine", "weight": 0.6666666666666666, "pos": [0, 280], "ts_group_id": 0, "label": "pericalcarine", "input_id": 56, "layer_pos": 0, "y": 280, "x": 0, "brain_side": "left", "id": 56, "func_id": "1"}, {"name": "rh_cuneus", "weight": 0.17391304347826086, "pos": [0, 105], "ts_group_id": 0, "label": "cuneus", "input_id": 21, "layer_pos": 0, "y": 105, "x": 0, "brain_side": "right", "id": 21, "func_id": "1"}, {"name": "rh_pericalcarine", "weight": 0.5217391304347826, "pos": [0, 110], "ts_group_id": 0, "label": "pericalcarine", "input_id": 22, "layer_pos": 0, "y": 110, "x": 0, "brain_side": "right", "id": 22, "func_id": "1"}, {"name": "lh_cuneus", "weight": 0.2318840579710145, "pos": [0, 275], "ts_group_id": 0, "label": "cuneus", "input_id": 55, "layer_pos": 0, "y": 275, "x": 0, "brain_side": "left", "id": 55, "func_id": "1"}, {"name": "rh_lingual", "weight": 0.5942028985507246, "pos": [0, 120], "ts_group_id": 0, "label": "lingual", "input_id": 24, "layer_pos": 0, "y": 120, "x": 0, "brain_side": "right", "id": 24, "func_id": "1"}, {"name": "rh_cuneus", "weight": 0.17391304347826086, "pos": [3, 105], "ts_group_id": 0, "label": "cuneus", "input_id": 21, "layer_pos": 1, "y": 105, "x": 3, "brain_side": "right", "id": 89, "func_id": "1"}, {"name": "rh_pericalcarine", "weight": 0.5652173913043478, "pos": [3, 110], "ts_group_id": 0, "label": "pericalcarine", "input_id": 22, "layer_pos": 1, "y": 110, "x": 3, "brain_side": "right", "id": 90, "func_id": "1"}, {"name": "lh_cuneus", "weight": 0.34782608695652173, "pos": [3, 275], "ts_group_id": 0, "label": "cuneus", "input_id": 55, "layer_pos": 1, "y": 275, "x": 3, "brain_side": "left", "id": 123, "func_id": "1"}, {"name": "rh_lingual", "weight": 0.5942028985507246, "pos": [3, 120], "ts_group_id": 0, "label": "lingual", "input_id": 24, "layer_pos": 1, "y": 120, "x": 3, "brain_side": "right", "id": 92, "func_id": "1"}, {"name": "lh_lingual", "weight": 0.4927536231884058, "pos": [0, 290], "ts_group_id": 0, "label": "lingual", "input_id": 58, "layer_pos": 0, "y": 290, "x": 0, "brain_side": "left", "id": 58, "func_id": "1"}, {"name": "lh_lingual", "weight": 0.6376811594202898, "pos": [3, 290], "ts_group_id": 0, "label": "lingual", "input_id": 58, "layer_pos": 1, "y": 290, "x": 3, "brain_side": "left", "id": 126, "func_id": "1"}, {"name": "lh_cuneus", "weight": 0.2608695652173913, "pos": [6, 275], "ts_group_id": 0, "label": "cuneus", "input_id": 55, "layer_pos": 2, "y": 275, "x": 6, "brain_side": "left", "id": 191, "func_id": "1"}], "links": [{"source": 0, "target": 6}, {"source": 0, "target": 3}, {"source": 0, "target": 4}, {"source": 0, "target": 5}, {"source": 0, "target": 14}, {"source": 0, "target": 15}, {"source": 0, "target": 16}, {"source": 0, "target": 17}, {"source": 0, "target": 19}, {"source": 1, "target": 6}, {"source": 1, "target": 3}, {"source": 1, "target": 4}, {"source": 1, "target": 5}, {"source": 1, "target": 14}, {"source": 1, "target": 15}, {"source": 1, "target": 16}, {"source": 1, "target": 17}, {"source": 1, "target": 19}, {"source": 2, "target": 6}, {"source": 2, "target": 3}, {"source": 2, "target": 4}, {"source": 2, "target": 17}, {"source": 2, "target": 15}, {"source": 2, "target": 16}, {"source": 2, "target": 5}, {"source": 2, "target": 19}, {"source": 3, "target": 8}, {"source": 3, "target": 7}, {"source": 3, "target": 20}, {"source": 4, "target": 7}, {"source": 4, "target": 20}, {"source": 5, "target": 9}, {"source": 5, "target": 10}, {"source": 5, "target": 11}, {"source": 5, "target": 12}, {"source": 5, "target": 13}, {"source": 5, "target": 18}, {"source": 5, "target": 8}, {"source": 5, "target": 7}, {"source": 5, "target": 20}, {"source": 6, "target": 8}, {"source": 6, "target": 7}, {"source": 6, "target": 20}, {"source": 7, "target": 14}, {"source": 7, "target": 15}, {"source": 7, "target": 16}, {"source": 7, "target": 17}, {"source": 7, "target": 19}, {"source": 8, "target": 14}, {"source": 8, "target": 15}, {"source": 8, "target": 16}, {"source": 8, "target": 17}, {"source": 9, "target": 14}, {"source": 9, "target": 15}, {"source": 9, "target": 16}, {"source": 9, "target": 17}, {"source": 9, "target": 19}, {"source": 10, "target": 14}, {"source": 10, "target": 15}, {"source": 10, "target": 16}, {"source": 10, "target": 17}, {"source": 11, "target": 14}, {"source": 11, "target": 15}, {"source": 11, "target": 16}, {"source": 11, "target": 17}, {"source": 11, "target": 19}, {"source": 12, "target": 14}, {"source": 12, "target": 15}, {"source": 12, "target": 16}, {"source": 12, "target": 17}, {"source": 12, "target": 19}, {"source": 13, "target": 14}, {"source": 13, "target": 15}, {"source": 13, "target": 16}, {"source": 13, "target": 17}, {"source": 13, "target": 19}, {"source": 14, "target": 20}, {"source": 15, "target": 18}, {"source": 15, "target": 20}, {"source": 16, "target": 18}, {"source": 16, "target": 20}, {"source": 17, "target": 18}, {"source": 17, "target": 20}, {"source": 18, "target": 19}, {"source": 19, "target": 20}], "multigraph": false}