{"directed": false, "graph": [], "nodes": [{"name": "rh_rostralmiddlefrontal", "weight": 0.17647058823529413, "pos": [0, 35], "ts_group_id": 0, "label": "rostralmiddlefrontal", "input_id": 7, "layer_pos": 0, "y": 35, "x": 0, "brain_side": "right", "id": 7, "func_id": "6"}, {"name": "lh_rostralmiddlefrontal", "weight": 0.6176470588235294, "pos": [0, 205], "ts_group_id": 0, "label": "rostralmiddlefrontal", "input_id": 41, "layer_pos": 0, "y": 205, "x": 0, "brain_side": "left", "id": 41, "func_id": "6"}, {"name": "rh_rostralmiddlefrontal", "weight": 0.20588235294117646, "pos": [3, 35], "ts_group_id": 0, "label": "rostralmiddlefrontal", "input_id": 7, "layer_pos": 1, "y": 35, "x": 3, "brain_side": "right", "id": 75, "func_id": "6"}, {"name": "lh_rostralmiddlefrontal", "weight": 0.7058823529411765, "pos": [3, 205], "ts_group_id": 0, "label": "rostralmiddlefrontal", "input_id": 41, "layer_pos": 1, "y": 205, "x": 3, "brain_side": "left", "id": 109, "func_id": "6"}, {"name": "rh_rostralmiddlefrontal", "weight": 0.23529411764705882, "pos": [6, 35], "ts_group_id": 0, "label": "rostralmiddlefrontal", "input_id": 7, "layer_pos": 2, "y": 35, "x": 6, "brain_side": "right", "id": 143, "func_id": "6"}, {"name": "lh_rostralmiddlefrontal", "weight": 0.7941176470588235, "pos": [6, 205], "ts_group_id": 0, "label": "rostralmiddlefrontal", "input_id": 41, "layer_pos": 2, "y": 205, "x": 6, "brain_side": "left", "id": 177, "func_id": "6"}, {"name": "rh_rostralmiddlefrontal", "weight": 0.17647058823529413, "pos": [9, 35], "ts_group_id": 0, "label": "rostralmiddlefrontal", "input_id": 7, "layer_pos": 3, "y": 35, "x": 9, "brain_side": "right", "id": 211, "func_id": "6"}, {"name": "lh_rostralmiddlefrontal", "weight": 0.38235294117647056, "pos": [9, 205], "ts_group_id": 0, "label": "rostralmiddlefrontal", "input_id": 41, "layer_pos": 3, "y": 205, "x": 9, "brain_side": "left", "id": 245, "func_id": "6"}, {"name": "lh_rostralmiddlefrontal", "weight": 0.17647058823529413, "pos": [12, 205], "ts_group_id": 0, "label": "rostralmiddlefrontal", "input_id": 41, "layer_pos": 4, "y": 205, "x": 12, "brain_side": "left", "id": 313, "func_id": "6"}], "links": [{"source": 0, "target": 2}, {"source": 0, "target": 3}, {"source": 1, "target": 2}, {"source": 1, "target": 3}, {"source": 2, "target": 4}, {"source": 2, "target": 5}, {"source": 3, "target": 4}, {"source": 3, "target": 5}, {"source": 4, "target": 6}, {"source": 4, "target": 7}, {"source": 5, "target": 6}, {"source": 5, "target": 7}, {"source": 6, "target": 8}, {"source": 7, "target": 8}], "multigraph": false}