{"directed": false, "graph": [], "nodes": [{"name": "lh_inferiorparietal", "weight": 0.3611111111111111, "pos": [9, 265], "ts_group_id": 0, "label": "inferiorparietal", "input_id": 53, "layer_pos": 3, "y": 265, "x": 9, "brain_side": "left", "id": 257, "func_id": "7"}, {"name": "lh_inferiortemporal", "weight": 0.2777777777777778, "pos": [3, 315], "ts_group_id": 0, "label": "inferiortemporal", "input_id": 63, "layer_pos": 1, "y": 315, "x": 3, "brain_side": "left", "id": 131, "func_id": "5"}, {"name": "lh_inferiorparietal", "weight": 0.19444444444444445, "pos": [12, 265], "ts_group_id": 0, "label": "inferiorparietal", "input_id": 53, "layer_pos": 4, "y": 265, "x": 12, "brain_side": "left", "id": 325, "func_id": "7"}, {"name": "lh_inferiortemporal", "weight": 0.2777777777777778, "pos": [6, 315], "ts_group_id": 0, "label": "inferiortemporal", "input_id": 63, "layer_pos": 2, "y": 315, "x": 6, "brain_side": "left", "id": 199, "func_id": "5"}, {"name": "lh_inferiorparietal", "weight": 0.5555555555555556, "pos": [0, 265], "ts_group_id": 0, "label": "inferiorparietal", "input_id": 53, "layer_pos": 0, "y": 265, "x": 0, "brain_side": "left", "id": 53, "func_id": "7"}, {"name": "lh_inferiorparietal", "weight": 0.75, "pos": [3, 265], "ts_group_id": 0, "label": "inferiorparietal", "input_id": 53, "layer_pos": 1, "y": 265, "x": 3, "brain_side": "left", "id": 121, "func_id": "7"}, {"name": "lh_inferiorparietal", "weight": 0.8055555555555556, "pos": [6, 265], "ts_group_id": 0, "label": "inferiorparietal", "input_id": 53, "layer_pos": 2, "y": 265, "x": 6, "brain_side": "left", "id": 189, "func_id": "7"}, {"name": "lh_inferiortemporal", "weight": 0.3055555555555556, "pos": [0, 315], "ts_group_id": 0, "label": "inferiortemporal", "input_id": 63, "layer_pos": 0, "y": 315, "x": 0, "brain_side": "left", "id": 63, "func_id": "5"}], "links": [{"source": 0, "target": 6}, {"source": 0, "target": 2}, {"source": 0, "target": 3}, {"source": 1, "target": 6}, {"source": 1, "target": 3}, {"source": 1, "target": 4}, {"source": 1, "target": 7}, {"source": 3, "target": 5}, {"source": 4, "target": 5}, {"source": 5, "target": 6}, {"source": 5, "target": 7}], "multigraph": false}