{"directed": false, "graph": [], "nodes": [{"name": "rh_temporalpole", "weight": 0.6756756756756757, "pos": [3, 140], "ts_group_id": 0, "label": "temporalpole", "input_id": 28, "layer_pos": 1, "y": 140, "x": 3, "brain_side": "right", "id": 96, "func_id": "5"}, {"name": "rh_entorhinal", "weight": 0.6216216216216216, "pos": [6, 135], "ts_group_id": 0, "label": "entorhinal", "input_id": 27, "layer_pos": 2, "y": 135, "x": 6, "brain_side": "right", "id": 163, "func_id": "5"}, {"name": "rh_temporalpole", "weight": 0.4594594594594595, "pos": [6, 140], "ts_group_id": 0, "label": "temporalpole", "input_id": 28, "layer_pos": 2, "y": 140, "x": 6, "brain_side": "right", "id": 164, "func_id": "5"}, {"name": "rh_entorhinal", "weight": 0.24324324324324326, "pos": [9, 135], "ts_group_id": 0, "label": "entorhinal", "input_id": 27, "layer_pos": 3, "y": 135, "x": 9, "brain_side": "right", "id": 231, "func_id": "5"}, {"name": "rh_temporalpole", "weight": 0.21621621621621623, "pos": [9, 140], "ts_group_id": 0, "label": "temporalpole", "input_id": 28, "layer_pos": 3, "y": 140, "x": 9, "brain_side": "right", "id": 232, "func_id": "5"}, {"name": "rh_entorhinal", "weight": 0.5945945945945946, "pos": [0, 135], "ts_group_id": 0, "label": "entorhinal", "input_id": 27, "layer_pos": 0, "y": 135, "x": 0, "brain_side": "right", "id": 27, "func_id": "5"}, {"name": "rh_temporalpole", "weight": 0.7837837837837838, "pos": [0, 140], "ts_group_id": 0, "label": "temporalpole", "input_id": 28, "layer_pos": 0, "y": 140, "x": 0, "brain_side": "right", "id": 28, "func_id": "5"}, {"name": "rh_entorhinal", "weight": 0.4864864864864865, "pos": [3, 135], "ts_group_id": 0, "label": "entorhinal", "input_id": 27, "layer_pos": 1, "y": 135, "x": 3, "brain_side": "right", "id": 95, "func_id": "5"}], "links": [{"source": 0, "target": 2}, {"source": 0, "target": 5}, {"source": 0, "target": 6}, {"source": 0, "target": 1}, {"source": 1, "target": 4}, {"source": 1, "target": 3}, {"source": 1, "target": 7}, {"source": 2, "target": 4}, {"source": 2, "target": 3}, {"source": 2, "target": 7}, {"source": 5, "target": 7}, {"source": 6, "target": 7}], "multigraph": false}