{"directed": false, "graph": [], "nodes": [{"name": "rh_posteriorcingulate", "weight": 0.48148148148148145, "pos": [0, 70], "ts_group_id": 0, "label": "posteriorcingulate", "input_id": 14, "layer_pos": 0, "y": 70, "x": 0, "brain_side": "right", "id": 14, "func_id": "4"}, {"name": "lh_caudalanteriorcingulate", "weight": 0.18518518518518517, "pos": [0, 235], "ts_group_id": 0, "label": "caudalanteriorcingulate", "input_id": 47, "layer_pos": 0, "y": 235, "x": 0, "brain_side": "left", "id": 47, "func_id": "4"}, {"name": "lh_posteriorcingulate", "weight": 0.5, "pos": [0, 240], "ts_group_id": 0, "label": "posteriorcingulate", "input_id": 48, "layer_pos": 0, "y": 240, "x": 0, "brain_side": "left", "id": 48, "func_id": "4"}, {"name": "rh_posteriorcingulate", "weight": 0.6111111111111112, "pos": [3, 70], "ts_group_id": 0, "label": "posteriorcingulate", "input_id": 14, "layer_pos": 1, "y": 70, "x": 3, "brain_side": "right", "id": 82, "func_id": "4"}, {"name": "lh_posteriorcingulate", "weight": 0.7407407407407407, "pos": [3, 240], "ts_group_id": 0, "label": "posteriorcingulate", "input_id": 48, "layer_pos": 1, "y": 240, "x": 3, "brain_side": "left", "id": 116, "func_id": "4"}, {"name": "rh_posteriorcingulate", "weight": 0.5740740740740741, "pos": [6, 70], "ts_group_id": 0, "label": "posteriorcingulate", "input_id": 14, "layer_pos": 2, "y": 70, "x": 6, "brain_side": "right", "id": 150, "func_id": "4"}, {"name": "lh_posteriorcingulate", "weight": 0.6851851851851852, "pos": [6, 240], "ts_group_id": 0, "label": "posteriorcingulate", "input_id": 48, "layer_pos": 2, "y": 240, "x": 6, "brain_side": "left", "id": 184, "func_id": "4"}, {"name": "rh_posteriorcingulate", "weight": 0.24074074074074073, "pos": [9, 70], "ts_group_id": 0, "label": "posteriorcingulate", "input_id": 14, "layer_pos": 3, "y": 70, "x": 9, "brain_side": "right", "id": 218, "func_id": "4"}, {"name": "lh_posteriorcingulate", "weight": 0.24074074074074073, "pos": [9, 240], "ts_group_id": 0, "label": "posteriorcingulate", "input_id": 48, "layer_pos": 3, "y": 240, "x": 9, "brain_side": "left", "id": 252, "func_id": "4"}], "links": [{"source": 0, "target": 3}, {"source": 0, "target": 4}, {"source": 1, "target": 4}, {"source": 2, "target": 3}, {"source": 2, "target": 4}, {"source": 3, "target": 6}, {"source": 3, "target": 5}, {"source": 4, "target": 6}, {"source": 4, "target": 5}, {"source": 5, "target": 8}, {"source": 5, "target": 7}, {"source": 6, "target": 8}, {"source": 6, "target": 7}], "multigraph": false}