{"directed": false, "graph": [], "nodes": [{"name": "lh_parsopercularis", "weight": 0.17857142857142858, "pos": [0, 200], "ts_group_id": 0, "label": "parsopercularis", "input_id": 40, "layer_pos": 0, "y": 200, "x": 0, "brain_side": "left", "id": 40, "func_id": "4"}, {"name": "lh_precentral", "weight": 0.6071428571428571, "pos": [0, 220], "ts_group_id": 0, "label": "precentral", "input_id": 44, "layer_pos": 0, "y": 220, "x": 0, "brain_side": "left", "id": 44, "func_id": "2"}, {"name": "lh_parsopercularis", "weight": 0.17857142857142858, "pos": [3, 200], "ts_group_id": 0, "label": "parsopercularis", "input_id": 40, "layer_pos": 1, "y": 200, "x": 3, "brain_side": "left", "id": 108, "func_id": "4"}, {"name": "lh_precentral", "weight": 0.6428571428571429, "pos": [3, 220], "ts_group_id": 0, "label": "precentral", "input_id": 44, "layer_pos": 1, "y": 220, "x": 3, "brain_side": "left", "id": 112, "func_id": "2"}, {"name": "lh_precentral", "weight": 0.25, "pos": [9, 220], "ts_group_id": 0, "label": "precentral", "input_id": 44, "layer_pos": 3, "y": 220, "x": 9, "brain_side": "left", "id": 248, "func_id": "2"}, {"name": "lh_postcentral", "weight": 0.6785714285714286, "pos": [0, 250], "ts_group_id": 0, "label": "postcentral", "input_id": 50, "layer_pos": 0, "y": 250, "x": 0, "brain_side": "left", "id": 50, "func_id": "2"}, {"name": "rh_postcentral", "weight": 0.25, "pos": [3, 80], "ts_group_id": 0, "label": "postcentral", "input_id": 16, "layer_pos": 1, "y": 80, "x": 3, "brain_side": "right", "id": 84, "func_id": "2"}, {"name": "lh_postcentral", "weight": 0.7142857142857143, "pos": [3, 250], "ts_group_id": 0, "label": "postcentral", "input_id": 50, "layer_pos": 1, "y": 250, "x": 3, "brain_side": "left", "id": 118, "func_id": "2"}, {"name": "rh_postcentral", "weight": 0.2857142857142857, "pos": [6, 80], "ts_group_id": 0, "label": "postcentral", "input_id": 16, "layer_pos": 2, "y": 80, "x": 6, "brain_side": "right", "id": 152, "func_id": "2"}, {"name": "lh_precentral", "weight": 0.42857142857142855, "pos": [6, 220], "ts_group_id": 0, "label": "precentral", "input_id": 44, "layer_pos": 2, "y": 220, "x": 6, "brain_side": "left", "id": 180, "func_id": "2"}, {"name": "lh_postcentral", "weight": 0.5714285714285714, "pos": [6, 250], "ts_group_id": 0, "label": "postcentral", "input_id": 50, "layer_pos": 2, "y": 250, "x": 6, "brain_side": "left", "id": 186, "func_id": "2"}, {"name": "lh_supramarginal", "weight": 0.21428571428571427, "pos": [6, 255], "ts_group_id": 0, "label": "supramarginal", "input_id": 51, "layer_pos": 2, "y": 255, "x": 6, "brain_side": "left", "id": 187, "func_id": "4"}, {"name": "lh_postcentral", "weight": 0.2857142857142857, "pos": [9, 250], "ts_group_id": 0, "label": "postcentral", "input_id": 50, "layer_pos": 3, "y": 250, "x": 9, "brain_side": "left", "id": 254, "func_id": "2"}], "links": [{"source": 0, "target": 3}, {"source": 0, "target": 2}, {"source": 1, "target": 3}, {"source": 1, "target": 2}, {"source": 1, "target": 7}, {"source": 2, "target": 9}, {"source": 2, "target": 11}, {"source": 3, "target": 5}, {"source": 3, "target": 9}, {"source": 3, "target": 10}, {"source": 3, "target": 11}, {"source": 4, "target": 10}, {"source": 4, "target": 11}, {"source": 4, "target": 9}, {"source": 5, "target": 6}, {"source": 5, "target": 7}, {"source": 6, "target": 8}, {"source": 6, "target": 10}, {"source": 7, "target": 9}, {"source": 7, "target": 8}, {"source": 7, "target": 10}, {"source": 7, "target": 11}, {"source": 8, "target": 12}, {"source": 9, "target": 12}, {"source": 10, "target": 12}, {"source": 11, "target": 12}], "multigraph": false}