{"directed": false, "graph": [], "nodes": [{"name": "rh_frontalpole", "weight": 0.9615384615384616, "pos": [0, 15], "ts_group_id": 0, "label": "frontalpole", "input_id": 3, "layer_pos": 0, "y": 15, "x": 0, "brain_side": "right", "id": 3, "func_id": "5"}, {"name": "lh_frontalpole", "weight": 0.19230769230769232, "pos": [0, 185], "ts_group_id": 0, "label": "frontalpole", "input_id": 37, "layer_pos": 0, "y": 185, "x": 0, "brain_side": "left", "id": 37, "func_id": "5"}, {"name": "rh_frontalpole", "weight": 0.9230769230769231, "pos": [3, 15], "ts_group_id": 0, "label": "frontalpole", "input_id": 3, "layer_pos": 1, "y": 15, "x": 3, "brain_side": "right", "id": 71, "func_id": "5"}, {"name": "lh_frontalpole", "weight": 0.34615384615384615, "pos": [3, 185], "ts_group_id": 0, "label": "frontalpole", "input_id": 37, "layer_pos": 1, "y": 185, "x": 3, "brain_side": "left", "id": 105, "func_id": "5"}, {"name": "rh_frontalpole", "weight": 0.7692307692307693, "pos": [6, 15], "ts_group_id": 0, "label": "frontalpole", "input_id": 3, "layer_pos": 2, "y": 15, "x": 6, "brain_side": "right", "id": 139, "func_id": "5"}, {"name": "rh_medialorbitofrontal", "weight": 0.23076923076923078, "pos": [6, 20], "ts_group_id": 0, "label": "medialorbitofrontal", "input_id": 4, "layer_pos": 2, "y": 20, "x": 6, "brain_side": "right", "id": 140, "func_id": "5"}, {"name": "lh_frontalpole", "weight": 0.19230769230769232, "pos": [6, 185], "ts_group_id": 0, "label": "frontalpole", "input_id": 37, "layer_pos": 2, "y": 185, "x": 6, "brain_side": "left", "id": 173, "func_id": "5"}, {"name": "lh_medialorbitofrontal", "weight": 0.23076923076923078, "pos": [6, 190], "ts_group_id": 0, "label": "medialorbitofrontal", "input_id": 38, "layer_pos": 2, "y": 190, "x": 6, "brain_side": "left", "id": 174, "func_id": "5"}, {"name": "rh_frontalpole", "weight": 0.34615384615384615, "pos": [9, 15], "ts_group_id": 0, "label": "frontalpole", "input_id": 3, "layer_pos": 3, "y": 15, "x": 9, "brain_side": "right", "id": 207, "func_id": "5"}], "links": [{"source": 0, "target": 2}, {"source": 1, "target": 3}, {"source": 2, "target": 5}, {"source": 2, "target": 4}, {"source": 2, "target": 7}, {"source": 3, "target": 5}, {"source": 3, "target": 7}, {"source": 3, "target": 6}, {"source": 4, "target": 8}, {"source": 5, "target": 8}, {"source": 7, "target": 8}], "multigraph": false}