{"directed": false, "graph": [], "nodes": [{"name": "lh_bankssts", "weight": 0.68, "pos": [0, 325], "ts_group_id": 0, "label": "bankssts", "input_id": 65, "layer_pos": 0, "y": 325, "x": 0, "brain_side": "left", "id": 65, "func_id": "7"}, {"name": "lh_superiortemporal", "weight": 0.28, "pos": [0, 330], "ts_group_id": 0, "label": "superiortemporal", "input_id": 66, "layer_pos": 0, "y": 330, "x": 0, "brain_side": "left", "id": 66, "func_id": "2"}, {"name": "lh_bankssts", "weight": 0.68, "pos": [3, 325], "ts_group_id": 0, "label": "bankssts", "input_id": 65, "layer_pos": 1, "y": 325, "x": 3, "brain_side": "left", "id": 133, "func_id": "7"}, {"name": "lh_superiortemporal", "weight": 0.32, "pos": [3, 330], "ts_group_id": 0, "label": "superiortemporal", "input_id": 66, "layer_pos": 1, "y": 330, "x": 3, "brain_side": "left", "id": 134, "func_id": "2"}, {"name": "lh_bankssts", "weight": 0.68, "pos": [6, 325], "ts_group_id": 0, "label": "bankssts", "input_id": 65, "layer_pos": 2, "y": 325, "x": 6, "brain_side": "left", "id": 201, "func_id": "7"}, {"name": "lh_superiortemporal", "weight": 0.36, "pos": [6, 330], "ts_group_id": 0, "label": "superiortemporal", "input_id": 66, "layer_pos": 2, "y": 330, "x": 6, "brain_side": "left", "id": 202, "func_id": "2"}, {"name": "lh_bankssts", "weight": 0.28, "pos": [9, 325], "ts_group_id": 0, "label": "bankssts", "input_id": 65, "layer_pos": 3, "y": 325, "x": 9, "brain_side": "left", "id": 269, "func_id": "7"}, {"name": "lh_bankssts", "weight": 0.24, "pos": [12, 325], "ts_group_id": 0, "label": "bankssts", "input_id": 65, "layer_pos": 4, "y": 325, "x": 12, "brain_side": "left", "id": 337, "func_id": "7"}, {"name": "lh_bankssts", "weight": 0.28, "pos": [15, 325], "ts_group_id": 0, "label": "bankssts", "input_id": 65, "layer_pos": 5, "y": 325, "x": 15, "brain_side": "left", "id": 405, "func_id": "7"}, {"name": "lh_superiortemporal", "weight": 0.2, "pos": [15, 330], "ts_group_id": 0, "label": "superiortemporal", "input_id": 66, "layer_pos": 5, "y": 330, "x": 15, "brain_side": "left", "id": 406, "func_id": "2"}], "links": [{"source": 0, "target": 2}, {"source": 0, "target": 3}, {"source": 1, "target": 2}, {"source": 1, "target": 3}, {"source": 2, "target": 5}, {"source": 2, "target": 4}, {"source": 3, "target": 5}, {"source": 3, "target": 4}, {"source": 4, "target": 6}, {"source": 5, "target": 6}, {"source": 6, "target": 7}, {"source": 7, "target": 9}, {"source": 7, "target": 8}], "multigraph": false}