{"directed": false, "graph": [], "nodes": [{"name": "lh_caudalanteriorcingulate", "weight": 0.1791044776119403, "pos": [9, 235], "ts_group_id": 0, "label": "caudalanteriorcingulate", "input_id": 47, "layer_pos": 3, "y": 235, "x": 9, "brain_side": "left", "id": 251, "func_id": "4"}, {"name": "rh_rostralanteriorcingulate", "weight": 0.208955223880597, "pos": [0, 60], "ts_group_id": 0, "label": "rostralanteriorcingulate", "input_id": 12, "layer_pos": 0, "y": 60, "x": 0, "brain_side": "right", "id": 12, "func_id": "7"}, {"name": "lh_rostralanteriorcingulate", "weight": 0.1791044776119403, "pos": [3, 230], "ts_group_id": 0, "label": "rostralanteriorcingulate", "input_id": 46, "layer_pos": 1, "y": 230, "x": 3, "brain_side": "left", "id": 114, "func_id": "7"}, {"name": "lh_rostralanteriorcingulate", "weight": 0.19402985074626866, "pos": [0, 230], "ts_group_id": 0, "label": "rostralanteriorcingulate", "input_id": 46, "layer_pos": 0, "y": 230, "x": 0, "brain_side": "left", "id": 46, "func_id": "7"}, {"name": "rh_caudalanteriorcingulate", "weight": 0.6268656716417911, "pos": [0, 65], "ts_group_id": 0, "label": "caudalanteriorcingulate", "input_id": 13, "layer_pos": 0, "y": 65, "x": 0, "brain_side": "right", "id": 13, "func_id": "4"}, {"name": "rh_rostralanteriorcingulate", "weight": 0.208955223880597, "pos": [3, 60], "ts_group_id": 0, "label": "rostralanteriorcingulate", "input_id": 12, "layer_pos": 1, "y": 60, "x": 3, "brain_side": "right", "id": 80, "func_id": "7"}, {"name": "rh_caudalanteriorcingulate", "weight": 0.7910447761194029, "pos": [3, 65], "ts_group_id": 0, "label": "caudalanteriorcingulate", "input_id": 13, "layer_pos": 1, "y": 65, "x": 3, "brain_side": "right", "id": 81, "func_id": "4"}, {"name": "rh_posteriorcingulate", "weight": 0.1791044776119403, "pos": [3, 70], "ts_group_id": 0, "label": "posteriorcingulate", "input_id": 14, "layer_pos": 1, "y": 70, "x": 3, "brain_side": "right", "id": 82, "func_id": "4"}, {"name": "lh_caudalanteriorcingulate", "weight": 0.8208955223880597, "pos": [3, 235], "ts_group_id": 0, "label": "caudalanteriorcingulate", "input_id": 47, "layer_pos": 1, "y": 235, "x": 3, "brain_side": "left", "id": 115, "func_id": "4"}, {"name": "rh_caudalanteriorcingulate", "weight": 0.6865671641791045, "pos": [6, 65], "ts_group_id": 0, "label": "caudalanteriorcingulate", "input_id": 13, "layer_pos": 2, "y": 65, "x": 6, "brain_side": "right", "id": 149, "func_id": "4"}, {"name": "lh_caudalanteriorcingulate", "weight": 0.6716417910447762, "pos": [6, 235], "ts_group_id": 0, "label": "caudalanteriorcingulate", "input_id": 47, "layer_pos": 2, "y": 235, "x": 6, "brain_side": "left", "id": 183, "func_id": "4"}, {"name": "lh_caudalanteriorcingulate", "weight": 0.746268656716418, "pos": [0, 235], "ts_group_id": 0, "label": "caudalanteriorcingulate", "input_id": 47, "layer_pos": 0, "y": 235, "x": 0, "brain_side": "left", "id": 47, "func_id": "4"}], "links": [{"source": 0, "target": 9}, {"source": 0, "target": 10}, {"source": 1, "target": 5}, {"source": 1, "target": 6}, {"source": 1, "target": 7}, {"source": 1, "target": 2}, {"source": 2, "target": 10}, {"source": 2, "target": 3}, {"source": 2, "target": 11}, {"source": 3, "target": 5}, {"source": 3, "target": 8}, {"source": 4, "target": 5}, {"source": 4, "target": 6}, {"source": 4, "target": 7}, {"source": 4, "target": 8}, {"source": 5, "target": 9}, {"source": 6, "target": 9}, {"source": 6, "target": 10}, {"source": 6, "target": 11}, {"source": 7, "target": 9}, {"source": 8, "target": 9}, {"source": 8, "target": 10}, {"source": 8, "target": 11}], "multigraph": false}