{"directed": false, "graph": [], "nodes": [{"name": "lh_supramarginal", "weight": 0.6486486486486487, "pos": [0, 255], "ts_group_id": 0, "label": "supramarginal", "input_id": 51, "layer_pos": 0, "y": 255, "x": 0, "brain_side": "left", "id": 51, "func_id": "4"}, {"name": "lh_supramarginal", "weight": 0.32432432432432434, "pos": [9, 255], "ts_group_id": 0, "label": "supramarginal", "input_id": 51, "layer_pos": 3, "y": 255, "x": 9, "brain_side": "left", "id": 255, "func_id": "4"}, {"name": "lh_supramarginal", "weight": 0.7297297297297297, "pos": [6, 255], "ts_group_id": 0, "label": "supramarginal", "input_id": 51, "layer_pos": 2, "y": 255, "x": 6, "brain_side": "left", "id": 187, "func_id": "4"}, {"name": "lh_supramarginal", "weight": 0.7297297297297297, "pos": [3, 255], "ts_group_id": 0, "label": "supramarginal", "input_id": 51, "layer_pos": 1, "y": 255, "x": 3, "brain_side": "left", "id": 119, "func_id": "4"}], "links": [{"source": 0, "target": 3}, {"source": 1, "target": 2}, {"source": 2, "target": 3}], "multigraph": false}