{"directed": false, "graph": [], "nodes": [{"name": "lh_inferiorparietal", "weight": 0.1951219512195122, "pos": [9, 265], "ts_group_id": 0, "label": "inferiorparietal", "input_id": 53, "layer_pos": 3, "y": 265, "x": 9, "brain_side": "left", "id": 257, "func_id": "7"}, {"name": "lh_rostralmiddlefrontal", "weight": 0.21951219512195122, "pos": [0, 205], "ts_group_id": 0, "label": "rostralmiddlefrontal", "input_id": 41, "layer_pos": 0, "y": 205, "x": 0, "brain_side": "left", "id": 41, "func_id": "6"}, {"name": "lh_caudalmiddlefrontal", "weight": 0.6097560975609756, "pos": [0, 215], "ts_group_id": 0, "label": "caudalmiddlefrontal", "input_id": 43, "layer_pos": 0, "y": 215, "x": 0, "brain_side": "left", "id": 43, "func_id": "7"}, {"name": "lh_rostralmiddlefrontal", "weight": 0.24390243902439024, "pos": [3, 205], "ts_group_id": 0, "label": "rostralmiddlefrontal", "input_id": 41, "layer_pos": 1, "y": 205, "x": 3, "brain_side": "left", "id": 109, "func_id": "6"}, {"name": "lh_superiorfrontal", "weight": 0.17073170731707318, "pos": [3, 210], "ts_group_id": 0, "label": "superiorfrontal", "input_id": 42, "layer_pos": 1, "y": 210, "x": 3, "brain_side": "left", "id": 110, "func_id": "7"}, {"name": "lh_caudalmiddlefrontal", "weight": 0.7560975609756098, "pos": [3, 215], "ts_group_id": 0, "label": "caudalmiddlefrontal", "input_id": 43, "layer_pos": 1, "y": 215, "x": 3, "brain_side": "left", "id": 111, "func_id": "7"}, {"name": "lh_rostralmiddlefrontal", "weight": 0.1951219512195122, "pos": [6, 205], "ts_group_id": 0, "label": "rostralmiddlefrontal", "input_id": 41, "layer_pos": 2, "y": 205, "x": 6, "brain_side": "left", "id": 177, "func_id": "6"}, {"name": "lh_superiorfrontal", "weight": 0.1951219512195122, "pos": [6, 210], "ts_group_id": 0, "label": "superiorfrontal", "input_id": 42, "layer_pos": 2, "y": 210, "x": 6, "brain_side": "left", "id": 178, "func_id": "7"}, {"name": "lh_caudalmiddlefrontal", "weight": 0.7804878048780488, "pos": [6, 215], "ts_group_id": 0, "label": "caudalmiddlefrontal", "input_id": 43, "layer_pos": 2, "y": 215, "x": 6, "brain_side": "left", "id": 179, "func_id": "7"}, {"name": "lh_inferiorparietal", "weight": 0.2682926829268293, "pos": [0, 265], "ts_group_id": 0, "label": "inferiorparietal", "input_id": 53, "layer_pos": 0, "y": 265, "x": 0, "brain_side": "left", "id": 53, "func_id": "7"}, {"name": "lh_caudalmiddlefrontal", "weight": 0.36585365853658536, "pos": [9, 215], "ts_group_id": 0, "label": "caudalmiddlefrontal", "input_id": 43, "layer_pos": 3, "y": 215, "x": 9, "brain_side": "left", "id": 247, "func_id": "7"}, {"name": "lh_inferiorparietal", "weight": 0.4146341463414634, "pos": [3, 265], "ts_group_id": 0, "label": "inferiorparietal", "input_id": 53, "layer_pos": 1, "y": 265, "x": 3, "brain_side": "left", "id": 121, "func_id": "7"}, {"name": "lh_caudalmiddlefrontal", "weight": 0.17073170731707318, "pos": [12, 215], "ts_group_id": 0, "label": "caudalmiddlefrontal", "input_id": 43, "layer_pos": 4, "y": 215, "x": 12, "brain_side": "left", "id": 315, "func_id": "7"}, {"name": "lh_inferiorparietal", "weight": 0.34146341463414637, "pos": [6, 265], "ts_group_id": 0, "label": "inferiorparietal", "input_id": 53, "layer_pos": 2, "y": 265, "x": 6, "brain_side": "left", "id": 189, "func_id": "7"}], "links": [{"source": 0, "target": 12}, {"source": 0, "target": 8}, {"source": 0, "target": 13}, {"source": 1, "target": 3}, {"source": 1, "target": 4}, {"source": 1, "target": 5}, {"source": 2, "target": 11}, {"source": 2, "target": 3}, {"source": 2, "target": 4}, {"source": 2, "target": 5}, {"source": 3, "target": 7}, {"source": 3, "target": 8}, {"source": 3, "target": 6}, {"source": 4, "target": 7}, {"source": 4, "target": 8}, {"source": 4, "target": 6}, {"source": 5, "target": 6}, {"source": 5, "target": 7}, {"source": 5, "target": 8}, {"source": 5, "target": 9}, {"source": 5, "target": 13}, {"source": 6, "target": 10}, {"source": 7, "target": 10}, {"source": 8, "target": 10}, {"source": 8, "target": 11}, {"source": 9, "target": 11}, {"source": 10, "target": 13}, {"source": 10, "target": 12}, {"source": 11, "target": 13}], "multigraph": false}