{"directed": false, "graph": [], "nodes": [{"name": "lh_entorhinal", "weight": 0.45098039215686275, "pos": [3, 305], "ts_group_id": 0, "label": "entorhinal", "input_id": 61, "layer_pos": 1, "y": 305, "x": 3, "brain_side": "left", "id": 129, "func_id": "5"}, {"name": "lh_temporalpole", "weight": 0.7058823529411765, "pos": [3, 310], "ts_group_id": 0, "label": "temporalpole", "input_id": 62, "layer_pos": 1, "y": 310, "x": 3, "brain_side": "left", "id": 130, "func_id": "5"}, {"name": "lh_fusiform", "weight": 0.17647058823529413, "pos": [6, 295], "ts_group_id": 0, "label": "fusiform", "input_id": 59, "layer_pos": 2, "y": 295, "x": 6, "brain_side": "left", "id": 195, "func_id": "1"}, {"name": "lh_entorhinal", "weight": 0.45098039215686275, "pos": [6, 305], "ts_group_id": 0, "label": "entorhinal", "input_id": 61, "layer_pos": 2, "y": 305, "x": 6, "brain_side": "left", "id": 197, "func_id": "5"}, {"name": "lh_temporalpole", "weight": 0.7647058823529411, "pos": [6, 310], "ts_group_id": 0, "label": "temporalpole", "input_id": 62, "layer_pos": 2, "y": 310, "x": 6, "brain_side": "left", "id": 198, "func_id": "5"}, {"name": "lh_inferiortemporal", "weight": 0.19607843137254902, "pos": [6, 315], "ts_group_id": 0, "label": "inferiortemporal", "input_id": 63, "layer_pos": 2, "y": 315, "x": 6, "brain_side": "left", "id": 199, "func_id": "5"}, {"name": "lh_entorhinal", "weight": 0.23529411764705882, "pos": [9, 305], "ts_group_id": 0, "label": "entorhinal", "input_id": 61, "layer_pos": 3, "y": 305, "x": 9, "brain_side": "left", "id": 265, "func_id": "5"}, {"name": "lh_temporalpole", "weight": 0.29411764705882354, "pos": [9, 310], "ts_group_id": 0, "label": "temporalpole", "input_id": 62, "layer_pos": 3, "y": 310, "x": 9, "brain_side": "left", "id": 266, "func_id": "5"}, {"name": "lh_temporalpole", "weight": 0.19607843137254902, "pos": [12, 310], "ts_group_id": 0, "label": "temporalpole", "input_id": 62, "layer_pos": 4, "y": 310, "x": 12, "brain_side": "left", "id": 334, "func_id": "5"}, {"name": "lh_entorhinal", "weight": 0.37254901960784315, "pos": [0, 305], "ts_group_id": 0, "label": "entorhinal", "input_id": 61, "layer_pos": 0, "y": 305, "x": 0, "brain_side": "left", "id": 61, "func_id": "5"}, {"name": "lh_temporalpole", "weight": 0.7254901960784313, "pos": [0, 310], "ts_group_id": 0, "label": "temporalpole", "input_id": 62, "layer_pos": 0, "y": 310, "x": 0, "brain_side": "left", "id": 62, "func_id": "5"}], "links": [{"source": 0, "target": 4}, {"source": 0, "target": 2}, {"source": 0, "target": 9}, {"source": 0, "target": 10}, {"source": 0, "target": 3}, {"source": 1, "target": 2}, {"source": 1, "target": 3}, {"source": 1, "target": 4}, {"source": 1, "target": 5}, {"source": 1, "target": 9}, {"source": 1, "target": 10}, {"source": 2, "target": 7}, {"source": 2, "target": 6}, {"source": 3, "target": 7}, {"source": 3, "target": 6}, {"source": 4, "target": 7}, {"source": 4, "target": 6}, {"source": 5, "target": 7}, {"source": 6, "target": 8}, {"source": 7, "target": 8}], "multigraph": false}