{"directed": false, "graph": [], "nodes": [{"name": "rh_inferiortemporal", "weight": 0.30434782608695654, "pos": [3, 145], "ts_group_id": 0, "label": "inferiortemporal", "input_id": 29, "layer_pos": 1, "y": 145, "x": 3, "brain_side": "right", "id": 97, "func_id": "5"}, {"name": "rh_parahippocampal", "weight": 0.21739130434782608, "pos": [6, 130], "ts_group_id": 0, "label": "parahippocampal", "input_id": 26, "layer_pos": 2, "y": 130, "x": 6, "brain_side": "right", "id": 162, "func_id": "1"}, {"name": "rh_entorhinal", "weight": 0.2608695652173913, "pos": [6, 135], "ts_group_id": 0, "label": "entorhinal", "input_id": 27, "layer_pos": 2, "y": 135, "x": 6, "brain_side": "right", "id": 163, "func_id": "5"}, {"name": "rh_fusiform", "weight": 0.30434782608695654, "pos": [9, 125], "ts_group_id": 0, "label": "fusiform", "input_id": 25, "layer_pos": 3, "y": 125, "x": 9, "brain_side": "right", "id": 229, "func_id": "1"}, {"name": "rh_fusiform", "weight": 0.6956521739130435, "pos": [6, 125], "ts_group_id": 0, "label": "fusiform", "input_id": 25, "layer_pos": 2, "y": 125, "x": 6, "brain_side": "right", "id": 161, "func_id": "1"}, {"name": "rh_superiorparietal", "weight": 0.17391304347826086, "pos": [3, 90], "ts_group_id": 0, "label": "superiorparietal", "input_id": 18, "layer_pos": 1, "y": 90, "x": 3, "brain_side": "right", "id": 86, "func_id": "3"}, {"name": "rh_fusiform", "weight": 0.6956521739130435, "pos": [0, 125], "ts_group_id": 0, "label": "fusiform", "input_id": 25, "layer_pos": 0, "y": 125, "x": 0, "brain_side": "right", "id": 25, "func_id": "1"}, {"name": "rh_parahippocampal", "weight": 0.21739130434782608, "pos": [0, 130], "ts_group_id": 0, "label": "parahippocampal", "input_id": 26, "layer_pos": 0, "y": 130, "x": 0, "brain_side": "right", "id": 26, "func_id": "1"}, {"name": "rh_entorhinal", "weight": 0.30434782608695654, "pos": [0, 135], "ts_group_id": 0, "label": "entorhinal", "input_id": 27, "layer_pos": 0, "y": 135, "x": 0, "brain_side": "right", "id": 27, "func_id": "5"}, {"name": "rh_fusiform", "weight": 0.782608695652174, "pos": [3, 125], "ts_group_id": 0, "label": "fusiform", "input_id": 25, "layer_pos": 1, "y": 125, "x": 3, "brain_side": "right", "id": 93, "func_id": "1"}, {"name": "rh_parahippocampal", "weight": 0.30434782608695654, "pos": [3, 130], "ts_group_id": 0, "label": "parahippocampal", "input_id": 26, "layer_pos": 1, "y": 130, "x": 3, "brain_side": "right", "id": 94, "func_id": "1"}, {"name": "rh_entorhinal", "weight": 0.34782608695652173, "pos": [3, 135], "ts_group_id": 0, "label": "entorhinal", "input_id": 27, "layer_pos": 1, "y": 135, "x": 3, "brain_side": "right", "id": 95, "func_id": "5"}], "links": [{"source": 0, "target": 6}, {"source": 0, "target": 7}, {"source": 0, "target": 1}, {"source": 0, "target": 4}, {"source": 1, "target": 3}, {"source": 1, "target": 9}, {"source": 1, "target": 10}, {"source": 1, "target": 11}, {"source": 2, "target": 3}, {"source": 2, "target": 9}, {"source": 2, "target": 10}, {"source": 2, "target": 11}, {"source": 3, "target": 4}, {"source": 4, "target": 5}, {"source": 4, "target": 9}, {"source": 4, "target": 10}, {"source": 4, "target": 11}, {"source": 5, "target": 6}, {"source": 6, "target": 10}, {"source": 6, "target": 9}, {"source": 6, "target": 11}, {"source": 7, "target": 9}, {"source": 7, "target": 10}, {"source": 7, "target": 11}, {"source": 8, "target": 9}, {"source": 8, "target": 10}, {"source": 8, "target": 11}], "multigraph": false}