{"directed": false, "graph": [], "nodes": [{"name": "rh_middletemporal", "weight": 0.8043478260869565, "pos": [3, 150], "ts_group_id": 0, "label": "middletemporal", "input_id": 30, "layer_pos": 1, "y": 150, "x": 3, "brain_side": "right", "id": 98, "func_id": "7"}, {"name": "rh_bankssts", "weight": 0.2391304347826087, "pos": [3, 155], "ts_group_id": 0, "label": "bankssts", "input_id": 31, "layer_pos": 1, "y": 155, "x": 3, "brain_side": "right", "id": 99, "func_id": "2"}, {"name": "rh_middletemporal", "weight": 0.6956521739130435, "pos": [6, 150], "ts_group_id": 0, "label": "middletemporal", "input_id": 30, "layer_pos": 2, "y": 150, "x": 6, "brain_side": "right", "id": 166, "func_id": "7"}, {"name": "rh_bankssts", "weight": 0.17391304347826086, "pos": [6, 155], "ts_group_id": 0, "label": "bankssts", "input_id": 31, "layer_pos": 2, "y": 155, "x": 6, "brain_side": "right", "id": 167, "func_id": "2"}, {"name": "rh_middletemporal", "weight": 0.3695652173913043, "pos": [9, 150], "ts_group_id": 0, "label": "middletemporal", "input_id": 30, "layer_pos": 3, "y": 150, "x": 9, "brain_side": "right", "id": 234, "func_id": "7"}, {"name": "rh_inferiorparietal", "weight": 0.1956521739130435, "pos": [6, 95], "ts_group_id": 0, "label": "inferiorparietal", "input_id": 19, "layer_pos": 2, "y": 95, "x": 6, "brain_side": "right", "id": 155, "func_id": "7"}, {"name": "rh_middletemporal", "weight": 0.6086956521739131, "pos": [0, 150], "ts_group_id": 0, "label": "middletemporal", "input_id": 30, "layer_pos": 0, "y": 150, "x": 0, "brain_side": "right", "id": 30, "func_id": "7"}, {"name": "rh_bankssts", "weight": 0.17391304347826086, "pos": [0, 155], "ts_group_id": 0, "label": "bankssts", "input_id": 31, "layer_pos": 0, "y": 155, "x": 0, "brain_side": "right", "id": 31, "func_id": "2"}], "links": [{"source": 0, "target": 3}, {"source": 0, "target": 5}, {"source": 0, "target": 2}, {"source": 0, "target": 6}, {"source": 0, "target": 7}, {"source": 1, "target": 3}, {"source": 1, "target": 5}, {"source": 1, "target": 2}, {"source": 1, "target": 6}, {"source": 1, "target": 7}, {"source": 2, "target": 4}, {"source": 3, "target": 4}, {"source": 4, "target": 5}], "multigraph": false}