{"directed": false, "graph": [], "nodes": [{"name": "lh_superiorparietal", "weight": 0.2708333333333333, "pos": [9, 260], "ts_group_id": 0, "label": "superiorparietal", "input_id": 52, "layer_pos": 3, "y": 260, "x": 9, "brain_side": "left", "id": 256, "func_id": "3"}, {"name": "rh_superiorparietal", "weight": 0.1875, "pos": [12, 90], "ts_group_id": 0, "label": "superiorparietal", "input_id": 18, "layer_pos": 4, "y": 90, "x": 12, "brain_side": "right", "id": 290, "func_id": "3"}, {"name": "lh_superiorparietal", "weight": 0.20833333333333334, "pos": [12, 260], "ts_group_id": 0, "label": "superiorparietal", "input_id": 52, "layer_pos": 4, "y": 260, "x": 12, "brain_side": "left", "id": 324, "func_id": "3"}, {"name": "rh_superiorparietal", "weight": 0.5, "pos": [0, 90], "ts_group_id": 0, "label": "superiorparietal", "input_id": 18, "layer_pos": 0, "y": 90, "x": 0, "brain_side": "right", "id": 18, "func_id": "3"}, {"name": "lh_superiorparietal", "weight": 0.5, "pos": [0, 260], "ts_group_id": 0, "label": "superiorparietal", "input_id": 52, "layer_pos": 0, "y": 260, "x": 0, "brain_side": "left", "id": 52, "func_id": "3"}, {"name": "rh_superiorparietal", "weight": 0.6458333333333334, "pos": [3, 90], "ts_group_id": 0, "label": "superiorparietal", "input_id": 18, "layer_pos": 1, "y": 90, "x": 3, "brain_side": "right", "id": 86, "func_id": "3"}, {"name": "lh_superiorparietal", "weight": 0.6041666666666666, "pos": [3, 260], "ts_group_id": 0, "label": "superiorparietal", "input_id": 52, "layer_pos": 1, "y": 260, "x": 3, "brain_side": "left", "id": 120, "func_id": "3"}, {"name": "rh_superiorparietal", "weight": 0.5, "pos": [6, 90], "ts_group_id": 0, "label": "superiorparietal", "input_id": 18, "layer_pos": 2, "y": 90, "x": 6, "brain_side": "right", "id": 154, "func_id": "3"}, {"name": "lh_superiorparietal", "weight": 0.4375, "pos": [6, 260], "ts_group_id": 0, "label": "superiorparietal", "input_id": 52, "layer_pos": 2, "y": 260, "x": 6, "brain_side": "left", "id": 188, "func_id": "3"}, {"name": "rh_superiorparietal", "weight": 0.2916666666666667, "pos": [9, 90], "ts_group_id": 0, "label": "superiorparietal", "input_id": 18, "layer_pos": 3, "y": 90, "x": 9, "brain_side": "right", "id": 222, "func_id": "3"}], "links": [{"source": 0, "target": 2}, {"source": 0, "target": 7}, {"source": 0, "target": 8}, {"source": 0, "target": 1}, {"source": 1, "target": 9}, {"source": 2, "target": 9}, {"source": 3, "target": 6}, {"source": 3, "target": 5}, {"source": 4, "target": 6}, {"source": 4, "target": 5}, {"source": 5, "target": 8}, {"source": 5, "target": 7}, {"source": 6, "target": 8}, {"source": 6, "target": 7}, {"source": 7, "target": 9}, {"source": 8, "target": 9}], "multigraph": false}