{"directed": false, "graph": [], "nodes": [{"name": "rh_temporalpole", "weight": 0.2727272727272727, "pos": [3, 140], "ts_group_id": 0, "label": "temporalpole", "input_id": 28, "layer_pos": 1, "y": 140, "x": 3, "brain_side": "right", "id": 96, "func_id": "5"}, {"name": "rh_inferiortemporal", "weight": 0.7272727272727273, "pos": [3, 145], "ts_group_id": 0, "label": "inferiortemporal", "input_id": 29, "layer_pos": 1, "y": 145, "x": 3, "brain_side": "right", "id": 97, "func_id": "5"}, {"name": "rh_inferiortemporal", "weight": 0.8181818181818182, "pos": [6, 145], "ts_group_id": 0, "label": "inferiortemporal", "input_id": 29, "layer_pos": 2, "y": 145, "x": 6, "brain_side": "right", "id": 165, "func_id": "5"}, {"name": "rh_inferiortemporal", "weight": 0.45454545454545453, "pos": [9, 145], "ts_group_id": 0, "label": "inferiortemporal", "input_id": 29, "layer_pos": 3, "y": 145, "x": 9, "brain_side": "right", "id": 233, "func_id": "5"}, {"name": "rh_inferiortemporal", "weight": 0.18181818181818182, "pos": [12, 145], "ts_group_id": 0, "label": "inferiortemporal", "input_id": 29, "layer_pos": 4, "y": 145, "x": 12, "brain_side": "right", "id": 301, "func_id": "5"}, {"name": "rh_inferiorparietal", "weight": 0.18181818181818182, "pos": [3, 95], "ts_group_id": 0, "label": "inferiorparietal", "input_id": 19, "layer_pos": 1, "y": 95, "x": 3, "brain_side": "right", "id": 87, "func_id": "7"}, {"name": "rh_fusiform", "weight": 0.18181818181818182, "pos": [0, 125], "ts_group_id": 0, "label": "fusiform", "input_id": 25, "layer_pos": 0, "y": 125, "x": 0, "brain_side": "right", "id": 25, "func_id": "1"}, {"name": "rh_inferiortemporal", "weight": 0.7272727272727273, "pos": [0, 145], "ts_group_id": 0, "label": "inferiortemporal", "input_id": 29, "layer_pos": 0, "y": 145, "x": 0, "brain_side": "right", "id": 29, "func_id": "5"}], "links": [{"source": 0, "target": 6}, {"source": 0, "target": 7}, {"source": 0, "target": 2}, {"source": 1, "target": 6}, {"source": 1, "target": 7}, {"source": 1, "target": 2}, {"source": 2, "target": 3}, {"source": 2, "target": 5}, {"source": 3, "target": 4}, {"source": 5, "target": 6}, {"source": 5, "target": 7}], "multigraph": false}