{"directed": false, "graph": [], "nodes": [{"name": "rh_postcentral", "weight": 0.23809523809523808, "pos": [12, 80], "ts_group_id": 0, "label": "postcentral", "input_id": 16, "layer_pos": 4, "y": 80, "x": 12, "brain_side": "right", "id": 288, "func_id": "2"}, {"name": "rh_postcentral", "weight": 0.6428571428571429, "pos": [0, 80], "ts_group_id": 0, "label": "postcentral", "input_id": 16, "layer_pos": 0, "y": 80, "x": 0, "brain_side": "right", "id": 16, "func_id": "2"}, {"name": "lh_postcentral", "weight": 0.6190476190476191, "pos": [0, 250], "ts_group_id": 0, "label": "postcentral", "input_id": 50, "layer_pos": 0, "y": 250, "x": 0, "brain_side": "left", "id": 50, "func_id": "2"}, {"name": "rh_postcentral", "weight": 0.6904761904761905, "pos": [3, 80], "ts_group_id": 0, "label": "postcentral", "input_id": 16, "layer_pos": 1, "y": 80, "x": 3, "brain_side": "right", "id": 84, "func_id": "2"}, {"name": "lh_postcentral", "weight": 0.5476190476190477, "pos": [3, 250], "ts_group_id": 0, "label": "postcentral", "input_id": 50, "layer_pos": 1, "y": 250, "x": 3, "brain_side": "left", "id": 118, "func_id": "2"}, {"name": "rh_postcentral", "weight": 0.7142857142857143, "pos": [6, 80], "ts_group_id": 0, "label": "postcentral", "input_id": 16, "layer_pos": 2, "y": 80, "x": 6, "brain_side": "right", "id": 152, "func_id": "2"}, {"name": "lh_postcentral", "weight": 0.47619047619047616, "pos": [6, 250], "ts_group_id": 0, "label": "postcentral", "input_id": 50, "layer_pos": 2, "y": 250, "x": 6, "brain_side": "left", "id": 186, "func_id": "2"}, {"name": "rh_postcentral", "weight": 0.35714285714285715, "pos": [9, 80], "ts_group_id": 0, "label": "postcentral", "input_id": 16, "layer_pos": 3, "y": 80, "x": 9, "brain_side": "right", "id": 220, "func_id": "2"}, {"name": "lh_postcentral", "weight": 0.2857142857142857, "pos": [9, 250], "ts_group_id": 0, "label": "postcentral", "input_id": 50, "layer_pos": 3, "y": 250, "x": 9, "brain_side": "left", "id": 254, "func_id": "2"}], "links": [{"source": 0, "target": 7}, {"source": 0, "target": 8}, {"source": 1, "target": 3}, {"source": 1, "target": 4}, {"source": 2, "target": 3}, {"source": 2, "target": 4}, {"source": 3, "target": 5}, {"source": 3, "target": 6}, {"source": 4, "target": 5}, {"source": 4, "target": 6}, {"source": 5, "target": 7}, {"source": 5, "target": 8}, {"source": 6, "target": 7}, {"source": 6, "target": 8}], "multigraph": false}