{"directed": false, "graph": [], "nodes": [{"name": "rh_inferiortemporal", "weight": 0.2, "pos": [3, 145], "ts_group_id": 0, "label": "inferiortemporal", "input_id": 29, "layer_pos": 1, "y": 145, "x": 3, "brain_side": "right", "id": 97, "func_id": "5"}, {"name": "rh_middletemporal", "weight": 0.24, "pos": [3, 150], "ts_group_id": 0, "label": "middletemporal", "input_id": 30, "layer_pos": 1, "y": 150, "x": 3, "brain_side": "right", "id": 98, "func_id": "7"}, {"name": "rh_inferiortemporal", "weight": 0.2, "pos": [6, 145], "ts_group_id": 0, "label": "inferiortemporal", "input_id": 29, "layer_pos": 2, "y": 145, "x": 6, "brain_side": "right", "id": 165, "func_id": "5"}, {"name": "rh_middletemporal", "weight": 0.24, "pos": [6, 150], "ts_group_id": 0, "label": "middletemporal", "input_id": 30, "layer_pos": 2, "y": 150, "x": 6, "brain_side": "right", "id": 166, "func_id": "7"}, {"name": "rh_inferiorparietal", "weight": 0.72, "pos": [0, 95], "ts_group_id": 0, "label": "inferiorparietal", "input_id": 19, "layer_pos": 0, "y": 95, "x": 0, "brain_side": "right", "id": 19, "func_id": "7"}, {"name": "rh_inferiorparietal", "weight": 0.76, "pos": [3, 95], "ts_group_id": 0, "label": "inferiorparietal", "input_id": 19, "layer_pos": 1, "y": 95, "x": 3, "brain_side": "right", "id": 87, "func_id": "7"}, {"name": "rh_inferiorparietal", "weight": 0.72, "pos": [6, 95], "ts_group_id": 0, "label": "inferiorparietal", "input_id": 19, "layer_pos": 2, "y": 95, "x": 6, "brain_side": "right", "id": 155, "func_id": "7"}, {"name": "rh_middletemporal", "weight": 0.2, "pos": [0, 150], "ts_group_id": 0, "label": "middletemporal", "input_id": 30, "layer_pos": 0, "y": 150, "x": 0, "brain_side": "right", "id": 30, "func_id": "7"}, {"name": "rh_inferiorparietal", "weight": 0.4, "pos": [9, 95], "ts_group_id": 0, "label": "inferiorparietal", "input_id": 19, "layer_pos": 3, "y": 95, "x": 9, "brain_side": "right", "id": 223, "func_id": "7"}], "links": [{"source": 0, "target": 4}, {"source": 0, "target": 6}, {"source": 0, "target": 2}, {"source": 0, "target": 7}, {"source": 0, "target": 3}, {"source": 1, "target": 4}, {"source": 1, "target": 6}, {"source": 1, "target": 2}, {"source": 1, "target": 7}, {"source": 1, "target": 3}, {"source": 2, "target": 8}, {"source": 2, "target": 5}, {"source": 3, "target": 8}, {"source": 3, "target": 5}, {"source": 4, "target": 5}, {"source": 5, "target": 6}, {"source": 5, "target": 7}, {"source": 6, "target": 8}], "multigraph": false}