{"directed": false, "graph": [], "nodes": [{"name": "rh_lateralorbitofrontal", "weight": 0.2, "pos": [0, 5], "ts_group_id": 0, "label": "lateralorbitofrontal", "input_id": 1, "layer_pos": 0, "y": 5, "x": 0, "brain_side": "right", "id": 1, "func_id": "5"}, {"name": "lh_lateralorbitofrontal", "weight": 0.26666666666666666, "pos": [0, 175], "ts_group_id": 0, "label": "lateralorbitofrontal", "input_id": 35, "layer_pos": 0, "y": 175, "x": 0, "brain_side": "left", "id": 35, "func_id": "5"}, {"name": "rh_medialorbitofrontal", "weight": 0.4444444444444444, "pos": [0, 20], "ts_group_id": 0, "label": "medialorbitofrontal", "input_id": 4, "layer_pos": 0, "y": 20, "x": 0, "brain_side": "right", "id": 4, "func_id": "5"}, {"name": "lh_medialorbitofrontal", "weight": 0.5333333333333333, "pos": [0, 190], "ts_group_id": 0, "label": "medialorbitofrontal", "input_id": 38, "layer_pos": 0, "y": 190, "x": 0, "brain_side": "left", "id": 38, "func_id": "5"}, {"name": "lh_lateralorbitofrontal", "weight": 0.2222222222222222, "pos": [3, 175], "ts_group_id": 0, "label": "lateralorbitofrontal", "input_id": 35, "layer_pos": 1, "y": 175, "x": 3, "brain_side": "left", "id": 103, "func_id": "5"}, {"name": "rh_medialorbitofrontal", "weight": 0.6222222222222222, "pos": [3, 20], "ts_group_id": 0, "label": "medialorbitofrontal", "input_id": 4, "layer_pos": 1, "y": 20, "x": 3, "brain_side": "right", "id": 72, "func_id": "5"}, {"name": "lh_medialorbitofrontal", "weight": 0.5333333333333333, "pos": [3, 190], "ts_group_id": 0, "label": "medialorbitofrontal", "input_id": 38, "layer_pos": 1, "y": 190, "x": 3, "brain_side": "left", "id": 106, "func_id": "5"}, {"name": "lh_lateralorbitofrontal", "weight": 0.2222222222222222, "pos": [6, 175], "ts_group_id": 0, "label": "lateralorbitofrontal", "input_id": 35, "layer_pos": 2, "y": 175, "x": 6, "brain_side": "left", "id": 171, "func_id": "5"}, {"name": "rh_medialorbitofrontal", "weight": 0.4666666666666667, "pos": [6, 20], "ts_group_id": 0, "label": "medialorbitofrontal", "input_id": 4, "layer_pos": 2, "y": 20, "x": 6, "brain_side": "right", "id": 140, "func_id": "5"}, {"name": "lh_medialorbitofrontal", "weight": 0.4888888888888889, "pos": [6, 190], "ts_group_id": 0, "label": "medialorbitofrontal", "input_id": 38, "layer_pos": 2, "y": 190, "x": 6, "brain_side": "left", "id": 174, "func_id": "5"}, {"name": "rh_medialorbitofrontal", "weight": 0.24444444444444444, "pos": [9, 20], "ts_group_id": 0, "label": "medialorbitofrontal", "input_id": 4, "layer_pos": 3, "y": 20, "x": 9, "brain_side": "right", "id": 208, "func_id": "5"}, {"name": "lh_medialorbitofrontal", "weight": 0.37777777777777777, "pos": [9, 190], "ts_group_id": 0, "label": "medialorbitofrontal", "input_id": 38, "layer_pos": 3, "y": 190, "x": 9, "brain_side": "left", "id": 242, "func_id": "5"}], "links": [{"source": 0, "target": 5}, {"source": 1, "target": 5}, {"source": 1, "target": 6}, {"source": 1, "target": 4}, {"source": 2, "target": 5}, {"source": 2, "target": 6}, {"source": 2, "target": 4}, {"source": 3, "target": 5}, {"source": 3, "target": 6}, {"source": 3, "target": 4}, {"source": 4, "target": 7}, {"source": 4, "target": 8}, {"source": 4, "target": 9}, {"source": 5, "target": 7}, {"source": 5, "target": 8}, {"source": 5, "target": 9}, {"source": 6, "target": 7}, {"source": 6, "target": 8}, {"source": 6, "target": 9}, {"source": 7, "target": 10}, {"source": 7, "target": 11}, {"source": 8, "target": 10}, {"source": 8, "target": 11}, {"source": 9, "target": 10}, {"source": 9, "target": 11}], "multigraph": false}