{"directed": false, "graph": [], "nodes": [{"name": "rh_medialorbitofrontal", "weight": 0.48484848484848486, "pos": [0, 20], "ts_group_id": 0, "label": "medialorbitofrontal", "input_id": 4, "layer_pos": 0, "y": 20, "x": 0, "brain_side": "right", "id": 4, "func_id": "5"}, {"name": "lh_frontalpole", "weight": 0.6060606060606061, "pos": [0, 185], "ts_group_id": 0, "label": "frontalpole", "input_id": 37, "layer_pos": 0, "y": 185, "x": 0, "brain_side": "left", "id": 37, "func_id": "5"}, {"name": "lh_medialorbitofrontal", "weight": 0.42424242424242425, "pos": [0, 190], "ts_group_id": 0, "label": "medialorbitofrontal", "input_id": 38, "layer_pos": 0, "y": 190, "x": 0, "brain_side": "left", "id": 38, "func_id": "5"}, {"name": "rh_medialorbitofrontal", "weight": 0.3333333333333333, "pos": [3, 20], "ts_group_id": 0, "label": "medialorbitofrontal", "input_id": 4, "layer_pos": 1, "y": 20, "x": 3, "brain_side": "right", "id": 72, "func_id": "5"}, {"name": "lh_frontalpole", "weight": 0.7575757575757576, "pos": [3, 185], "ts_group_id": 0, "label": "frontalpole", "input_id": 37, "layer_pos": 1, "y": 185, "x": 3, "brain_side": "left", "id": 105, "func_id": "5"}, {"name": "lh_medialorbitofrontal", "weight": 0.3939393939393939, "pos": [3, 190], "ts_group_id": 0, "label": "medialorbitofrontal", "input_id": 38, "layer_pos": 1, "y": 190, "x": 3, "brain_side": "left", "id": 106, "func_id": "5"}, {"name": "rh_medialorbitofrontal", "weight": 0.36363636363636365, "pos": [6, 20], "ts_group_id": 0, "label": "medialorbitofrontal", "input_id": 4, "layer_pos": 2, "y": 20, "x": 6, "brain_side": "right", "id": 140, "func_id": "5"}, {"name": "lh_frontalpole", "weight": 0.7272727272727273, "pos": [6, 185], "ts_group_id": 0, "label": "frontalpole", "input_id": 37, "layer_pos": 2, "y": 185, "x": 6, "brain_side": "left", "id": 173, "func_id": "5"}, {"name": "lh_medialorbitofrontal", "weight": 0.30303030303030304, "pos": [6, 190], "ts_group_id": 0, "label": "medialorbitofrontal", "input_id": 38, "layer_pos": 2, "y": 190, "x": 6, "brain_side": "left", "id": 174, "func_id": "5"}, {"name": "lh_frontalpole", "weight": 0.48484848484848486, "pos": [9, 185], "ts_group_id": 0, "label": "frontalpole", "input_id": 37, "layer_pos": 3, "y": 185, "x": 9, "brain_side": "left", "id": 241, "func_id": "5"}, {"name": "lh_rostralanteriorcingulate", "weight": 0.18181818181818182, "pos": [3, 230], "ts_group_id": 0, "label": "rostralanteriorcingulate", "input_id": 46, "layer_pos": 1, "y": 230, "x": 3, "brain_side": "left", "id": 114, "func_id": "7"}, {"name": "lh_frontalpole", "weight": 0.24242424242424243, "pos": [12, 185], "ts_group_id": 0, "label": "frontalpole", "input_id": 37, "layer_pos": 4, "y": 185, "x": 12, "brain_side": "left", "id": 309, "func_id": "5"}, {"name": "lh_frontalpole", "weight": 0.18181818181818182, "pos": [15, 185], "ts_group_id": 0, "label": "frontalpole", "input_id": 37, "layer_pos": 5, "y": 185, "x": 15, "brain_side": "left", "id": 377, "func_id": "5"}], "links": [{"source": 0, "target": 3}, {"source": 0, "target": 4}, {"source": 0, "target": 5}, {"source": 0, "target": 10}, {"source": 1, "target": 3}, {"source": 1, "target": 4}, {"source": 1, "target": 5}, {"source": 2, "target": 3}, {"source": 2, "target": 4}, {"source": 2, "target": 5}, {"source": 2, "target": 10}, {"source": 3, "target": 6}, {"source": 3, "target": 7}, {"source": 3, "target": 8}, {"source": 4, "target": 6}, {"source": 4, "target": 7}, {"source": 4, "target": 8}, {"source": 5, "target": 6}, {"source": 5, "target": 7}, {"source": 5, "target": 8}, {"source": 6, "target": 10}, {"source": 6, "target": 9}, {"source": 7, "target": 9}, {"source": 8, "target": 10}, {"source": 8, "target": 9}, {"source": 9, "target": 11}, {"source": 11, "target": 12}], "multigraph": false}