{"directed": false, "graph": [], "nodes": [{"name": "lh_pericalcarine", "weight": 0.21739130434782608, "pos": [6, 280], "ts_group_id": 0, "label": "pericalcarine", "input_id": 56, "layer_pos": 2, "y": 280, "x": 6, "brain_side": "left", "id": 192, "func_id": "1"}, {"name": "lh_cuneus", "weight": 0.2391304347826087, "pos": [9, 275], "ts_group_id": 0, "label": "cuneus", "input_id": 55, "layer_pos": 3, "y": 275, "x": 9, "brain_side": "left", "id": 259, "func_id": "1"}, {"name": "rh_cuneus", "weight": 0.6304347826086957, "pos": [6, 105], "ts_group_id": 0, "label": "cuneus", "input_id": 21, "layer_pos": 2, "y": 105, "x": 6, "brain_side": "right", "id": 157, "func_id": "1"}, {"name": "rh_cuneus", "weight": 0.5869565217391305, "pos": [0, 105], "ts_group_id": 0, "label": "cuneus", "input_id": 21, "layer_pos": 0, "y": 105, "x": 0, "brain_side": "right", "id": 21, "func_id": "1"}, {"name": "rh_pericalcarine", "weight": 0.2826086956521739, "pos": [0, 110], "ts_group_id": 0, "label": "pericalcarine", "input_id": 22, "layer_pos": 0, "y": 110, "x": 0, "brain_side": "right", "id": 22, "func_id": "1"}, {"name": "lh_cuneus", "weight": 0.5652173913043478, "pos": [0, 275], "ts_group_id": 0, "label": "cuneus", "input_id": 55, "layer_pos": 0, "y": 275, "x": 0, "brain_side": "left", "id": 55, "func_id": "1"}, {"name": "lh_pericalcarine", "weight": 0.1956521739130435, "pos": [0, 280], "ts_group_id": 0, "label": "pericalcarine", "input_id": 56, "layer_pos": 0, "y": 280, "x": 0, "brain_side": "left", "id": 56, "func_id": "1"}, {"name": "rh_cuneus", "weight": 0.6956521739130435, "pos": [3, 105], "ts_group_id": 0, "label": "cuneus", "input_id": 21, "layer_pos": 1, "y": 105, "x": 3, "brain_side": "right", "id": 89, "func_id": "1"}, {"name": "rh_pericalcarine", "weight": 0.34782608695652173, "pos": [3, 110], "ts_group_id": 0, "label": "pericalcarine", "input_id": 22, "layer_pos": 1, "y": 110, "x": 3, "brain_side": "right", "id": 90, "func_id": "1"}, {"name": "lh_cuneus", "weight": 0.717391304347826, "pos": [3, 275], "ts_group_id": 0, "label": "cuneus", "input_id": 55, "layer_pos": 1, "y": 275, "x": 3, "brain_side": "left", "id": 123, "func_id": "1"}, {"name": "lh_pericalcarine", "weight": 0.2391304347826087, "pos": [3, 280], "ts_group_id": 0, "label": "pericalcarine", "input_id": 56, "layer_pos": 1, "y": 280, "x": 3, "brain_side": "left", "id": 124, "func_id": "1"}, {"name": "lh_precuneus", "weight": 0.17391304347826086, "pos": [3, 270], "ts_group_id": 0, "label": "precuneus", "input_id": 54, "layer_pos": 1, "y": 270, "x": 3, "brain_side": "left", "id": 122, "func_id": "7"}, {"name": "rh_pericalcarine", "weight": 0.2608695652173913, "pos": [6, 110], "ts_group_id": 0, "label": "pericalcarine", "input_id": 22, "layer_pos": 2, "y": 110, "x": 6, "brain_side": "right", "id": 158, "func_id": "1"}, {"name": "lh_cuneus", "weight": 0.6956521739130435, "pos": [6, 275], "ts_group_id": 0, "label": "cuneus", "input_id": 55, "layer_pos": 2, "y": 275, "x": 6, "brain_side": "left", "id": 191, "func_id": "1"}], "links": [{"source": 0, "target": 1}, {"source": 0, "target": 7}, {"source": 0, "target": 8}, {"source": 0, "target": 9}, {"source": 0, "target": 10}, {"source": 0, "target": 11}, {"source": 1, "target": 2}, {"source": 1, "target": 12}, {"source": 1, "target": 13}, {"source": 2, "target": 7}, {"source": 2, "target": 8}, {"source": 2, "target": 9}, {"source": 2, "target": 10}, {"source": 2, "target": 11}, {"source": 3, "target": 7}, {"source": 3, "target": 8}, {"source": 3, "target": 9}, {"source": 3, "target": 10}, {"source": 3, "target": 11}, {"source": 4, "target": 7}, {"source": 4, "target": 8}, {"source": 4, "target": 9}, {"source": 4, "target": 10}, {"source": 4, "target": 11}, {"source": 5, "target": 7}, {"source": 5, "target": 8}, {"source": 5, "target": 9}, {"source": 5, "target": 10}, {"source": 5, "target": 11}, {"source": 6, "target": 7}, {"source": 6, "target": 8}, {"source": 6, "target": 9}, {"source": 6, "target": 10}, {"source": 6, "target": 11}, {"source": 7, "target": 12}, {"source": 7, "target": 13}, {"source": 8, "target": 12}, {"source": 8, "target": 13}, {"source": 9, "target": 12}, {"source": 9, "target": 13}, {"source": 10, "target": 12}, {"source": 10, "target": 13}, {"source": 11, "target": 12}, {"source": 11, "target": 13}], "multigraph": false}