{"directed": false, "graph": [], "nodes": [{"name": "rh_superiorfrontal", "weight": 0.631578947368421, "pos": [0, 40], "ts_group_id": 0, "label": "superiorfrontal", "input_id": 8, "layer_pos": 0, "y": 40, "x": 0, "brain_side": "right", "id": 8, "func_id": "7"}, {"name": "lh_superiorfrontal", "weight": 0.2894736842105263, "pos": [0, 210], "ts_group_id": 0, "label": "superiorfrontal", "input_id": 42, "layer_pos": 0, "y": 210, "x": 0, "brain_side": "left", "id": 42, "func_id": "7"}, {"name": "rh_superiorfrontal", "weight": 0.8157894736842105, "pos": [3, 40], "ts_group_id": 0, "label": "superiorfrontal", "input_id": 8, "layer_pos": 1, "y": 40, "x": 3, "brain_side": "right", "id": 76, "func_id": "7"}, {"name": "lh_superiorfrontal", "weight": 0.2631578947368421, "pos": [3, 210], "ts_group_id": 0, "label": "superiorfrontal", "input_id": 42, "layer_pos": 1, "y": 210, "x": 3, "brain_side": "left", "id": 110, "func_id": "7"}, {"name": "rh_superiorfrontal", "weight": 0.7894736842105263, "pos": [6, 40], "ts_group_id": 0, "label": "superiorfrontal", "input_id": 8, "layer_pos": 2, "y": 40, "x": 6, "brain_side": "right", "id": 144, "func_id": "7"}, {"name": "rh_caudalmiddlefrontal", "weight": 0.18421052631578946, "pos": [6, 45], "ts_group_id": 0, "label": "caudalmiddlefrontal", "input_id": 9, "layer_pos": 2, "y": 45, "x": 6, "brain_side": "right", "id": 145, "func_id": "6"}, {"name": "lh_superiorfrontal", "weight": 0.3157894736842105, "pos": [6, 210], "ts_group_id": 0, "label": "superiorfrontal", "input_id": 42, "layer_pos": 2, "y": 210, "x": 6, "brain_side": "left", "id": 178, "func_id": "7"}, {"name": "rh_superiorfrontal", "weight": 0.2631578947368421, "pos": [9, 40], "ts_group_id": 0, "label": "superiorfrontal", "input_id": 8, "layer_pos": 3, "y": 40, "x": 9, "brain_side": "right", "id": 212, "func_id": "7"}], "links": [{"source": 0, "target": 2}, {"source": 0, "target": 3}, {"source": 1, "target": 2}, {"source": 1, "target": 3}, {"source": 2, "target": 4}, {"source": 2, "target": 6}, {"source": 2, "target": 5}, {"source": 3, "target": 4}, {"source": 3, "target": 6}, {"source": 3, "target": 5}, {"source": 4, "target": 7}, {"source": 5, "target": 7}, {"source": 6, "target": 7}], "multigraph": false}