{"directed": false, "graph": [], "nodes": [{"name": "rh_superiortemporal", "weight": 0.5, "pos": [0, 160], "ts_group_id": 0, "label": "superiortemporal", "input_id": 32, "layer_pos": 0, "y": 160, "x": 0, "brain_side": "right", "id": 32, "func_id": "2"}, {"name": "rh_transversetemporal", "weight": 0.1875, "pos": [0, 165], "ts_group_id": 0, "label": "transversetemporal", "input_id": 33, "layer_pos": 0, "y": 165, "x": 0, "brain_side": "right", "id": 33, "func_id": "2"}, {"name": "rh_middletemporal", "weight": 0.21875, "pos": [3, 150], "ts_group_id": 0, "label": "middletemporal", "input_id": 30, "layer_pos": 1, "y": 150, "x": 3, "brain_side": "right", "id": 98, "func_id": "7"}, {"name": "rh_bankssts", "weight": 0.84375, "pos": [3, 155], "ts_group_id": 0, "label": "bankssts", "input_id": 31, "layer_pos": 1, "y": 155, "x": 3, "brain_side": "right", "id": 99, "func_id": "2"}, {"name": "rh_superiortemporal", "weight": 0.5625, "pos": [3, 160], "ts_group_id": 0, "label": "superiortemporal", "input_id": 32, "layer_pos": 1, "y": 160, "x": 3, "brain_side": "right", "id": 100, "func_id": "2"}, {"name": "rh_transversetemporal", "weight": 0.1875, "pos": [3, 165], "ts_group_id": 0, "label": "transversetemporal", "input_id": 33, "layer_pos": 1, "y": 165, "x": 3, "brain_side": "right", "id": 101, "func_id": "2"}, {"name": "rh_insula", "weight": 0.1875, "pos": [3, 170], "ts_group_id": 0, "label": "insula", "input_id": 34, "layer_pos": 1, "y": 170, "x": 3, "brain_side": "right", "id": 102, "func_id": "4"}, {"name": "rh_bankssts", "weight": 0.875, "pos": [6, 155], "ts_group_id": 0, "label": "bankssts", "input_id": 31, "layer_pos": 2, "y": 155, "x": 6, "brain_side": "right", "id": 167, "func_id": "2"}, {"name": "rh_superiortemporal", "weight": 0.4375, "pos": [6, 160], "ts_group_id": 0, "label": "superiortemporal", "input_id": 32, "layer_pos": 2, "y": 160, "x": 6, "brain_side": "right", "id": 168, "func_id": "2"}, {"name": "rh_bankssts", "weight": 0.28125, "pos": [9, 155], "ts_group_id": 0, "label": "bankssts", "input_id": 31, "layer_pos": 3, "y": 155, "x": 9, "brain_side": "right", "id": 235, "func_id": "2"}, {"name": "rh_superiortemporal", "weight": 0.21875, "pos": [9, 160], "ts_group_id": 0, "label": "superiortemporal", "input_id": 32, "layer_pos": 3, "y": 160, "x": 9, "brain_side": "right", "id": 236, "func_id": "2"}, {"name": "rh_insula", "weight": 0.1875, "pos": [0, 170], "ts_group_id": 0, "label": "insula", "input_id": 34, "layer_pos": 0, "y": 170, "x": 0, "brain_side": "right", "id": 34, "func_id": "4"}, {"name": "rh_bankssts", "weight": 0.75, "pos": [0, 155], "ts_group_id": 0, "label": "bankssts", "input_id": 31, "layer_pos": 0, "y": 155, "x": 0, "brain_side": "right", "id": 31, "func_id": "2"}], "links": [{"source": 0, "target": 2}, {"source": 0, "target": 3}, {"source": 0, "target": 4}, {"source": 0, "target": 5}, {"source": 0, "target": 6}, {"source": 1, "target": 4}, {"source": 1, "target": 5}, {"source": 1, "target": 6}, {"source": 2, "target": 8}, {"source": 2, "target": 11}, {"source": 2, "target": 7}, {"source": 2, "target": 12}, {"source": 3, "target": 8}, {"source": 3, "target": 11}, {"source": 3, "target": 7}, {"source": 3, "target": 12}, {"source": 4, "target": 11}, {"source": 4, "target": 7}, {"source": 4, "target": 8}, {"source": 4, "target": 12}, {"source": 5, "target": 11}, {"source": 5, "target": 8}, {"source": 6, "target": 11}, {"source": 6, "target": 7}, {"source": 6, "target": 8}, {"source": 6, "target": 12}, {"source": 7, "target": 9}, {"source": 7, "target": 10}, {"source": 8, "target": 9}, {"source": 8, "target": 10}], "multigraph": false}