{"directed": false, "graph": [], "nodes": [{"name": "rh_frontalpole", "weight": 0.18902439024390244, "pos": [0, 15], "ts_group_id": 0, "label": "frontalpole", "input_id": 3, "layer_pos": 0, "y": 15, "x": 0, "brain_side": "right", "id": 3, "func_id": "5"}, {"name": "rh_medialorbitofrontal", "weight": 0.3048780487804878, "pos": [0, 20], "ts_group_id": 0, "label": "medialorbitofrontal", "input_id": 4, "layer_pos": 0, "y": 20, "x": 0, "brain_side": "right", "id": 4, "func_id": "5"}, {"name": "lh_frontalpole", "weight": 0.21341463414634146, "pos": [0, 185], "ts_group_id": 0, "label": "frontalpole", "input_id": 37, "layer_pos": 0, "y": 185, "x": 0, "brain_side": "left", "id": 37, "func_id": "5"}, {"name": "lh_medialorbitofrontal", "weight": 0.2865853658536585, "pos": [0, 190], "ts_group_id": 0, "label": "medialorbitofrontal", "input_id": 38, "layer_pos": 0, "y": 190, "x": 0, "brain_side": "left", "id": 38, "func_id": "5"}, {"name": "rh_frontalpole", "weight": 0.2073170731707317, "pos": [3, 15], "ts_group_id": 0, "label": "frontalpole", "input_id": 3, "layer_pos": 1, "y": 15, "x": 3, "brain_side": "right", "id": 71, "func_id": "5"}, {"name": "rh_medialorbitofrontal", "weight": 0.3780487804878049, "pos": [3, 20], "ts_group_id": 0, "label": "medialorbitofrontal", "input_id": 4, "layer_pos": 1, "y": 20, "x": 3, "brain_side": "right", "id": 72, "func_id": "5"}, {"name": "lh_frontalpole", "weight": 0.24390243902439024, "pos": [3, 185], "ts_group_id": 0, "label": "frontalpole", "input_id": 37, "layer_pos": 1, "y": 185, "x": 3, "brain_side": "left", "id": 105, "func_id": "5"}, {"name": "lh_medialorbitofrontal", "weight": 0.35365853658536583, "pos": [3, 190], "ts_group_id": 0, "label": "medialorbitofrontal", "input_id": 38, "layer_pos": 1, "y": 190, "x": 3, "brain_side": "left", "id": 106, "func_id": "5"}, {"name": "rh_frontalpole", "weight": 0.18292682926829268, "pos": [6, 15], "ts_group_id": 0, "label": "frontalpole", "input_id": 3, "layer_pos": 2, "y": 15, "x": 6, "brain_side": "right", "id": 139, "func_id": "5"}, {"name": "rh_superiorfrontal", "weight": 0.17682926829268292, "pos": [3, 40], "ts_group_id": 0, "label": "superiorfrontal", "input_id": 8, "layer_pos": 1, "y": 40, "x": 3, "brain_side": "right", "id": 76, "func_id": "7"}, {"name": "lh_frontalpole", "weight": 0.21341463414634146, "pos": [6, 185], "ts_group_id": 0, "label": "frontalpole", "input_id": 37, "layer_pos": 2, "y": 185, "x": 6, "brain_side": "left", "id": 173, "func_id": "5"}, {"name": "rh_rostralanteriorcingulate", "weight": 0.22560975609756098, "pos": [0, 60], "ts_group_id": 0, "label": "rostralanteriorcingulate", "input_id": 12, "layer_pos": 0, "y": 60, "x": 0, "brain_side": "right", "id": 12, "func_id": "7"}, {"name": "lh_medialorbitofrontal", "weight": 0.29878048780487804, "pos": [6, 190], "ts_group_id": 0, "label": "medialorbitofrontal", "input_id": 38, "layer_pos": 2, "y": 190, "x": 6, "brain_side": "left", "id": 174, "func_id": "5"}, {"name": "rh_rostralanteriorcingulate", "weight": 0.3231707317073171, "pos": [3, 60], "ts_group_id": 0, "label": "rostralanteriorcingulate", "input_id": 12, "layer_pos": 1, "y": 60, "x": 3, "brain_side": "right", "id": 80, "func_id": "7"}, {"name": "lh_rostralanteriorcingulate", "weight": 0.34146341463414637, "pos": [3, 230], "ts_group_id": 0, "label": "rostralanteriorcingulate", "input_id": 46, "layer_pos": 1, "y": 230, "x": 3, "brain_side": "left", "id": 114, "func_id": "7"}, {"name": "rh_rostralanteriorcingulate", "weight": 0.2621951219512195, "pos": [6, 60], "ts_group_id": 0, "label": "rostralanteriorcingulate", "input_id": 12, "layer_pos": 2, "y": 60, "x": 6, "brain_side": "right", "id": 148, "func_id": "7"}, {"name": "lh_rostralanteriorcingulate", "weight": 0.22560975609756098, "pos": [0, 230], "ts_group_id": 0, "label": "rostralanteriorcingulate", "input_id": 46, "layer_pos": 0, "y": 230, "x": 0, "brain_side": "left", "id": 46, "func_id": "7"}, {"name": "lh_rostralanteriorcingulate", "weight": 0.29878048780487804, "pos": [6, 230], "ts_group_id": 0, "label": "rostralanteriorcingulate", "input_id": 46, "layer_pos": 2, "y": 230, "x": 6, "brain_side": "left", "id": 182, "func_id": "7"}, {"name": "rh_medialorbitofrontal", "weight": 0.32926829268292684, "pos": [6, 20], "ts_group_id": 0, "label": "medialorbitofrontal", "input_id": 4, "layer_pos": 2, "y": 20, "x": 6, "brain_side": "right", "id": 140, "func_id": "5"}], "links": [{"source": 0, "target": 5}, {"source": 0, "target": 7}, {"source": 0, "target": 4}, {"source": 1, "target": 4}, {"source": 1, "target": 5}, {"source": 1, "target": 6}, {"source": 1, "target": 7}, {"source": 1, "target": 9}, {"source": 1, "target": 13}, {"source": 1, "target": 14}, {"source": 2, "target": 5}, {"source": 2, "target": 6}, {"source": 2, "target": 7}, {"source": 2, "target": 9}, {"source": 3, "target": 4}, {"source": 3, "target": 5}, {"source": 3, "target": 6}, {"source": 3, "target": 7}, {"source": 3, "target": 9}, {"source": 3, "target": 13}, {"source": 3, "target": 14}, {"source": 4, "target": 8}, {"source": 4, "target": 18}, {"source": 4, "target": 12}, {"source": 5, "target": 18}, {"source": 5, "target": 8}, {"source": 5, "target": 11}, {"source": 5, "target": 10}, {"source": 5, "target": 16}, {"source": 5, "target": 15}, {"source": 5, "target": 12}, {"source": 5, "target": 17}, {"source": 6, "target": 18}, {"source": 6, "target": 10}, {"source": 6, "target": 12}, {"source": 7, "target": 18}, {"source": 7, "target": 8}, {"source": 7, "target": 11}, {"source": 7, "target": 10}, {"source": 7, "target": 16}, {"source": 7, "target": 15}, {"source": 7, "target": 12}, {"source": 7, "target": 17}, {"source": 9, "target": 18}, {"source": 9, "target": 11}, {"source": 9, "target": 10}, {"source": 9, "target": 16}, {"source": 9, "target": 15}, {"source": 9, "target": 12}, {"source": 9, "target": 17}, {"source": 11, "target": 13}, {"source": 11, "target": 14}, {"source": 12, "target": 13}, {"source": 12, "target": 14}, {"source": 13, "target": 18}, {"source": 13, "target": 16}, {"source": 13, "target": 15}, {"source": 13, "target": 17}, {"source": 14, "target": 18}, {"source": 14, "target": 16}, {"source": 14, "target": 15}, {"source": 14, "target": 17}], "multigraph": false}