{"directed": false, "graph": [], "nodes": [{"name": "rh_paracentral", "weight": 0.47619047619047616, "pos": [0, 55], "ts_group_id": 0, "label": "paracentral", "input_id": 11, "layer_pos": 0, "y": 55, "x": 0, "brain_side": "right", "id": 11, "func_id": "2"}, {"name": "lh_paracentral", "weight": 0.5595238095238095, "pos": [0, 225], "ts_group_id": 0, "label": "paracentral", "input_id": 45, "layer_pos": 0, "y": 225, "x": 0, "brain_side": "left", "id": 45, "func_id": "2"}, {"name": "rh_paracentral", "weight": 0.6547619047619048, "pos": [3, 55], "ts_group_id": 0, "label": "paracentral", "input_id": 11, "layer_pos": 1, "y": 55, "x": 3, "brain_side": "right", "id": 79, "func_id": "2"}, {"name": "lh_paracentral", "weight": 0.6190476190476191, "pos": [3, 225], "ts_group_id": 0, "label": "paracentral", "input_id": 45, "layer_pos": 1, "y": 225, "x": 3, "brain_side": "left", "id": 113, "func_id": "2"}, {"name": "rh_paracentral", "weight": 0.6547619047619048, "pos": [6, 55], "ts_group_id": 0, "label": "paracentral", "input_id": 11, "layer_pos": 2, "y": 55, "x": 6, "brain_side": "right", "id": 147, "func_id": "2"}, {"name": "lh_posteriorcingulate", "weight": 0.19047619047619047, "pos": [3, 240], "ts_group_id": 0, "label": "posteriorcingulate", "input_id": 48, "layer_pos": 1, "y": 240, "x": 3, "brain_side": "left", "id": 116, "func_id": "4"}, {"name": "lh_paracentral", "weight": 0.6785714285714286, "pos": [6, 225], "ts_group_id": 0, "label": "paracentral", "input_id": 45, "layer_pos": 2, "y": 225, "x": 6, "brain_side": "left", "id": 181, "func_id": "2"}, {"name": "rh_paracentral", "weight": 0.27380952380952384, "pos": [9, 55], "ts_group_id": 0, "label": "paracentral", "input_id": 11, "layer_pos": 3, "y": 55, "x": 9, "brain_side": "right", "id": 215, "func_id": "2"}, {"name": "lh_paracentral", "weight": 0.2857142857142857, "pos": [9, 225], "ts_group_id": 0, "label": "paracentral", "input_id": 45, "layer_pos": 3, "y": 225, "x": 9, "brain_side": "left", "id": 249, "func_id": "2"}], "links": [{"source": 0, "target": 3}, {"source": 0, "target": 5}, {"source": 0, "target": 2}, {"source": 1, "target": 3}, {"source": 1, "target": 5}, {"source": 1, "target": 2}, {"source": 2, "target": 4}, {"source": 2, "target": 6}, {"source": 3, "target": 4}, {"source": 3, "target": 6}, {"source": 4, "target": 8}, {"source": 4, "target": 7}, {"source": 4, "target": 5}, {"source": 5, "target": 6}, {"source": 6, "target": 8}, {"source": 6, "target": 7}], "multigraph": false}