{"directed": false, "graph": [], "nodes": [{"name": "lh_middletemporal", "weight": 0.19913419913419914, "pos": [0, 320], "ts_group_id": 0, "label": "middletemporal", "input_id": 64, "layer_pos": 0, "y": 320, "x": 0, "brain_side": "left", "id": 64, "func_id": "7"}, {"name": "lh_inferiortemporal", "weight": 0.17316017316017315, "pos": [3, 315], "ts_group_id": 0, "label": "inferiortemporal", "input_id": 63, "layer_pos": 1, "y": 315, "x": 3, "brain_side": "left", "id": 131, "func_id": "5"}, {"name": "lh_middletemporal", "weight": 0.19913419913419914, "pos": [3, 320], "ts_group_id": 0, "label": "middletemporal", "input_id": 64, "layer_pos": 1, "y": 320, "x": 3, "brain_side": "left", "id": 132, "func_id": "7"}, {"name": "lh_bankssts", "weight": 0.19480519480519481, "pos": [3, 325], "ts_group_id": 0, "label": "bankssts", "input_id": 65, "layer_pos": 1, "y": 325, "x": 3, "brain_side": "left", "id": 133, "func_id": "7"}, {"name": "lh_superiortemporal", "weight": 0.1774891774891775, "pos": [3, 330], "ts_group_id": 0, "label": "superiortemporal", "input_id": 66, "layer_pos": 1, "y": 330, "x": 3, "brain_side": "left", "id": 134, "func_id": "2"}, {"name": "lh_middletemporal", "weight": 0.17316017316017315, "pos": [6, 320], "ts_group_id": 0, "label": "middletemporal", "input_id": 64, "layer_pos": 2, "y": 320, "x": 6, "brain_side": "left", "id": 200, "func_id": "7"}, {"name": "lh_superiortemporal", "weight": 0.18181818181818182, "pos": [6, 330], "ts_group_id": 0, "label": "superiortemporal", "input_id": 66, "layer_pos": 2, "y": 330, "x": 6, "brain_side": "left", "id": 202, "func_id": "2"}, {"name": "lh_inferiorparietal", "weight": 0.2077922077922078, "pos": [3, 265], "ts_group_id": 0, "label": "inferiorparietal", "input_id": 53, "layer_pos": 1, "y": 265, "x": 3, "brain_side": "left", "id": 121, "func_id": "7"}, {"name": "lh_inferiorparietal", "weight": 0.19047619047619047, "pos": [6, 265], "ts_group_id": 0, "label": "inferiorparietal", "input_id": 53, "layer_pos": 2, "y": 265, "x": 6, "brain_side": "left", "id": 189, "func_id": "7"}, {"name": "lh_inferiortemporal", "weight": 0.18614718614718614, "pos": [0, 315], "ts_group_id": 0, "label": "inferiortemporal", "input_id": 63, "layer_pos": 0, "y": 315, "x": 0, "brain_side": "left", "id": 63, "func_id": "5"}], "links": [{"source": 0, "target": 7}, {"source": 0, "target": 1}, {"source": 0, "target": 2}, {"source": 0, "target": 3}, {"source": 0, "target": 4}, {"source": 1, "target": 5}, {"source": 1, "target": 6}, {"source": 1, "target": 8}, {"source": 1, "target": 9}, {"source": 2, "target": 5}, {"source": 2, "target": 6}, {"source": 2, "target": 8}, {"source": 2, "target": 9}, {"source": 3, "target": 5}, {"source": 3, "target": 6}, {"source": 3, "target": 8}, {"source": 4, "target": 5}, {"source": 4, "target": 6}, {"source": 4, "target": 8}, {"source": 4, "target": 9}, {"source": 5, "target": 7}, {"source": 6, "target": 7}, {"source": 7, "target": 8}, {"source": 7, "target": 9}], "multigraph": false}