{"directed": false, "graph": [], "nodes": [{"name": "lh_parahippocampal", "weight": 0.28846153846153844, "pos": [3, 300], "ts_group_id": 0, "label": "parahippocampal", "input_id": 60, "layer_pos": 1, "y": 300, "x": 3, "brain_side": "left", "id": 128, "func_id": "7"}, {"name": "lh_entorhinal", "weight": 0.47115384615384615, "pos": [3, 305], "ts_group_id": 0, "label": "entorhinal", "input_id": 61, "layer_pos": 1, "y": 305, "x": 3, "brain_side": "left", "id": 129, "func_id": "5"}, {"name": "lh_temporalpole", "weight": 0.4423076923076923, "pos": [3, 310], "ts_group_id": 0, "label": "temporalpole", "input_id": 62, "layer_pos": 1, "y": 310, "x": 3, "brain_side": "left", "id": 130, "func_id": "5"}, {"name": "lh_fusiform", "weight": 0.19230769230769232, "pos": [6, 295], "ts_group_id": 0, "label": "fusiform", "input_id": 59, "layer_pos": 2, "y": 295, "x": 6, "brain_side": "left", "id": 195, "func_id": "1"}, {"name": "lh_parahippocampal", "weight": 0.2692307692307692, "pos": [6, 300], "ts_group_id": 0, "label": "parahippocampal", "input_id": 60, "layer_pos": 2, "y": 300, "x": 6, "brain_side": "left", "id": 196, "func_id": "7"}, {"name": "lh_entorhinal", "weight": 0.4326923076923077, "pos": [6, 305], "ts_group_id": 0, "label": "entorhinal", "input_id": 61, "layer_pos": 2, "y": 305, "x": 6, "brain_side": "left", "id": 197, "func_id": "5"}, {"name": "lh_temporalpole", "weight": 0.41346153846153844, "pos": [6, 310], "ts_group_id": 0, "label": "temporalpole", "input_id": 62, "layer_pos": 2, "y": 310, "x": 6, "brain_side": "left", "id": 198, "func_id": "5"}, {"name": "lh_entorhinal", "weight": 0.18269230769230768, "pos": [9, 305], "ts_group_id": 0, "label": "entorhinal", "input_id": 61, "layer_pos": 3, "y": 305, "x": 9, "brain_side": "left", "id": 265, "func_id": "5"}, {"name": "lh_fusiform", "weight": 0.19230769230769232, "pos": [0, 295], "ts_group_id": 0, "label": "fusiform", "input_id": 59, "layer_pos": 0, "y": 295, "x": 0, "brain_side": "left", "id": 59, "func_id": "1"}, {"name": "lh_parahippocampal", "weight": 0.2980769230769231, "pos": [0, 300], "ts_group_id": 0, "label": "parahippocampal", "input_id": 60, "layer_pos": 0, "y": 300, "x": 0, "brain_side": "left", "id": 60, "func_id": "7"}, {"name": "lh_entorhinal", "weight": 0.36538461538461536, "pos": [0, 305], "ts_group_id": 0, "label": "entorhinal", "input_id": 61, "layer_pos": 0, "y": 305, "x": 0, "brain_side": "left", "id": 61, "func_id": "5"}, {"name": "lh_temporalpole", "weight": 0.41346153846153844, "pos": [0, 310], "ts_group_id": 0, "label": "temporalpole", "input_id": 62, "layer_pos": 0, "y": 310, "x": 0, "brain_side": "left", "id": 62, "func_id": "5"}, {"name": "lh_fusiform", "weight": 0.19230769230769232, "pos": [3, 295], "ts_group_id": 0, "label": "fusiform", "input_id": 59, "layer_pos": 1, "y": 295, "x": 3, "brain_side": "left", "id": 127, "func_id": "1"}], "links": [{"source": 0, "target": 3}, {"source": 0, "target": 4}, {"source": 0, "target": 5}, {"source": 0, "target": 8}, {"source": 0, "target": 9}, {"source": 0, "target": 10}, {"source": 1, "target": 3}, {"source": 1, "target": 4}, {"source": 1, "target": 5}, {"source": 1, "target": 6}, {"source": 1, "target": 8}, {"source": 1, "target": 9}, {"source": 1, "target": 10}, {"source": 1, "target": 11}, {"source": 2, "target": 3}, {"source": 2, "target": 5}, {"source": 2, "target": 6}, {"source": 2, "target": 8}, {"source": 2, "target": 10}, {"source": 2, "target": 11}, {"source": 3, "target": 7}, {"source": 3, "target": 12}, {"source": 4, "target": 7}, {"source": 4, "target": 12}, {"source": 5, "target": 7}, {"source": 5, "target": 12}, {"source": 6, "target": 7}, {"source": 6, "target": 12}, {"source": 8, "target": 12}, {"source": 9, "target": 12}, {"source": 10, "target": 12}, {"source": 11, "target": 12}], "multigraph": false}