{"directed": false, "graph": [], "nodes": [{"name": "lh_parsorbitalis", "weight": 0.31451612903225806, "pos": [0, 180], "ts_group_id": 0, "label": "parsorbitalis", "input_id": 36, "layer_pos": 0, "y": 180, "x": 0, "brain_side": "left", "id": 36, "func_id": "7"}, {"name": "lh_parstriangularis", "weight": 0.5483870967741935, "pos": [0, 195], "ts_group_id": 0, "label": "parstriangularis", "input_id": 39, "layer_pos": 0, "y": 195, "x": 0, "brain_side": "left", "id": 39, "func_id": "7"}, {"name": "lh_parsorbitalis", "weight": 0.3548387096774194, "pos": [3, 180], "ts_group_id": 0, "label": "parsorbitalis", "input_id": 36, "layer_pos": 1, "y": 180, "x": 3, "brain_side": "left", "id": 104, "func_id": "7"}, {"name": "lh_parsorbitalis", "weight": 0.3064516129032258, "pos": [6, 180], "ts_group_id": 0, "label": "parsorbitalis", "input_id": 36, "layer_pos": 2, "y": 180, "x": 6, "brain_side": "left", "id": 172, "func_id": "7"}, {"name": "lh_parstriangularis", "weight": 0.6048387096774194, "pos": [3, 195], "ts_group_id": 0, "label": "parstriangularis", "input_id": 39, "layer_pos": 1, "y": 195, "x": 3, "brain_side": "left", "id": 107, "func_id": "7"}, {"name": "lh_parsopercularis", "weight": 0.5564516129032258, "pos": [3, 200], "ts_group_id": 0, "label": "parsopercularis", "input_id": 40, "layer_pos": 1, "y": 200, "x": 3, "brain_side": "left", "id": 108, "func_id": "4"}, {"name": "lh_parstriangularis", "weight": 0.5645161290322581, "pos": [6, 195], "ts_group_id": 0, "label": "parstriangularis", "input_id": 39, "layer_pos": 2, "y": 195, "x": 6, "brain_side": "left", "id": 175, "func_id": "7"}, {"name": "lh_parsopercularis", "weight": 0.4838709677419355, "pos": [6, 200], "ts_group_id": 0, "label": "parsopercularis", "input_id": 40, "layer_pos": 2, "y": 200, "x": 6, "brain_side": "left", "id": 176, "func_id": "4"}, {"name": "lh_parsopercularis", "weight": 0.45161290322580644, "pos": [0, 200], "ts_group_id": 0, "label": "parsopercularis", "input_id": 40, "layer_pos": 0, "y": 200, "x": 0, "brain_side": "left", "id": 40, "func_id": "4"}, {"name": "lh_parstriangularis", "weight": 0.28225806451612906, "pos": [9, 195], "ts_group_id": 0, "label": "parstriangularis", "input_id": 39, "layer_pos": 3, "y": 195, "x": 9, "brain_side": "left", "id": 243, "func_id": "7"}, {"name": "lh_parsopercularis", "weight": 0.21774193548387097, "pos": [9, 200], "ts_group_id": 0, "label": "parsopercularis", "input_id": 40, "layer_pos": 3, "y": 200, "x": 9, "brain_side": "left", "id": 244, "func_id": "4"}], "links": [{"source": 0, "target": 2}, {"source": 0, "target": 4}, {"source": 1, "target": 2}, {"source": 1, "target": 4}, {"source": 1, "target": 5}, {"source": 2, "target": 3}, {"source": 2, "target": 6}, {"source": 3, "target": 4}, {"source": 3, "target": 9}, {"source": 4, "target": 8}, {"source": 4, "target": 6}, {"source": 4, "target": 7}, {"source": 5, "target": 8}, {"source": 5, "target": 7}, {"source": 5, "target": 6}, {"source": 6, "target": 10}, {"source": 6, "target": 9}, {"source": 7, "target": 10}, {"source": 7, "target": 9}], "multigraph": false}