{"directed": false, "graph": [], "nodes": [{"name": "rh_parsorbitalis", "weight": 0.17316017316017315, "pos": [0, 10], "ts_group_id": 0, "label": "parsorbitalis", "input_id": 2, "layer_pos": 0, "y": 10, "x": 0, "brain_side": "right", "id": 2, "func_id": "7"}, {"name": "rh_parstriangularis", "weight": 0.21645021645021645, "pos": [0, 25], "ts_group_id": 0, "label": "parstriangularis", "input_id": 5, "layer_pos": 0, "y": 25, "x": 0, "brain_side": "right", "id": 5, "func_id": "4"}, {"name": "rh_parsorbitalis", "weight": 0.2077922077922078, "pos": [3, 10], "ts_group_id": 0, "label": "parsorbitalis", "input_id": 2, "layer_pos": 1, "y": 10, "x": 3, "brain_side": "right", "id": 70, "func_id": "7"}, {"name": "rh_rostralmiddlefrontal", "weight": 0.21212121212121213, "pos": [0, 35], "ts_group_id": 0, "label": "rostralmiddlefrontal", "input_id": 7, "layer_pos": 0, "y": 35, "x": 0, "brain_side": "right", "id": 7, "func_id": "6"}, {"name": "rh_parstriangularis", "weight": 0.29004329004329005, "pos": [3, 25], "ts_group_id": 0, "label": "parstriangularis", "input_id": 5, "layer_pos": 1, "y": 25, "x": 3, "brain_side": "right", "id": 73, "func_id": "4"}, {"name": "rh_parsopercularis", "weight": 0.22510822510822512, "pos": [3, 30], "ts_group_id": 0, "label": "parsopercularis", "input_id": 6, "layer_pos": 1, "y": 30, "x": 3, "brain_side": "right", "id": 74, "func_id": "4"}, {"name": "rh_rostralmiddlefrontal", "weight": 0.22510822510822512, "pos": [3, 35], "ts_group_id": 0, "label": "rostralmiddlefrontal", "input_id": 7, "layer_pos": 1, "y": 35, "x": 3, "brain_side": "right", "id": 75, "func_id": "6"}, {"name": "rh_caudalmiddlefrontal", "weight": 0.21645021645021645, "pos": [3, 45], "ts_group_id": 0, "label": "caudalmiddlefrontal", "input_id": 9, "layer_pos": 1, "y": 45, "x": 3, "brain_side": "right", "id": 77, "func_id": "6"}, {"name": "rh_parsopercularis", "weight": 0.19913419913419914, "pos": [6, 30], "ts_group_id": 0, "label": "parsopercularis", "input_id": 6, "layer_pos": 2, "y": 30, "x": 6, "brain_side": "right", "id": 142, "func_id": "4"}, {"name": "rh_parstriangularis", "weight": 0.24242424242424243, "pos": [6, 25], "ts_group_id": 0, "label": "parstriangularis", "input_id": 5, "layer_pos": 2, "y": 25, "x": 6, "brain_side": "right", "id": 141, "func_id": "4"}, {"name": "rh_caudalmiddlefrontal", "weight": 0.20346320346320346, "pos": [6, 45], "ts_group_id": 0, "label": "caudalmiddlefrontal", "input_id": 9, "layer_pos": 2, "y": 45, "x": 6, "brain_side": "right", "id": 145, "func_id": "6"}, {"name": "rh_inferiorparietal", "weight": 0.17316017316017315, "pos": [0, 95], "ts_group_id": 0, "label": "inferiorparietal", "input_id": 19, "layer_pos": 0, "y": 95, "x": 0, "brain_side": "right", "id": 19, "func_id": "7"}, {"name": "rh_caudalmiddlefrontal", "weight": 0.1774891774891775, "pos": [0, 45], "ts_group_id": 0, "label": "caudalmiddlefrontal", "input_id": 9, "layer_pos": 0, "y": 45, "x": 0, "brain_side": "right", "id": 9, "func_id": "6"}, {"name": "rh_inferiorparietal", "weight": 0.19047619047619047, "pos": [3, 95], "ts_group_id": 0, "label": "inferiorparietal", "input_id": 19, "layer_pos": 1, "y": 95, "x": 3, "brain_side": "right", "id": 87, "func_id": "7"}, {"name": "rh_parsopercularis", "weight": 0.18181818181818182, "pos": [0, 30], "ts_group_id": 0, "label": "parsopercularis", "input_id": 6, "layer_pos": 0, "y": 30, "x": 0, "brain_side": "right", "id": 6, "func_id": "4"}, {"name": "rh_rostralmiddlefrontal", "weight": 0.23376623376623376, "pos": [6, 35], "ts_group_id": 0, "label": "rostralmiddlefrontal", "input_id": 7, "layer_pos": 2, "y": 35, "x": 6, "brain_side": "right", "id": 143, "func_id": "6"}, {"name": "rh_parsorbitalis", "weight": 0.18614718614718614, "pos": [6, 10], "ts_group_id": 0, "label": "parsorbitalis", "input_id": 2, "layer_pos": 2, "y": 10, "x": 6, "brain_side": "right", "id": 138, "func_id": "7"}], "links": [{"source": 0, "target": 4}, {"source": 0, "target": 6}, {"source": 0, "target": 2}, {"source": 1, "target": 4}, {"source": 1, "target": 5}, {"source": 1, "target": 6}, {"source": 1, "target": 2}, {"source": 1, "target": 13}, {"source": 2, "target": 3}, {"source": 2, "target": 16}, {"source": 2, "target": 9}, {"source": 2, "target": 15}, {"source": 3, "target": 4}, {"source": 3, "target": 5}, {"source": 3, "target": 6}, {"source": 3, "target": 7}, {"source": 3, "target": 13}, {"source": 4, "target": 14}, {"source": 4, "target": 16}, {"source": 4, "target": 9}, {"source": 4, "target": 8}, {"source": 4, "target": 15}, {"source": 4, "target": 11}, {"source": 5, "target": 14}, {"source": 5, "target": 12}, {"source": 5, "target": 9}, {"source": 5, "target": 8}, {"source": 5, "target": 15}, {"source": 5, "target": 10}, {"source": 5, "target": 11}, {"source": 6, "target": 14}, {"source": 6, "target": 12}, {"source": 6, "target": 16}, {"source": 6, "target": 9}, {"source": 6, "target": 8}, {"source": 6, "target": 15}, {"source": 6, "target": 10}, {"source": 6, "target": 11}, {"source": 7, "target": 14}, {"source": 7, "target": 12}, {"source": 7, "target": 8}, {"source": 7, "target": 15}, {"source": 7, "target": 10}, {"source": 7, "target": 11}, {"source": 8, "target": 13}, {"source": 9, "target": 13}, {"source": 10, "target": 13}, {"source": 11, "target": 13}, {"source": 12, "target": 13}, {"source": 13, "target": 14}, {"source": 13, "target": 15}], "multigraph": false}