{"directed": false, "graph": [], "nodes": [{"name": "rh_cuneus", "weight": 0.27388535031847133, "pos": [0, 105], "ts_group_id": 0, "label": "cuneus", "input_id": 21, "layer_pos": 0, "y": 105, "x": 0, "brain_side": "right", "id": 21, "func_id": "1"}, {"name": "rh_pericalcarine", "weight": 0.3375796178343949, "pos": [0, 110], "ts_group_id": 0, "label": "pericalcarine", "input_id": 22, "layer_pos": 0, "y": 110, "x": 0, "brain_side": "right", "id": 22, "func_id": "1"}, {"name": "rh_lateraloccipital", "weight": 0.1910828025477707, "pos": [0, 115], "ts_group_id": 0, "label": "lateraloccipital", "input_id": 23, "layer_pos": 0, "y": 115, "x": 0, "brain_side": "right", "id": 23, "func_id": "1"}, {"name": "rh_lingual", "weight": 0.2802547770700637, "pos": [0, 120], "ts_group_id": 0, "label": "lingual", "input_id": 24, "layer_pos": 0, "y": 120, "x": 0, "brain_side": "right", "id": 24, "func_id": "1"}, {"name": "rh_cuneus", "weight": 0.28662420382165604, "pos": [6, 105], "ts_group_id": 0, "label": "cuneus", "input_id": 21, "layer_pos": 2, "y": 105, "x": 6, "brain_side": "right", "id": 157, "func_id": "1"}, {"name": "rh_pericalcarine", "weight": 0.31210191082802546, "pos": [6, 110], "ts_group_id": 0, "label": "pericalcarine", "input_id": 22, "layer_pos": 2, "y": 110, "x": 6, "brain_side": "right", "id": 158, "func_id": "1"}, {"name": "rh_lateraloccipital", "weight": 0.20382165605095542, "pos": [6, 115], "ts_group_id": 0, "label": "lateraloccipital", "input_id": 23, "layer_pos": 2, "y": 115, "x": 6, "brain_side": "right", "id": 159, "func_id": "1"}, {"name": "rh_lingual", "weight": 0.2356687898089172, "pos": [6, 120], "ts_group_id": 0, "label": "lingual", "input_id": 24, "layer_pos": 2, "y": 120, "x": 6, "brain_side": "right", "id": 160, "func_id": "1"}, {"name": "lh_cuneus", "weight": 0.2929936305732484, "pos": [0, 275], "ts_group_id": 0, "label": "cuneus", "input_id": 55, "layer_pos": 0, "y": 275, "x": 0, "brain_side": "left", "id": 55, "func_id": "1"}, {"name": "lh_pericalcarine", "weight": 0.3630573248407643, "pos": [0, 280], "ts_group_id": 0, "label": "pericalcarine", "input_id": 56, "layer_pos": 0, "y": 280, "x": 0, "brain_side": "left", "id": 56, "func_id": "1"}, {"name": "lh_lateraloccipital", "weight": 0.18471337579617833, "pos": [0, 285], "ts_group_id": 0, "label": "lateraloccipital", "input_id": 57, "layer_pos": 0, "y": 285, "x": 0, "brain_side": "left", "id": 57, "func_id": "1"}, {"name": "lh_lingual", "weight": 0.21656050955414013, "pos": [0, 290], "ts_group_id": 0, "label": "lingual", "input_id": 58, "layer_pos": 0, "y": 290, "x": 0, "brain_side": "left", "id": 58, "func_id": "1"}, {"name": "lh_cuneus", "weight": 0.3184713375796178, "pos": [6, 275], "ts_group_id": 0, "label": "cuneus", "input_id": 55, "layer_pos": 2, "y": 275, "x": 6, "brain_side": "left", "id": 191, "func_id": "1"}, {"name": "lh_pericalcarine", "weight": 0.3375796178343949, "pos": [6, 280], "ts_group_id": 0, "label": "pericalcarine", "input_id": 56, "layer_pos": 2, "y": 280, "x": 6, "brain_side": "left", "id": 192, "func_id": "1"}, {"name": "lh_lingual", "weight": 0.25477707006369427, "pos": [6, 290], "ts_group_id": 0, "label": "lingual", "input_id": 58, "layer_pos": 2, "y": 290, "x": 6, "brain_side": "left", "id": 194, "func_id": "1"}, {"name": "rh_cuneus", "weight": 0.3057324840764331, "pos": [3, 105], "ts_group_id": 0, "label": "cuneus", "input_id": 21, "layer_pos": 1, "y": 105, "x": 3, "brain_side": "right", "id": 89, "func_id": "1"}, {"name": "rh_pericalcarine", "weight": 0.4012738853503185, "pos": [3, 110], "ts_group_id": 0, "label": "pericalcarine", "input_id": 22, "layer_pos": 1, "y": 110, "x": 3, "brain_side": "right", "id": 90, "func_id": "1"}, {"name": "rh_lateraloccipital", "weight": 0.2356687898089172, "pos": [3, 115], "ts_group_id": 0, "label": "lateraloccipital", "input_id": 23, "layer_pos": 1, "y": 115, "x": 3, "brain_side": "right", "id": 91, "func_id": "1"}, {"name": "rh_lingual", "weight": 0.31210191082802546, "pos": [3, 120], "ts_group_id": 0, "label": "lingual", "input_id": 24, "layer_pos": 1, "y": 120, "x": 3, "brain_side": "right", "id": 92, "func_id": "1"}, {"name": "lh_cuneus", "weight": 0.3821656050955414, "pos": [3, 275], "ts_group_id": 0, "label": "cuneus", "input_id": 55, "layer_pos": 1, "y": 275, "x": 3, "brain_side": "left", "id": 123, "func_id": "1"}, {"name": "lh_pericalcarine", "weight": 0.3885350318471338, "pos": [3, 280], "ts_group_id": 0, "label": "pericalcarine", "input_id": 56, "layer_pos": 1, "y": 280, "x": 3, "brain_side": "left", "id": 124, "func_id": "1"}, {"name": "lh_lateraloccipital", "weight": 0.2229299363057325, "pos": [3, 285], "ts_group_id": 0, "label": "lateraloccipital", "input_id": 57, "layer_pos": 1, "y": 285, "x": 3, "brain_side": "left", "id": 125, "func_id": "1"}, {"name": "lh_lingual", "weight": 0.3057324840764331, "pos": [3, 290], "ts_group_id": 0, "label": "lingual", "input_id": 58, "layer_pos": 1, "y": 290, "x": 3, "brain_side": "left", "id": 126, "func_id": "1"}], "links": [{"source": 0, "target": 17}, {"source": 0, "target": 20}, {"source": 0, "target": 15}, {"source": 0, "target": 16}, {"source": 0, "target": 19}, {"source": 0, "target": 18}, {"source": 0, "target": 21}, {"source": 1, "target": 17}, {"source": 1, "target": 20}, {"source": 1, "target": 15}, {"source": 1, "target": 16}, {"source": 1, "target": 19}, {"source": 1, "target": 18}, {"source": 1, "target": 21}, {"source": 1, "target": 22}, {"source": 2, "target": 17}, {"source": 2, "target": 20}, {"source": 2, "target": 15}, {"source": 2, "target": 16}, {"source": 2, "target": 19}, {"source": 2, "target": 18}, {"source": 2, "target": 21}, {"source": 3, "target": 17}, {"source": 3, "target": 20}, {"source": 3, "target": 15}, {"source": 3, "target": 16}, {"source": 3, "target": 19}, {"source": 3, "target": 18}, {"source": 3, "target": 22}, {"source": 4, "target": 17}, {"source": 4, "target": 20}, {"source": 4, "target": 15}, {"source": 4, "target": 16}, {"source": 4, "target": 19}, {"source": 4, "target": 18}, {"source": 4, "target": 21}, {"source": 5, "target": 17}, {"source": 5, "target": 20}, {"source": 5, "target": 15}, {"source": 5, "target": 16}, {"source": 5, "target": 19}, {"source": 5, "target": 18}, {"source": 5, "target": 21}, {"source": 5, "target": 22}, {"source": 6, "target": 17}, {"source": 6, "target": 20}, {"source": 6, "target": 15}, {"source": 6, "target": 16}, {"source": 6, "target": 19}, {"source": 6, "target": 18}, {"source": 6, "target": 21}, {"source": 7, "target": 17}, {"source": 7, "target": 20}, {"source": 7, "target": 15}, {"source": 7, "target": 16}, {"source": 7, "target": 19}, {"source": 7, "target": 18}, {"source": 7, "target": 22}, {"source": 8, "target": 17}, {"source": 8, "target": 20}, {"source": 8, "target": 15}, {"source": 8, "target": 16}, {"source": 8, "target": 19}, {"source": 8, "target": 18}, {"source": 8, "target": 21}, {"source": 8, "target": 22}, {"source": 9, "target": 17}, {"source": 9, "target": 20}, {"source": 9, "target": 15}, {"source": 9, "target": 16}, {"source": 9, "target": 19}, {"source": 9, "target": 18}, {"source": 9, "target": 21}, {"source": 9, "target": 22}, {"source": 10, "target": 17}, {"source": 10, "target": 15}, {"source": 10, "target": 16}, {"source": 10, "target": 19}, {"source": 10, "target": 20}, {"source": 10, "target": 21}, {"source": 10, "target": 22}, {"source": 11, "target": 18}, {"source": 11, "target": 16}, {"source": 11, "target": 19}, {"source": 11, "target": 20}, {"source": 11, "target": 21}, {"source": 11, "target": 22}, {"source": 12, "target": 17}, {"source": 12, "target": 20}, {"source": 12, "target": 15}, {"source": 12, "target": 16}, {"source": 12, "target": 19}, {"source": 12, "target": 18}, {"source": 12, "target": 21}, {"source": 12, "target": 22}, {"source": 13, "target": 17}, {"source": 13, "target": 20}, {"source": 13, "target": 15}, {"source": 13, "target": 16}, {"source": 13, "target": 19}, {"source": 13, "target": 18}, {"source": 13, "target": 21}, {"source": 13, "target": 22}, {"source": 14, "target": 18}, {"source": 14, "target": 16}, {"source": 14, "target": 19}, {"source": 14, "target": 20}, {"source": 14, "target": 21}, {"source": 14, "target": 22}], "multigraph": false}