{"directed": false, "graph": [], "nodes": [{"name": "rh_postcentral", "weight": 0.3894736842105263, "pos": [0, 80], "ts_group_id": 0, "label": "postcentral", "input_id": 16, "layer_pos": 0, "y": 80, "x": 0, "brain_side": "right", "id": 16, "func_id": "2"}, {"name": "rh_precentral", "weight": 0.17894736842105263, "pos": [0, 50], "ts_group_id": 0, "label": "precentral", "input_id": 10, "layer_pos": 0, "y": 50, "x": 0, "brain_side": "right", "id": 10, "func_id": "2"}, {"name": "lh_precentral", "weight": 0.30526315789473685, "pos": [0, 220], "ts_group_id": 0, "label": "precentral", "input_id": 44, "layer_pos": 0, "y": 220, "x": 0, "brain_side": "left", "id": 44, "func_id": "2"}, {"name": "rh_precentral", "weight": 0.23157894736842105, "pos": [6, 50], "ts_group_id": 0, "label": "precentral", "input_id": 10, "layer_pos": 2, "y": 50, "x": 6, "brain_side": "right", "id": 146, "func_id": "2"}, {"name": "rh_precentral", "weight": 0.25263157894736843, "pos": [3, 50], "ts_group_id": 0, "label": "precentral", "input_id": 10, "layer_pos": 1, "y": 50, "x": 3, "brain_side": "right", "id": 78, "func_id": "2"}, {"name": "lh_precentral", "weight": 0.30526315789473685, "pos": [3, 220], "ts_group_id": 0, "label": "precentral", "input_id": 44, "layer_pos": 1, "y": 220, "x": 3, "brain_side": "left", "id": 112, "func_id": "2"}, {"name": "lh_postcentral", "weight": 0.49473684210526314, "pos": [0, 250], "ts_group_id": 0, "label": "postcentral", "input_id": 50, "layer_pos": 0, "y": 250, "x": 0, "brain_side": "left", "id": 50, "func_id": "2"}, {"name": "rh_postcentral", "weight": 0.5578947368421052, "pos": [3, 80], "ts_group_id": 0, "label": "postcentral", "input_id": 16, "layer_pos": 1, "y": 80, "x": 3, "brain_side": "right", "id": 84, "func_id": "2"}, {"name": "lh_postcentral", "weight": 0.49473684210526314, "pos": [3, 250], "ts_group_id": 0, "label": "postcentral", "input_id": 50, "layer_pos": 1, "y": 250, "x": 3, "brain_side": "left", "id": 118, "func_id": "2"}, {"name": "rh_postcentral", "weight": 0.5789473684210527, "pos": [6, 80], "ts_group_id": 0, "label": "postcentral", "input_id": 16, "layer_pos": 2, "y": 80, "x": 6, "brain_side": "right", "id": 152, "func_id": "2"}, {"name": "lh_precentral", "weight": 0.21052631578947367, "pos": [6, 220], "ts_group_id": 0, "label": "precentral", "input_id": 44, "layer_pos": 2, "y": 220, "x": 6, "brain_side": "left", "id": 180, "func_id": "2"}, {"name": "lh_postcentral", "weight": 0.4842105263157895, "pos": [6, 250], "ts_group_id": 0, "label": "postcentral", "input_id": 50, "layer_pos": 2, "y": 250, "x": 6, "brain_side": "left", "id": 186, "func_id": "2"}, {"name": "rh_postcentral", "weight": 0.29473684210526313, "pos": [9, 80], "ts_group_id": 0, "label": "postcentral", "input_id": 16, "layer_pos": 3, "y": 80, "x": 9, "brain_side": "right", "id": 220, "func_id": "2"}, {"name": "lh_postcentral", "weight": 0.25263157894736843, "pos": [9, 250], "ts_group_id": 0, "label": "postcentral", "input_id": 50, "layer_pos": 3, "y": 250, "x": 9, "brain_side": "left", "id": 254, "func_id": "2"}], "links": [{"source": 0, "target": 7}, {"source": 0, "target": 8}, {"source": 0, "target": 4}, {"source": 1, "target": 5}, {"source": 1, "target": 7}, {"source": 1, "target": 4}, {"source": 2, "target": 5}, {"source": 2, "target": 8}, {"source": 2, "target": 4}, {"source": 3, "target": 5}, {"source": 3, "target": 12}, {"source": 3, "target": 7}, {"source": 3, "target": 4}, {"source": 4, "target": 10}, {"source": 4, "target": 9}, {"source": 5, "target": 6}, {"source": 5, "target": 10}, {"source": 5, "target": 11}, {"source": 6, "target": 7}, {"source": 6, "target": 8}, {"source": 7, "target": 9}, {"source": 7, "target": 11}, {"source": 8, "target": 10}, {"source": 8, "target": 9}, {"source": 8, "target": 11}, {"source": 9, "target": 12}, {"source": 9, "target": 13}, {"source": 10, "target": 13}, {"source": 11, "target": 12}, {"source": 11, "target": 13}], "multigraph": false}