{"directed": false, "graph": [], "nodes": [{"name": "rh_rostralanteriorcingulate", "weight": 0.192, "pos": [0, 60], "ts_group_id": 0, "label": "rostralanteriorcingulate", "input_id": 12, "layer_pos": 0, "y": 60, "x": 0, "brain_side": "right", "id": 12, "func_id": "7"}, {"name": "lh_rostralanteriorcingulate", "weight": 0.184, "pos": [3, 230], "ts_group_id": 0, "label": "rostralanteriorcingulate", "input_id": 46, "layer_pos": 1, "y": 230, "x": 3, "brain_side": "left", "id": 114, "func_id": "7"}, {"name": "rh_posteriorcingulate", "weight": 0.248, "pos": [0, 70], "ts_group_id": 0, "label": "posteriorcingulate", "input_id": 14, "layer_pos": 0, "y": 70, "x": 0, "brain_side": "right", "id": 14, "func_id": "4"}, {"name": "rh_caudalanteriorcingulate", "weight": 0.44, "pos": [0, 65], "ts_group_id": 0, "label": "caudalanteriorcingulate", "input_id": 13, "layer_pos": 0, "y": 65, "x": 0, "brain_side": "right", "id": 13, "func_id": "4"}, {"name": "lh_posteriorcingulate", "weight": 0.224, "pos": [0, 240], "ts_group_id": 0, "label": "posteriorcingulate", "input_id": 48, "layer_pos": 0, "y": 240, "x": 0, "brain_side": "left", "id": 48, "func_id": "4"}, {"name": "rh_caudalanteriorcingulate", "weight": 0.536, "pos": [3, 65], "ts_group_id": 0, "label": "caudalanteriorcingulate", "input_id": 13, "layer_pos": 1, "y": 65, "x": 3, "brain_side": "right", "id": 81, "func_id": "4"}, {"name": "rh_posteriorcingulate", "weight": 0.344, "pos": [3, 70], "ts_group_id": 0, "label": "posteriorcingulate", "input_id": 14, "layer_pos": 1, "y": 70, "x": 3, "brain_side": "right", "id": 82, "func_id": "4"}, {"name": "lh_caudalanteriorcingulate", "weight": 0.568, "pos": [3, 235], "ts_group_id": 0, "label": "caudalanteriorcingulate", "input_id": 47, "layer_pos": 1, "y": 235, "x": 3, "brain_side": "left", "id": 115, "func_id": "4"}, {"name": "lh_posteriorcingulate", "weight": 0.36, "pos": [3, 240], "ts_group_id": 0, "label": "posteriorcingulate", "input_id": 48, "layer_pos": 1, "y": 240, "x": 3, "brain_side": "left", "id": 116, "func_id": "4"}, {"name": "lh_rostralanteriorcingulate", "weight": 0.184, "pos": [0, 230], "ts_group_id": 0, "label": "rostralanteriorcingulate", "input_id": 46, "layer_pos": 0, "y": 230, "x": 0, "brain_side": "left", "id": 46, "func_id": "7"}, {"name": "rh_posteriorcingulate", "weight": 0.272, "pos": [6, 70], "ts_group_id": 0, "label": "posteriorcingulate", "input_id": 14, "layer_pos": 2, "y": 70, "x": 6, "brain_side": "right", "id": 150, "func_id": "4"}, {"name": "lh_caudalanteriorcingulate", "weight": 0.424, "pos": [6, 235], "ts_group_id": 0, "label": "caudalanteriorcingulate", "input_id": 47, "layer_pos": 2, "y": 235, "x": 6, "brain_side": "left", "id": 183, "func_id": "4"}, {"name": "lh_posteriorcingulate", "weight": 0.328, "pos": [6, 240], "ts_group_id": 0, "label": "posteriorcingulate", "input_id": 48, "layer_pos": 2, "y": 240, "x": 6, "brain_side": "left", "id": 184, "func_id": "4"}, {"name": "lh_caudalanteriorcingulate", "weight": 0.512, "pos": [0, 235], "ts_group_id": 0, "label": "caudalanteriorcingulate", "input_id": 47, "layer_pos": 0, "y": 235, "x": 0, "brain_side": "left", "id": 47, "func_id": "4"}, {"name": "rh_caudalanteriorcingulate", "weight": 0.432, "pos": [6, 65], "ts_group_id": 0, "label": "caudalanteriorcingulate", "input_id": 13, "layer_pos": 2, "y": 65, "x": 6, "brain_side": "right", "id": 149, "func_id": "4"}], "links": [{"source": 0, "target": 5}, {"source": 0, "target": 6}, {"source": 0, "target": 1}, {"source": 1, "target": 9}, {"source": 1, "target": 13}, {"source": 1, "target": 4}, {"source": 1, "target": 11}, {"source": 1, "target": 12}, {"source": 2, "target": 5}, {"source": 2, "target": 6}, {"source": 2, "target": 8}, {"source": 3, "target": 5}, {"source": 3, "target": 6}, {"source": 3, "target": 7}, {"source": 4, "target": 6}, {"source": 4, "target": 7}, {"source": 4, "target": 8}, {"source": 5, "target": 13}, {"source": 5, "target": 14}, {"source": 5, "target": 10}, {"source": 5, "target": 11}, {"source": 6, "target": 14}, {"source": 6, "target": 10}, {"source": 6, "target": 12}, {"source": 7, "target": 9}, {"source": 7, "target": 13}, {"source": 7, "target": 14}, {"source": 7, "target": 11}, {"source": 7, "target": 12}, {"source": 8, "target": 9}, {"source": 8, "target": 13}, {"source": 8, "target": 10}, {"source": 8, "target": 11}, {"source": 8, "target": 12}], "multigraph": false}