{"directed": false, "graph": [], "nodes": [{"name": "rh_temporalpole", "weight": 0.352, "pos": [3, 140], "ts_group_id": 0, "label": "temporalpole", "input_id": 28, "layer_pos": 1, "y": 140, "x": 3, "brain_side": "right", "id": 96, "func_id": "5"}, {"name": "rh_inferiortemporal", "weight": 0.272, "pos": [3, 145], "ts_group_id": 0, "label": "inferiortemporal", "input_id": 29, "layer_pos": 1, "y": 145, "x": 3, "brain_side": "right", "id": 97, "func_id": "5"}, {"name": "rh_parahippocampal", "weight": 0.2, "pos": [6, 130], "ts_group_id": 0, "label": "parahippocampal", "input_id": 26, "layer_pos": 2, "y": 130, "x": 6, "brain_side": "right", "id": 162, "func_id": "1"}, {"name": "rh_entorhinal", "weight": 0.344, "pos": [6, 135], "ts_group_id": 0, "label": "entorhinal", "input_id": 27, "layer_pos": 2, "y": 135, "x": 6, "brain_side": "right", "id": 163, "func_id": "5"}, {"name": "rh_temporalpole", "weight": 0.24, "pos": [6, 140], "ts_group_id": 0, "label": "temporalpole", "input_id": 28, "layer_pos": 2, "y": 140, "x": 6, "brain_side": "right", "id": 164, "func_id": "5"}, {"name": "rh_inferiortemporal", "weight": 0.216, "pos": [6, 145], "ts_group_id": 0, "label": "inferiortemporal", "input_id": 29, "layer_pos": 2, "y": 145, "x": 6, "brain_side": "right", "id": 165, "func_id": "5"}, {"name": "rh_fusiform", "weight": 0.208, "pos": [6, 125], "ts_group_id": 0, "label": "fusiform", "input_id": 25, "layer_pos": 2, "y": 125, "x": 6, "brain_side": "right", "id": 161, "func_id": "1"}, {"name": "rh_inferiortemporal", "weight": 0.176, "pos": [0, 145], "ts_group_id": 0, "label": "inferiortemporal", "input_id": 29, "layer_pos": 0, "y": 145, "x": 0, "brain_side": "right", "id": 29, "func_id": "5"}, {"name": "rh_fusiform", "weight": 0.264, "pos": [0, 125], "ts_group_id": 0, "label": "fusiform", "input_id": 25, "layer_pos": 0, "y": 125, "x": 0, "brain_side": "right", "id": 25, "func_id": "1"}, {"name": "rh_parahippocampal", "weight": 0.24, "pos": [0, 130], "ts_group_id": 0, "label": "parahippocampal", "input_id": 26, "layer_pos": 0, "y": 130, "x": 0, "brain_side": "right", "id": 26, "func_id": "1"}, {"name": "rh_entorhinal", "weight": 0.408, "pos": [0, 135], "ts_group_id": 0, "label": "entorhinal", "input_id": 27, "layer_pos": 0, "y": 135, "x": 0, "brain_side": "right", "id": 27, "func_id": "5"}, {"name": "rh_temporalpole", "weight": 0.32, "pos": [0, 140], "ts_group_id": 0, "label": "temporalpole", "input_id": 28, "layer_pos": 0, "y": 140, "x": 0, "brain_side": "right", "id": 28, "func_id": "5"}, {"name": "rh_fusiform", "weight": 0.28, "pos": [3, 125], "ts_group_id": 0, "label": "fusiform", "input_id": 25, "layer_pos": 1, "y": 125, "x": 3, "brain_side": "right", "id": 93, "func_id": "1"}, {"name": "rh_parahippocampal", "weight": 0.24, "pos": [3, 130], "ts_group_id": 0, "label": "parahippocampal", "input_id": 26, "layer_pos": 1, "y": 130, "x": 3, "brain_side": "right", "id": 94, "func_id": "1"}, {"name": "rh_entorhinal", "weight": 0.384, "pos": [3, 135], "ts_group_id": 0, "label": "entorhinal", "input_id": 27, "layer_pos": 1, "y": 135, "x": 3, "brain_side": "right", "id": 95, "func_id": "5"}], "links": [{"source": 0, "target": 6}, {"source": 0, "target": 3}, {"source": 0, "target": 4}, {"source": 0, "target": 5}, {"source": 0, "target": 8}, {"source": 0, "target": 10}, {"source": 0, "target": 11}, {"source": 0, "target": 7}, {"source": 1, "target": 6}, {"source": 1, "target": 2}, {"source": 1, "target": 4}, {"source": 1, "target": 5}, {"source": 1, "target": 8}, {"source": 1, "target": 9}, {"source": 1, "target": 11}, {"source": 1, "target": 7}, {"source": 2, "target": 12}, {"source": 2, "target": 13}, {"source": 2, "target": 14}, {"source": 3, "target": 12}, {"source": 3, "target": 13}, {"source": 3, "target": 14}, {"source": 4, "target": 12}, {"source": 4, "target": 14}, {"source": 5, "target": 12}, {"source": 5, "target": 13}, {"source": 6, "target": 12}, {"source": 6, "target": 13}, {"source": 6, "target": 14}, {"source": 7, "target": 12}, {"source": 7, "target": 13}, {"source": 8, "target": 12}, {"source": 8, "target": 13}, {"source": 8, "target": 14}, {"source": 9, "target": 12}, {"source": 9, "target": 13}, {"source": 9, "target": 14}, {"source": 10, "target": 12}, {"source": 10, "target": 13}, {"source": 10, "target": 14}, {"source": 11, "target": 12}, {"source": 11, "target": 14}], "multigraph": false}