{"directed": false, "graph": [], "nodes": [{"name": "lh_precuneus", "weight": 0.17293233082706766, "pos": [9, 270], "ts_group_id": 0, "label": "precuneus", "input_id": 54, "layer_pos": 3, "y": 270, "x": 9, "brain_side": "left", "id": 258, "func_id": "7"}, {"name": "rh_isthmuscingulate", "weight": 0.3533834586466165, "pos": [0, 75], "ts_group_id": 0, "label": "isthmuscingulate", "input_id": 15, "layer_pos": 0, "y": 75, "x": 0, "brain_side": "right", "id": 15, "func_id": "7"}, {"name": "lh_isthmuscingulate", "weight": 0.3383458646616541, "pos": [0, 245], "ts_group_id": 0, "label": "isthmuscingulate", "input_id": 49, "layer_pos": 0, "y": 245, "x": 0, "brain_side": "left", "id": 49, "func_id": "7"}, {"name": "rh_isthmuscingulate", "weight": 0.40601503759398494, "pos": [3, 75], "ts_group_id": 0, "label": "isthmuscingulate", "input_id": 15, "layer_pos": 1, "y": 75, "x": 3, "brain_side": "right", "id": 83, "func_id": "7"}, {"name": "rh_precuneus", "weight": 0.3684210526315789, "pos": [0, 100], "ts_group_id": 0, "label": "precuneus", "input_id": 20, "layer_pos": 0, "y": 100, "x": 0, "brain_side": "right", "id": 20, "func_id": "7"}, {"name": "lh_isthmuscingulate", "weight": 0.39849624060150374, "pos": [3, 245], "ts_group_id": 0, "label": "isthmuscingulate", "input_id": 49, "layer_pos": 1, "y": 245, "x": 3, "brain_side": "left", "id": 117, "func_id": "7"}, {"name": "lh_precuneus", "weight": 0.3157894736842105, "pos": [0, 270], "ts_group_id": 0, "label": "precuneus", "input_id": 54, "layer_pos": 0, "y": 270, "x": 0, "brain_side": "left", "id": 54, "func_id": "7"}, {"name": "rh_isthmuscingulate", "weight": 0.3533834586466165, "pos": [6, 75], "ts_group_id": 0, "label": "isthmuscingulate", "input_id": 15, "layer_pos": 2, "y": 75, "x": 6, "brain_side": "right", "id": 151, "func_id": "7"}, {"name": "rh_precuneus", "weight": 0.40601503759398494, "pos": [3, 100], "ts_group_id": 0, "label": "precuneus", "input_id": 20, "layer_pos": 1, "y": 100, "x": 3, "brain_side": "right", "id": 88, "func_id": "7"}, {"name": "lh_isthmuscingulate", "weight": 0.3383458646616541, "pos": [6, 245], "ts_group_id": 0, "label": "isthmuscingulate", "input_id": 49, "layer_pos": 2, "y": 245, "x": 6, "brain_side": "left", "id": 185, "func_id": "7"}, {"name": "lh_precuneus", "weight": 0.42857142857142855, "pos": [3, 270], "ts_group_id": 0, "label": "precuneus", "input_id": 54, "layer_pos": 1, "y": 270, "x": 3, "brain_side": "left", "id": 122, "func_id": "7"}, {"name": "rh_isthmuscingulate", "weight": 0.18796992481203006, "pos": [9, 75], "ts_group_id": 0, "label": "isthmuscingulate", "input_id": 15, "layer_pos": 3, "y": 75, "x": 9, "brain_side": "right", "id": 219, "func_id": "7"}, {"name": "rh_precuneus", "weight": 0.2932330827067669, "pos": [6, 100], "ts_group_id": 0, "label": "precuneus", "input_id": 20, "layer_pos": 2, "y": 100, "x": 6, "brain_side": "right", "id": 156, "func_id": "7"}, {"name": "lh_precuneus", "weight": 0.3533834586466165, "pos": [6, 270], "ts_group_id": 0, "label": "precuneus", "input_id": 54, "layer_pos": 2, "y": 270, "x": 6, "brain_side": "left", "id": 190, "func_id": "7"}], "links": [{"source": 0, "target": 9}, {"source": 0, "target": 12}, {"source": 0, "target": 13}, {"source": 0, "target": 7}, {"source": 1, "target": 8}, {"source": 1, "target": 10}, {"source": 1, "target": 3}, {"source": 1, "target": 5}, {"source": 2, "target": 8}, {"source": 2, "target": 10}, {"source": 2, "target": 3}, {"source": 2, "target": 5}, {"source": 3, "target": 4}, {"source": 3, "target": 6}, {"source": 3, "target": 7}, {"source": 3, "target": 9}, {"source": 3, "target": 12}, {"source": 3, "target": 13}, {"source": 4, "target": 8}, {"source": 4, "target": 10}, {"source": 4, "target": 5}, {"source": 5, "target": 6}, {"source": 5, "target": 7}, {"source": 5, "target": 9}, {"source": 5, "target": 12}, {"source": 5, "target": 13}, {"source": 6, "target": 8}, {"source": 6, "target": 10}, {"source": 7, "target": 8}, {"source": 7, "target": 10}, {"source": 7, "target": 11}, {"source": 8, "target": 9}, {"source": 8, "target": 12}, {"source": 8, "target": 13}, {"source": 9, "target": 10}, {"source": 9, "target": 11}, {"source": 10, "target": 12}, {"source": 10, "target": 13}, {"source": 11, "target": 12}, {"source": 11, "target": 13}], "multigraph": false}