{"directed": false, "graph": [], "nodes": [{"name": "lh_precentral", "weight": 0.25, "pos": [15, 220], "ts_group_id": 0, "label": "precentral", "input_id": 44, "layer_pos": 5, "y": 220, "x": 15, "brain_side": "left", "id": 384, "func_id": "2"}, {"name": "lh_paracentral", "weight": 0.25, "pos": [15, 225], "ts_group_id": 0, "label": "paracentral", "input_id": 45, "layer_pos": 5, "y": 225, "x": 15, "brain_side": "left", "id": 385, "func_id": "2"}, {"name": "rh_paracentral", "weight": 1.0, "pos": [18, 55], "ts_group_id": 0, "label": "paracentral", "input_id": 11, "layer_pos": 6, "y": 55, "x": 18, "brain_side": "right", "id": 419, "func_id": "2"}, {"name": "lh_posteriorcingulate", "weight": 0.25, "pos": [15, 240], "ts_group_id": 0, "label": "posteriorcingulate", "input_id": 48, "layer_pos": 5, "y": 240, "x": 15, "brain_side": "left", "id": 388, "func_id": "4"}, {"name": "rh_posteriorcingulate", "weight": 1.25, "pos": [0, 70], "ts_group_id": 0, "label": "posteriorcingulate", "input_id": 14, "layer_pos": 0, "y": 70, "x": 0, "brain_side": "right", "id": 14, "func_id": "4"}, {"name": "lh_posteriorcingulate", "weight": 1.0625, "pos": [0, 240], "ts_group_id": 0, "label": "posteriorcingulate", "input_id": 48, "layer_pos": 0, "y": 240, "x": 0, "brain_side": "left", "id": 48, "func_id": "4"}, {"name": "rh_posteriorcingulate", "weight": 1.0, "pos": [3, 70], "ts_group_id": 0, "label": "posteriorcingulate", "input_id": 14, "layer_pos": 1, "y": 70, "x": 3, "brain_side": "right", "id": 82, "func_id": "4"}, {"name": "lh_caudalanteriorcingulate", "weight": 0.21052631578947367, "pos": [3, 235], "ts_group_id": 0, "label": "caudalanteriorcingulate", "input_id": 47, "layer_pos": 1, "y": 235, "x": 3, "brain_side": "left", "id": 115, "func_id": "4"}, {"name": "lh_posteriorcingulate", "weight": 0.8947368421052632, "pos": [3, 240], "ts_group_id": 0, "label": "posteriorcingulate", "input_id": 48, "layer_pos": 1, "y": 240, "x": 3, "brain_side": "left", "id": 116, "func_id": "4"}, {"name": "rh_posteriorcingulate", "weight": 0.47619047619047616, "pos": [6, 70], "ts_group_id": 0, "label": "posteriorcingulate", "input_id": 14, "layer_pos": 2, "y": 70, "x": 6, "brain_side": "right", "id": 150, "func_id": "4"}, {"name": "lh_posteriorcingulate", "weight": 0.42857142857142855, "pos": [6, 240], "ts_group_id": 0, "label": "posteriorcingulate", "input_id": 48, "layer_pos": 2, "y": 240, "x": 6, "brain_side": "left", "id": 184, "func_id": "4"}, {"name": "rh_posteriorcingulate", "weight": 0.375, "pos": [9, 70], "ts_group_id": 0, "label": "posteriorcingulate", "input_id": 14, "layer_pos": 3, "y": 70, "x": 9, "brain_side": "right", "id": 218, "func_id": "4"}, {"name": "lh_posteriorcingulate", "weight": 0.5, "pos": [9, 240], "ts_group_id": 0, "label": "posteriorcingulate", "input_id": 48, "layer_pos": 3, "y": 240, "x": 9, "brain_side": "left", "id": 252, "func_id": "4"}, {"name": "rh_paracentral", "weight": 0.25, "pos": [15, 55], "ts_group_id": 0, "label": "paracentral", "input_id": 11, "layer_pos": 5, "y": 55, "x": 15, "brain_side": "right", "id": 351, "func_id": "2"}], "links": [{"source": 0, "target": 2}, {"source": 1, "target": 2}, {"source": 2, "target": 3}, {"source": 2, "target": 13}, {"source": 4, "target": 6}, {"source": 4, "target": 8}, {"source": 5, "target": 6}, {"source": 5, "target": 7}, {"source": 5, "target": 8}, {"source": 6, "target": 10}, {"source": 6, "target": 9}, {"source": 7, "target": 10}, {"source": 8, "target": 10}, {"source": 8, "target": 9}, {"source": 9, "target": 12}, {"source": 9, "target": 11}, {"source": 10, "target": 12}, {"source": 10, "target": 11}], "multigraph": false}