{"directed": false, "graph": [], "nodes": [{"name": "lh_medialorbitofrontal", "weight": 0.5, "pos": [21, 190], "ts_group_id": 0, "label": "medialorbitofrontal", "input_id": 38, "layer_pos": 7, "y": 190, "x": 21, "brain_side": "left", "id": 514, "func_id": "5"}, {"name": "rh_frontalpole", "weight": 0.3870967741935484, "pos": [0, 15], "ts_group_id": 0, "label": "frontalpole", "input_id": 3, "layer_pos": 0, "y": 15, "x": 0, "brain_side": "right", "id": 3, "func_id": "5"}, {"name": "rh_medialorbitofrontal", "weight": 1.032258064516129, "pos": [0, 20], "ts_group_id": 0, "label": "medialorbitofrontal", "input_id": 4, "layer_pos": 0, "y": 20, "x": 0, "brain_side": "right", "id": 4, "func_id": "5"}, {"name": "rh_superiorfrontal", "weight": 0.25806451612903225, "pos": [0, 40], "ts_group_id": 0, "label": "superiorfrontal", "input_id": 8, "layer_pos": 0, "y": 40, "x": 0, "brain_side": "right", "id": 8, "func_id": "7"}, {"name": "lh_paracentral", "weight": 0.5, "pos": [21, 225], "ts_group_id": 0, "label": "paracentral", "input_id": 45, "layer_pos": 7, "y": 225, "x": 21, "brain_side": "left", "id": 521, "func_id": "2"}, {"name": "rh_frontalpole", "weight": 0.26666666666666666, "pos": [6, 15], "ts_group_id": 0, "label": "frontalpole", "input_id": 3, "layer_pos": 2, "y": 15, "x": 6, "brain_side": "right", "id": 139, "func_id": "5"}, {"name": "rh_rostralanteriorcingulate", "weight": 0.6129032258064516, "pos": [0, 60], "ts_group_id": 0, "label": "rostralanteriorcingulate", "input_id": 12, "layer_pos": 0, "y": 60, "x": 0, "brain_side": "right", "id": 12, "func_id": "7"}, {"name": "lh_medialorbitofrontal", "weight": 0.3333333333333333, "pos": [9, 190], "ts_group_id": 0, "label": "medialorbitofrontal", "input_id": 38, "layer_pos": 3, "y": 190, "x": 9, "brain_side": "left", "id": 242, "func_id": "5"}, {"name": "rh_superiorfrontal", "weight": 0.3333333333333333, "pos": [6, 40], "ts_group_id": 0, "label": "superiorfrontal", "input_id": 8, "layer_pos": 2, "y": 40, "x": 6, "brain_side": "right", "id": 144, "func_id": "7"}, {"name": "lh_caudalanteriorcingulate", "weight": 0.2222222222222222, "pos": [15, 235], "ts_group_id": 0, "label": "caudalanteriorcingulate", "input_id": 47, "layer_pos": 5, "y": 235, "x": 15, "brain_side": "left", "id": 387, "func_id": "4"}, {"name": "rh_rostralanteriorcingulate", "weight": 0.6, "pos": [6, 60], "ts_group_id": 0, "label": "rostralanteriorcingulate", "input_id": 12, "layer_pos": 2, "y": 60, "x": 6, "brain_side": "right", "id": 148, "func_id": "7"}, {"name": "lh_rostralanteriorcingulate", "weight": 0.7741935483870968, "pos": [0, 230], "ts_group_id": 0, "label": "rostralanteriorcingulate", "input_id": 46, "layer_pos": 0, "y": 230, "x": 0, "brain_side": "left", "id": 46, "func_id": "7"}, {"name": "rh_superiorfrontal", "weight": 0.21739130434782608, "pos": [12, 40], "ts_group_id": 0, "label": "superiorfrontal", "input_id": 8, "layer_pos": 4, "y": 40, "x": 12, "brain_side": "right", "id": 280, "func_id": "7"}, {"name": "lh_frontalpole", "weight": 0.3548387096774194, "pos": [0, 185], "ts_group_id": 0, "label": "frontalpole", "input_id": 37, "layer_pos": 0, "y": 185, "x": 0, "brain_side": "left", "id": 37, "func_id": "5"}, {"name": "lh_medialorbitofrontal", "weight": 0.7741935483870968, "pos": [0, 190], "ts_group_id": 0, "label": "medialorbitofrontal", "input_id": 38, "layer_pos": 0, "y": 190, "x": 0, "brain_side": "left", "id": 38, "func_id": "5"}, {"name": "lh_frontalpole", "weight": 0.3, "pos": [6, 185], "ts_group_id": 0, "label": "frontalpole", "input_id": 37, "layer_pos": 2, "y": 185, "x": 6, "brain_side": "left", "id": 173, "func_id": "5"}, {"name": "lh_medialorbitofrontal", "weight": 0.8333333333333334, "pos": [6, 190], "ts_group_id": 0, "label": "medialorbitofrontal", "input_id": 38, "layer_pos": 2, "y": 190, "x": 6, "brain_side": "left", "id": 174, "func_id": "5"}, {"name": "lh_superiorfrontal", "weight": 0.23333333333333334, "pos": [6, 210], "ts_group_id": 0, "label": "superiorfrontal", "input_id": 42, "layer_pos": 2, "y": 210, "x": 6, "brain_side": "left", "id": 178, "func_id": "7"}, {"name": "lh_rostralanteriorcingulate", "weight": 0.5666666666666667, "pos": [6, 230], "ts_group_id": 0, "label": "rostralanteriorcingulate", "input_id": 46, "layer_pos": 2, "y": 230, "x": 6, "brain_side": "left", "id": 182, "func_id": "7"}, {"name": "lh_medialorbitofrontal", "weight": 0.3333333333333333, "pos": [18, 190], "ts_group_id": 0, "label": "medialorbitofrontal", "input_id": 38, "layer_pos": 6, "y": 190, "x": 18, "brain_side": "left", "id": 446, "func_id": "5"}, {"name": "lh_superiorfrontal", "weight": 0.3333333333333333, "pos": [18, 210], "ts_group_id": 0, "label": "superiorfrontal", "input_id": 42, "layer_pos": 6, "y": 210, "x": 18, "brain_side": "left", "id": 450, "func_id": "7"}, {"name": "rh_frontalpole", "weight": 0.3448275862068966, "pos": [3, 15], "ts_group_id": 0, "label": "frontalpole", "input_id": 3, "layer_pos": 1, "y": 15, "x": 3, "brain_side": "right", "id": 71, "func_id": "5"}, {"name": "rh_medialorbitofrontal", "weight": 1.2758620689655173, "pos": [3, 20], "ts_group_id": 0, "label": "medialorbitofrontal", "input_id": 4, "layer_pos": 1, "y": 20, "x": 3, "brain_side": "right", "id": 72, "func_id": "5"}, {"name": "rh_medialorbitofrontal", "weight": 0.9, "pos": [6, 20], "ts_group_id": 0, "label": "medialorbitofrontal", "input_id": 4, "layer_pos": 2, "y": 20, "x": 6, "brain_side": "right", "id": 140, "func_id": "5"}, {"name": "lh_postcentral", "weight": 0.3333333333333333, "pos": [18, 250], "ts_group_id": 0, "label": "postcentral", "input_id": 50, "layer_pos": 6, "y": 250, "x": 18, "brain_side": "left", "id": 458, "func_id": "2"}, {"name": "rh_superiorfrontal", "weight": 0.4482758620689655, "pos": [3, 40], "ts_group_id": 0, "label": "superiorfrontal", "input_id": 8, "layer_pos": 1, "y": 40, "x": 3, "brain_side": "right", "id": 76, "func_id": "7"}, {"name": "rh_rostralanteriorcingulate", "weight": 0.7586206896551724, "pos": [3, 60], "ts_group_id": 0, "label": "rostralanteriorcingulate", "input_id": 12, "layer_pos": 1, "y": 60, "x": 3, "brain_side": "right", "id": 80, "func_id": "7"}, {"name": "rh_superiorfrontal", "weight": 0.23333333333333334, "pos": [9, 40], "ts_group_id": 0, "label": "superiorfrontal", "input_id": 8, "layer_pos": 3, "y": 40, "x": 9, "brain_side": "right", "id": 212, "func_id": "7"}, {"name": "rh_rostralanteriorcingulate", "weight": 0.23333333333333334, "pos": [9, 60], "ts_group_id": 0, "label": "rostralanteriorcingulate", "input_id": 12, "layer_pos": 3, "y": 60, "x": 9, "brain_side": "right", "id": 216, "func_id": "7"}, {"name": "rh_superiorfrontal", "weight": 0.3333333333333333, "pos": [15, 40], "ts_group_id": 0, "label": "superiorfrontal", "input_id": 8, "layer_pos": 5, "y": 40, "x": 15, "brain_side": "right", "id": 348, "func_id": "7"}, {"name": "rh_medialorbitofrontal", "weight": 0.5333333333333333, "pos": [9, 20], "ts_group_id": 0, "label": "medialorbitofrontal", "input_id": 4, "layer_pos": 3, "y": 20, "x": 9, "brain_side": "right", "id": 208, "func_id": "5"}, {"name": "lh_lateralorbitofrontal", "weight": 0.20689655172413793, "pos": [3, 175], "ts_group_id": 0, "label": "lateralorbitofrontal", "input_id": 35, "layer_pos": 1, "y": 175, "x": 3, "brain_side": "left", "id": 103, "func_id": "5"}, {"name": "lh_frontalpole", "weight": 0.41379310344827586, "pos": [3, 185], "ts_group_id": 0, "label": "frontalpole", "input_id": 37, "layer_pos": 1, "y": 185, "x": 3, "brain_side": "left", "id": 105, "func_id": "5"}, {"name": "lh_medialorbitofrontal", "weight": 0.9655172413793104, "pos": [3, 190], "ts_group_id": 0, "label": "medialorbitofrontal", "input_id": 38, "layer_pos": 1, "y": 190, "x": 3, "brain_side": "left", "id": 106, "func_id": "5"}, {"name": "lh_superiorfrontal", "weight": 0.3793103448275862, "pos": [3, 210], "ts_group_id": 0, "label": "superiorfrontal", "input_id": 42, "layer_pos": 1, "y": 210, "x": 3, "brain_side": "left", "id": 110, "func_id": "7"}, {"name": "lh_frontalpole", "weight": 0.26666666666666666, "pos": [9, 185], "ts_group_id": 0, "label": "frontalpole", "input_id": 37, "layer_pos": 3, "y": 185, "x": 9, "brain_side": "left", "id": 241, "func_id": "5"}, {"name": "lh_rostralanteriorcingulate", "weight": 0.8620689655172413, "pos": [3, 230], "ts_group_id": 0, "label": "rostralanteriorcingulate", "input_id": 46, "layer_pos": 1, "y": 230, "x": 3, "brain_side": "left", "id": 114, "func_id": "7"}, {"name": "lh_frontalpole", "weight": 0.3333333333333333, "pos": [15, 185], "ts_group_id": 0, "label": "frontalpole", "input_id": 37, "layer_pos": 5, "y": 185, "x": 15, "brain_side": "left", "id": 377, "func_id": "5"}, {"name": "lh_rostralanteriorcingulate", "weight": 0.23333333333333334, "pos": [9, 230], "ts_group_id": 0, "label": "rostralanteriorcingulate", "input_id": 46, "layer_pos": 3, "y": 230, "x": 9, "brain_side": "left", "id": 250, "func_id": "7"}, {"name": "lh_superiorfrontal", "weight": 0.2222222222222222, "pos": [15, 210], "ts_group_id": 0, "label": "superiorfrontal", "input_id": 42, "layer_pos": 5, "y": 210, "x": 15, "brain_side": "left", "id": 382, "func_id": "7"}], "links": [{"source": 0, "target": 20}, {"source": 0, "target": 19}, {"source": 1, "target": 22}, {"source": 1, "target": 33}, {"source": 1, "target": 34}, {"source": 1, "target": 21}, {"source": 2, "target": 31}, {"source": 2, "target": 22}, {"source": 2, "target": 32}, {"source": 2, "target": 33}, {"source": 2, "target": 21}, {"source": 2, "target": 25}, {"source": 2, "target": 34}, {"source": 2, "target": 26}, {"source": 2, "target": 36}, {"source": 3, "target": 22}, {"source": 3, "target": 32}, {"source": 3, "target": 33}, {"source": 3, "target": 25}, {"source": 3, "target": 34}, {"source": 3, "target": 26}, {"source": 3, "target": 36}, {"source": 4, "target": 20}, {"source": 4, "target": 24}, {"source": 5, "target": 21}, {"source": 5, "target": 22}, {"source": 5, "target": 33}, {"source": 5, "target": 34}, {"source": 5, "target": 30}, {"source": 5, "target": 7}, {"source": 6, "target": 22}, {"source": 6, "target": 33}, {"source": 6, "target": 25}, {"source": 6, "target": 34}, {"source": 6, "target": 26}, {"source": 6, "target": 36}, {"source": 7, "target": 23}, {"source": 7, "target": 15}, {"source": 7, "target": 16}, {"source": 7, "target": 8}, {"source": 7, "target": 17}, {"source": 7, "target": 10}, {"source": 7, "target": 18}, {"source": 7, "target": 12}, {"source": 8, "target": 30}, {"source": 8, "target": 22}, {"source": 8, "target": 32}, {"source": 8, "target": 33}, {"source": 8, "target": 25}, {"source": 8, "target": 34}, {"source": 8, "target": 26}, {"source": 8, "target": 35}, {"source": 8, "target": 36}, {"source": 8, "target": 27}, {"source": 8, "target": 28}, {"source": 8, "target": 38}, {"source": 9, "target": 12}, {"source": 9, "target": 20}, {"source": 9, "target": 19}, {"source": 10, "target": 30}, {"source": 10, "target": 22}, {"source": 10, "target": 33}, {"source": 10, "target": 25}, {"source": 10, "target": 34}, {"source": 10, "target": 26}, {"source": 10, "target": 36}, {"source": 10, "target": 27}, {"source": 10, "target": 28}, {"source": 10, "target": 38}, {"source": 11, "target": 22}, {"source": 11, "target": 33}, {"source": 11, "target": 25}, {"source": 11, "target": 34}, {"source": 11, "target": 26}, {"source": 11, "target": 36}, {"source": 12, "target": 30}, {"source": 12, "target": 35}, {"source": 12, "target": 27}, {"source": 12, "target": 28}, {"source": 12, "target": 37}, {"source": 12, "target": 38}, {"source": 12, "target": 29}, {"source": 12, "target": 39}, {"source": 13, "target": 22}, {"source": 13, "target": 32}, {"source": 13, "target": 33}, {"source": 13, "target": 25}, {"source": 14, "target": 31}, {"source": 14, "target": 22}, {"source": 14, "target": 32}, {"source": 14, "target": 33}, {"source": 14, "target": 21}, {"source": 14, "target": 25}, {"source": 14, "target": 34}, {"source": 14, "target": 26}, {"source": 14, "target": 36}, {"source": 15, "target": 22}, {"source": 15, "target": 32}, {"source": 15, "target": 33}, {"source": 15, "target": 25}, {"source": 15, "target": 30}, {"source": 15, "target": 35}, {"source": 15, "target": 27}, {"source": 16, "target": 30}, {"source": 16, "target": 31}, {"source": 16, "target": 22}, {"source": 16, "target": 32}, {"source": 16, "target": 33}, {"source": 16, "target": 21}, {"source": 16, "target": 25}, {"source": 16, "target": 34}, {"source": 16, "target": 26}, {"source": 16, "target": 35}, {"source": 16, "target": 36}, {"source": 16, "target": 27}, {"source": 16, "target": 28}, {"source": 16, "target": 38}, {"source": 17, "target": 30}, {"source": 17, "target": 21}, {"source": 17, "target": 22}, {"source": 17, "target": 33}, {"source": 17, "target": 25}, {"source": 17, "target": 34}, {"source": 17, "target": 26}, {"source": 17, "target": 36}, {"source": 17, "target": 27}, {"source": 17, "target": 28}, {"source": 17, "target": 38}, {"source": 18, "target": 30}, {"source": 18, "target": 22}, {"source": 18, "target": 33}, {"source": 18, "target": 25}, {"source": 18, "target": 34}, {"source": 18, "target": 26}, {"source": 18, "target": 36}, {"source": 18, "target": 27}, {"source": 18, "target": 28}, {"source": 18, "target": 38}, {"source": 19, "target": 37}, {"source": 19, "target": 29}, {"source": 19, "target": 39}, {"source": 20, "target": 29}, {"source": 20, "target": 39}, {"source": 21, "target": 23}, {"source": 22, "target": 23}, {"source": 23, "target": 30}, {"source": 23, "target": 31}, {"source": 23, "target": 32}, {"source": 23, "target": 33}, {"source": 23, "target": 25}, {"source": 23, "target": 34}, {"source": 23, "target": 26}, {"source": 23, "target": 35}, {"source": 23, "target": 36}, {"source": 23, "target": 27}, {"source": 23, "target": 28}, {"source": 23, "target": 38}], "multigraph": false}