{"directed": false, "graph": [], "nodes": [{"name": "rh_caudalanteriorcingulate", "weight": 0.8888888888888888, "pos": [0, 65], "ts_group_id": 0, "label": "caudalanteriorcingulate", "input_id": 13, "layer_pos": 0, "y": 65, "x": 0, "brain_side": "right", "id": 13, "func_id": "4"}, {"name": "lh_caudalanteriorcingulate", "weight": 0.8333333333333334, "pos": [0, 235], "ts_group_id": 0, "label": "caudalanteriorcingulate", "input_id": 47, "layer_pos": 0, "y": 235, "x": 0, "brain_side": "left", "id": 47, "func_id": "4"}, {"name": "rh_rostralanteriorcingulate", "weight": 0.3, "pos": [3, 60], "ts_group_id": 0, "label": "rostralanteriorcingulate", "input_id": 12, "layer_pos": 1, "y": 60, "x": 3, "brain_side": "right", "id": 80, "func_id": "7"}, {"name": "rh_caudalanteriorcingulate", "weight": 1.7, "pos": [3, 65], "ts_group_id": 0, "label": "caudalanteriorcingulate", "input_id": 13, "layer_pos": 1, "y": 65, "x": 3, "brain_side": "right", "id": 81, "func_id": "4"}, {"name": "lh_rostralanteriorcingulate", "weight": 0.3, "pos": [3, 230], "ts_group_id": 0, "label": "rostralanteriorcingulate", "input_id": 46, "layer_pos": 1, "y": 230, "x": 3, "brain_side": "left", "id": 114, "func_id": "7"}, {"name": "lh_caudalanteriorcingulate", "weight": 1.5, "pos": [3, 235], "ts_group_id": 0, "label": "caudalanteriorcingulate", "input_id": 47, "layer_pos": 1, "y": 235, "x": 3, "brain_side": "left", "id": 115, "func_id": "4"}, {"name": "rh_caudalanteriorcingulate", "weight": 0.8461538461538461, "pos": [6, 65], "ts_group_id": 0, "label": "caudalanteriorcingulate", "input_id": 13, "layer_pos": 2, "y": 65, "x": 6, "brain_side": "right", "id": 149, "func_id": "4"}, {"name": "lh_caudalanteriorcingulate", "weight": 0.9230769230769231, "pos": [6, 235], "ts_group_id": 0, "label": "caudalanteriorcingulate", "input_id": 47, "layer_pos": 2, "y": 235, "x": 6, "brain_side": "left", "id": 183, "func_id": "4"}], "links": [{"source": 0, "target": 2}, {"source": 0, "target": 3}, {"source": 0, "target": 5}, {"source": 1, "target": 3}, {"source": 1, "target": 4}, {"source": 1, "target": 5}, {"source": 2, "target": 6}, {"source": 3, "target": 6}, {"source": 3, "target": 7}, {"source": 4, "target": 7}, {"source": 5, "target": 6}, {"source": 5, "target": 7}], "multigraph": false}