{"directed": false, "graph": [], "nodes": [{"name": "rh_temporalpole", "weight": 0.3888888888888889, "pos": [3, 140], "ts_group_id": 0, "label": "temporalpole", "input_id": 28, "layer_pos": 1, "y": 140, "x": 3, "brain_side": "right", "id": 96, "func_id": "5"}, {"name": "rh_inferiortemporal", "weight": 0.35185185185185186, "pos": [3, 145], "ts_group_id": 0, "label": "inferiortemporal", "input_id": 29, "layer_pos": 1, "y": 145, "x": 3, "brain_side": "right", "id": 97, "func_id": "5"}, {"name": "rh_middletemporal", "weight": 0.2777777777777778, "pos": [3, 150], "ts_group_id": 0, "label": "middletemporal", "input_id": 30, "layer_pos": 1, "y": 150, "x": 3, "brain_side": "right", "id": 98, "func_id": "7"}, {"name": "rh_bankssts", "weight": 0.2222222222222222, "pos": [3, 155], "ts_group_id": 0, "label": "bankssts", "input_id": 31, "layer_pos": 1, "y": 155, "x": 3, "brain_side": "right", "id": 99, "func_id": "2"}, {"name": "rh_temporalpole", "weight": 0.23333333333333334, "pos": [6, 140], "ts_group_id": 0, "label": "temporalpole", "input_id": 28, "layer_pos": 2, "y": 140, "x": 6, "brain_side": "right", "id": 164, "func_id": "5"}, {"name": "rh_lateralorbitofrontal", "weight": 0.24074074074074073, "pos": [3, 5], "ts_group_id": 0, "label": "lateralorbitofrontal", "input_id": 1, "layer_pos": 1, "y": 5, "x": 3, "brain_side": "right", "id": 69, "func_id": "5"}, {"name": "rh_inferiortemporal", "weight": 0.3333333333333333, "pos": [6, 145], "ts_group_id": 0, "label": "inferiortemporal", "input_id": 29, "layer_pos": 2, "y": 145, "x": 6, "brain_side": "right", "id": 165, "func_id": "5"}, {"name": "rh_middletemporal", "weight": 0.35, "pos": [6, 150], "ts_group_id": 0, "label": "middletemporal", "input_id": 30, "layer_pos": 2, "y": 150, "x": 6, "brain_side": "right", "id": 166, "func_id": "7"}, {"name": "rh_inferiortemporal", "weight": 0.26666666666666666, "pos": [0, 145], "ts_group_id": 0, "label": "inferiortemporal", "input_id": 29, "layer_pos": 0, "y": 145, "x": 0, "brain_side": "right", "id": 29, "func_id": "5"}, {"name": "rh_entorhinal", "weight": 0.3333333333333333, "pos": [6, 135], "ts_group_id": 0, "label": "entorhinal", "input_id": 27, "layer_pos": 2, "y": 135, "x": 6, "brain_side": "right", "id": 163, "func_id": "5"}, {"name": "rh_superiorparietal", "weight": 0.2222222222222222, "pos": [3, 90], "ts_group_id": 0, "label": "superiorparietal", "input_id": 18, "layer_pos": 1, "y": 90, "x": 3, "brain_side": "right", "id": 86, "func_id": "3"}, {"name": "rh_fusiform", "weight": 0.21666666666666667, "pos": [0, 125], "ts_group_id": 0, "label": "fusiform", "input_id": 25, "layer_pos": 0, "y": 125, "x": 0, "brain_side": "right", "id": 25, "func_id": "1"}, {"name": "rh_entorhinal", "weight": 0.23333333333333334, "pos": [0, 135], "ts_group_id": 0, "label": "entorhinal", "input_id": 27, "layer_pos": 0, "y": 135, "x": 0, "brain_side": "right", "id": 27, "func_id": "5"}, {"name": "rh_temporalpole", "weight": 0.31666666666666665, "pos": [0, 140], "ts_group_id": 0, "label": "temporalpole", "input_id": 28, "layer_pos": 0, "y": 140, "x": 0, "brain_side": "right", "id": 28, "func_id": "5"}, {"name": "rh_fusiform", "weight": 0.2777777777777778, "pos": [3, 125], "ts_group_id": 0, "label": "fusiform", "input_id": 25, "layer_pos": 1, "y": 125, "x": 3, "brain_side": "right", "id": 93, "func_id": "1"}, {"name": "rh_middletemporal", "weight": 0.26666666666666666, "pos": [0, 150], "ts_group_id": 0, "label": "middletemporal", "input_id": 30, "layer_pos": 0, "y": 150, "x": 0, "brain_side": "right", "id": 30, "func_id": "7"}, {"name": "rh_entorhinal", "weight": 0.3888888888888889, "pos": [3, 135], "ts_group_id": 0, "label": "entorhinal", "input_id": 27, "layer_pos": 1, "y": 135, "x": 3, "brain_side": "right", "id": 95, "func_id": "5"}], "links": [{"source": 0, "target": 9}, {"source": 0, "target": 4}, {"source": 0, "target": 6}, {"source": 0, "target": 11}, {"source": 0, "target": 12}, {"source": 0, "target": 13}, {"source": 0, "target": 8}, {"source": 1, "target": 4}, {"source": 1, "target": 6}, {"source": 1, "target": 7}, {"source": 1, "target": 11}, {"source": 1, "target": 13}, {"source": 1, "target": 8}, {"source": 1, "target": 15}, {"source": 2, "target": 11}, {"source": 2, "target": 7}, {"source": 2, "target": 8}, {"source": 2, "target": 15}, {"source": 2, "target": 6}, {"source": 3, "target": 7}, {"source": 3, "target": 15}, {"source": 4, "target": 16}, {"source": 4, "target": 5}, {"source": 4, "target": 14}, {"source": 5, "target": 6}, {"source": 5, "target": 7}, {"source": 5, "target": 11}, {"source": 5, "target": 13}, {"source": 5, "target": 8}, {"source": 5, "target": 15}, {"source": 6, "target": 10}, {"source": 6, "target": 14}, {"source": 7, "target": 10}, {"source": 7, "target": 14}, {"source": 8, "target": 10}, {"source": 8, "target": 14}, {"source": 9, "target": 14}, {"source": 9, "target": 16}, {"source": 10, "target": 11}, {"source": 10, "target": 15}, {"source": 11, "target": 14}, {"source": 11, "target": 16}, {"source": 12, "target": 14}, {"source": 12, "target": 16}, {"source": 13, "target": 16}, {"source": 13, "target": 14}, {"source": 14, "target": 15}], "multigraph": false}