{"directed": false, "graph": [], "nodes": [{"name": "rh_parsorbitalis", "weight": 0.2692307692307692, "pos": [0, 10], "ts_group_id": 0, "label": "parsorbitalis", "input_id": 2, "layer_pos": 0, "y": 10, "x": 0, "brain_side": "right", "id": 2, "func_id": "7"}, {"name": "rh_parstriangularis", "weight": 0.5769230769230769, "pos": [0, 25], "ts_group_id": 0, "label": "parstriangularis", "input_id": 5, "layer_pos": 0, "y": 25, "x": 0, "brain_side": "right", "id": 5, "func_id": "4"}, {"name": "rh_parsopercularis", "weight": 0.9230769230769231, "pos": [0, 30], "ts_group_id": 0, "label": "parsopercularis", "input_id": 6, "layer_pos": 0, "y": 30, "x": 0, "brain_side": "right", "id": 6, "func_id": "4"}, {"name": "rh_lateralorbitofrontal", "weight": 0.20833333333333334, "pos": [6, 5], "ts_group_id": 0, "label": "lateralorbitofrontal", "input_id": 1, "layer_pos": 2, "y": 5, "x": 6, "brain_side": "right", "id": 137, "func_id": "5"}, {"name": "rh_parsorbitalis", "weight": 0.5416666666666666, "pos": [6, 10], "ts_group_id": 0, "label": "parsorbitalis", "input_id": 2, "layer_pos": 2, "y": 10, "x": 6, "brain_side": "right", "id": 138, "func_id": "7"}, {"name": "rh_parstriangularis", "weight": 0.625, "pos": [6, 25], "ts_group_id": 0, "label": "parstriangularis", "input_id": 5, "layer_pos": 2, "y": 25, "x": 6, "brain_side": "right", "id": 141, "func_id": "4"}, {"name": "rh_parsopercularis", "weight": 0.7916666666666666, "pos": [6, 30], "ts_group_id": 0, "label": "parsopercularis", "input_id": 6, "layer_pos": 2, "y": 30, "x": 6, "brain_side": "right", "id": 142, "func_id": "4"}, {"name": "rh_supramarginal", "weight": 0.38461538461538464, "pos": [0, 85], "ts_group_id": 0, "label": "supramarginal", "input_id": 17, "layer_pos": 0, "y": 85, "x": 0, "brain_side": "right", "id": 17, "func_id": "4"}, {"name": "rh_precentral", "weight": 0.4166666666666667, "pos": [6, 50], "ts_group_id": 0, "label": "precentral", "input_id": 10, "layer_pos": 2, "y": 50, "x": 6, "brain_side": "right", "id": 146, "func_id": "2"}, {"name": "rh_parstriangularis", "weight": 0.3076923076923077, "pos": [12, 25], "ts_group_id": 0, "label": "parstriangularis", "input_id": 5, "layer_pos": 4, "y": 25, "x": 12, "brain_side": "right", "id": 277, "func_id": "4"}, {"name": "rh_supramarginal", "weight": 0.625, "pos": [6, 85], "ts_group_id": 0, "label": "supramarginal", "input_id": 17, "layer_pos": 2, "y": 85, "x": 6, "brain_side": "right", "id": 153, "func_id": "4"}, {"name": "rh_precentral", "weight": 0.23076923076923078, "pos": [12, 50], "ts_group_id": 0, "label": "precentral", "input_id": 10, "layer_pos": 4, "y": 50, "x": 12, "brain_side": "right", "id": 282, "func_id": "2"}, {"name": "rh_inferiorparietal", "weight": 0.25, "pos": [6, 95], "ts_group_id": 0, "label": "inferiorparietal", "input_id": 19, "layer_pos": 2, "y": 95, "x": 6, "brain_side": "right", "id": 155, "func_id": "7"}, {"name": "rh_supramarginal", "weight": 0.23076923076923078, "pos": [12, 85], "ts_group_id": 0, "label": "supramarginal", "input_id": 17, "layer_pos": 4, "y": 85, "x": 12, "brain_side": "right", "id": 289, "func_id": "4"}, {"name": "rh_insula", "weight": 0.23076923076923078, "pos": [0, 170], "ts_group_id": 0, "label": "insula", "input_id": 34, "layer_pos": 0, "y": 170, "x": 0, "brain_side": "right", "id": 34, "func_id": "4"}, {"name": "rh_insula", "weight": 0.20833333333333334, "pos": [6, 170], "ts_group_id": 0, "label": "insula", "input_id": 34, "layer_pos": 2, "y": 170, "x": 6, "brain_side": "right", "id": 170, "func_id": "4"}, {"name": "rh_precentral", "weight": 0.3076923076923077, "pos": [0, 50], "ts_group_id": 0, "label": "precentral", "input_id": 10, "layer_pos": 0, "y": 50, "x": 0, "brain_side": "right", "id": 10, "func_id": "2"}, {"name": "rh_parsorbitalis", "weight": 0.5555555555555556, "pos": [3, 10], "ts_group_id": 0, "label": "parsorbitalis", "input_id": 2, "layer_pos": 1, "y": 10, "x": 3, "brain_side": "right", "id": 70, "func_id": "7"}, {"name": "rh_parstriangularis", "weight": 0.7037037037037037, "pos": [3, 25], "ts_group_id": 0, "label": "parstriangularis", "input_id": 5, "layer_pos": 1, "y": 25, "x": 3, "brain_side": "right", "id": 73, "func_id": "4"}, {"name": "rh_parsopercularis", "weight": 0.8518518518518519, "pos": [3, 30], "ts_group_id": 0, "label": "parsopercularis", "input_id": 6, "layer_pos": 1, "y": 30, "x": 3, "brain_side": "right", "id": 74, "func_id": "4"}, {"name": "rh_precentral", "weight": 0.4074074074074074, "pos": [3, 50], "ts_group_id": 0, "label": "precentral", "input_id": 10, "layer_pos": 1, "y": 50, "x": 3, "brain_side": "right", "id": 78, "func_id": "2"}, {"name": "rh_supramarginal", "weight": 0.4074074074074074, "pos": [3, 85], "ts_group_id": 0, "label": "supramarginal", "input_id": 17, "layer_pos": 1, "y": 85, "x": 3, "brain_side": "right", "id": 85, "func_id": "4"}, {"name": "rh_precentral", "weight": 0.25, "pos": [9, 50], "ts_group_id": 0, "label": "precentral", "input_id": 10, "layer_pos": 3, "y": 50, "x": 9, "brain_side": "right", "id": 214, "func_id": "2"}, {"name": "rh_precentral", "weight": 0.3333333333333333, "pos": [15, 50], "ts_group_id": 0, "label": "precentral", "input_id": 10, "layer_pos": 5, "y": 50, "x": 15, "brain_side": "right", "id": 350, "func_id": "2"}, {"name": "rh_supramarginal", "weight": 0.3333333333333333, "pos": [15, 85], "ts_group_id": 0, "label": "supramarginal", "input_id": 17, "layer_pos": 5, "y": 85, "x": 15, "brain_side": "right", "id": 357, "func_id": "4"}, {"name": "rh_insula", "weight": 0.3333333333333333, "pos": [3, 170], "ts_group_id": 0, "label": "insula", "input_id": 34, "layer_pos": 1, "y": 170, "x": 3, "brain_side": "right", "id": 102, "func_id": "4"}, {"name": "rh_lateralorbitofrontal", "weight": 0.3333333333333333, "pos": [15, 5], "ts_group_id": 0, "label": "lateralorbitofrontal", "input_id": 1, "layer_pos": 5, "y": 5, "x": 15, "brain_side": "right", "id": 341, "func_id": "5"}], "links": [{"source": 0, "target": 18}, {"source": 0, "target": 25}, {"source": 0, "target": 17}, {"source": 1, "target": 17}, {"source": 1, "target": 25}, {"source": 1, "target": 18}, {"source": 1, "target": 19}, {"source": 1, "target": 20}, {"source": 1, "target": 21}, {"source": 2, "target": 18}, {"source": 2, "target": 19}, {"source": 2, "target": 25}, {"source": 2, "target": 21}, {"source": 2, "target": 20}, {"source": 3, "target": 18}, {"source": 3, "target": 25}, {"source": 3, "target": 17}, {"source": 4, "target": 18}, {"source": 4, "target": 25}, {"source": 4, "target": 17}, {"source": 5, "target": 17}, {"source": 5, "target": 25}, {"source": 5, "target": 18}, {"source": 5, "target": 19}, {"source": 5, "target": 20}, {"source": 5, "target": 21}, {"source": 5, "target": 22}, {"source": 6, "target": 25}, {"source": 6, "target": 18}, {"source": 6, "target": 19}, {"source": 6, "target": 20}, {"source": 6, "target": 21}, {"source": 6, "target": 22}, {"source": 7, "target": 18}, {"source": 7, "target": 19}, {"source": 7, "target": 25}, {"source": 7, "target": 21}, {"source": 7, "target": 20}, {"source": 8, "target": 25}, {"source": 8, "target": 18}, {"source": 8, "target": 19}, {"source": 8, "target": 20}, {"source": 8, "target": 21}, {"source": 8, "target": 22}, {"source": 9, "target": 23}, {"source": 9, "target": 26}, {"source": 9, "target": 22}, {"source": 9, "target": 24}, {"source": 10, "target": 25}, {"source": 10, "target": 18}, {"source": 10, "target": 19}, {"source": 10, "target": 20}, {"source": 10, "target": 21}, {"source": 10, "target": 22}, {"source": 11, "target": 23}, {"source": 11, "target": 22}, {"source": 11, "target": 24}, {"source": 12, "target": 25}, {"source": 12, "target": 18}, {"source": 12, "target": 19}, {"source": 12, "target": 20}, {"source": 12, "target": 21}, {"source": 12, "target": 22}, {"source": 13, "target": 23}, {"source": 13, "target": 22}, {"source": 13, "target": 24}, {"source": 14, "target": 17}, {"source": 14, "target": 25}, {"source": 14, "target": 18}, {"source": 14, "target": 19}, {"source": 14, "target": 20}, {"source": 14, "target": 21}, {"source": 15, "target": 17}, {"source": 15, "target": 25}, {"source": 15, "target": 18}, {"source": 15, "target": 19}, {"source": 15, "target": 20}, {"source": 15, "target": 21}, {"source": 15, "target": 22}, {"source": 16, "target": 18}, {"source": 16, "target": 19}, {"source": 16, "target": 25}, {"source": 16, "target": 21}, {"source": 16, "target": 20}], "multigraph": false}