{"directed": false, "graph": [], "nodes": [{"name": "rh_superiortemporal", "weight": 0.9411764705882353, "pos": [0, 160], "ts_group_id": 0, "label": "superiortemporal", "input_id": 32, "layer_pos": 0, "y": 160, "x": 0, "brain_side": "right", "id": 32, "func_id": "2"}, {"name": "rh_transversetemporal", "weight": 1.0588235294117647, "pos": [0, 165], "ts_group_id": 0, "label": "transversetemporal", "input_id": 33, "layer_pos": 0, "y": 165, "x": 0, "brain_side": "right", "id": 33, "func_id": "2"}, {"name": "rh_insula", "weight": 0.7647058823529411, "pos": [0, 170], "ts_group_id": 0, "label": "insula", "input_id": 34, "layer_pos": 0, "y": 170, "x": 0, "brain_side": "right", "id": 34, "func_id": "4"}, {"name": "rh_bankssts", "weight": 0.4090909090909091, "pos": [3, 155], "ts_group_id": 0, "label": "bankssts", "input_id": 31, "layer_pos": 1, "y": 155, "x": 3, "brain_side": "right", "id": 99, "func_id": "2"}, {"name": "rh_superiortemporal", "weight": 1.0909090909090908, "pos": [3, 160], "ts_group_id": 0, "label": "superiortemporal", "input_id": 32, "layer_pos": 1, "y": 160, "x": 3, "brain_side": "right", "id": 100, "func_id": "2"}, {"name": "rh_transversetemporal", "weight": 0.6818181818181818, "pos": [3, 165], "ts_group_id": 0, "label": "transversetemporal", "input_id": 33, "layer_pos": 1, "y": 165, "x": 3, "brain_side": "right", "id": 101, "func_id": "2"}, {"name": "rh_insula", "weight": 0.9090909090909091, "pos": [3, 170], "ts_group_id": 0, "label": "insula", "input_id": 34, "layer_pos": 1, "y": 170, "x": 3, "brain_side": "right", "id": 102, "func_id": "4"}, {"name": "rh_bankssts", "weight": 0.3888888888888889, "pos": [6, 155], "ts_group_id": 0, "label": "bankssts", "input_id": 31, "layer_pos": 2, "y": 155, "x": 6, "brain_side": "right", "id": 167, "func_id": "2"}, {"name": "rh_superiortemporal", "weight": 1.0, "pos": [6, 160], "ts_group_id": 0, "label": "superiortemporal", "input_id": 32, "layer_pos": 2, "y": 160, "x": 6, "brain_side": "right", "id": 168, "func_id": "2"}, {"name": "rh_transversetemporal", "weight": 0.8888888888888888, "pos": [6, 165], "ts_group_id": 0, "label": "transversetemporal", "input_id": 33, "layer_pos": 2, "y": 165, "x": 6, "brain_side": "right", "id": 169, "func_id": "2"}, {"name": "rh_insula", "weight": 0.7777777777777778, "pos": [6, 170], "ts_group_id": 0, "label": "insula", "input_id": 34, "layer_pos": 2, "y": 170, "x": 6, "brain_side": "right", "id": 170, "func_id": "4"}, {"name": "rh_bankssts", "weight": 0.2727272727272727, "pos": [9, 155], "ts_group_id": 0, "label": "bankssts", "input_id": 31, "layer_pos": 3, "y": 155, "x": 9, "brain_side": "right", "id": 235, "func_id": "2"}, {"name": "rh_superiortemporal", "weight": 0.36363636363636365, "pos": [9, 160], "ts_group_id": 0, "label": "superiortemporal", "input_id": 32, "layer_pos": 3, "y": 160, "x": 9, "brain_side": "right", "id": 236, "func_id": "2"}, {"name": "rh_insula", "weight": 0.2727272727272727, "pos": [9, 170], "ts_group_id": 0, "label": "insula", "input_id": 34, "layer_pos": 3, "y": 170, "x": 9, "brain_side": "right", "id": 238, "func_id": "4"}, {"name": "rh_supramarginal", "weight": 0.23529411764705882, "pos": [0, 85], "ts_group_id": 0, "label": "supramarginal", "input_id": 17, "layer_pos": 0, "y": 85, "x": 0, "brain_side": "right", "id": 17, "func_id": "4"}, {"name": "rh_supramarginal", "weight": 0.22727272727272727, "pos": [3, 85], "ts_group_id": 0, "label": "supramarginal", "input_id": 17, "layer_pos": 1, "y": 85, "x": 3, "brain_side": "right", "id": 85, "func_id": "4"}, {"name": "rh_lateralorbitofrontal", "weight": 0.2222222222222222, "pos": [6, 5], "ts_group_id": 0, "label": "lateralorbitofrontal", "input_id": 1, "layer_pos": 2, "y": 5, "x": 6, "brain_side": "right", "id": 137, "func_id": "5"}, {"name": "rh_supramarginal", "weight": 0.3333333333333333, "pos": [6, 85], "ts_group_id": 0, "label": "supramarginal", "input_id": 17, "layer_pos": 2, "y": 85, "x": 6, "brain_side": "right", "id": 153, "func_id": "4"}, {"name": "rh_bankssts", "weight": 0.29411764705882354, "pos": [0, 155], "ts_group_id": 0, "label": "bankssts", "input_id": 31, "layer_pos": 0, "y": 155, "x": 0, "brain_side": "right", "id": 31, "func_id": "2"}], "links": [{"source": 0, "target": 3}, {"source": 0, "target": 4}, {"source": 0, "target": 15}, {"source": 0, "target": 6}, {"source": 0, "target": 5}, {"source": 1, "target": 4}, {"source": 1, "target": 15}, {"source": 1, "target": 6}, {"source": 1, "target": 5}, {"source": 2, "target": 3}, {"source": 2, "target": 4}, {"source": 2, "target": 15}, {"source": 2, "target": 6}, {"source": 2, "target": 5}, {"source": 3, "target": 7}, {"source": 3, "target": 8}, {"source": 3, "target": 10}, {"source": 3, "target": 14}, {"source": 3, "target": 17}, {"source": 3, "target": 18}, {"source": 4, "target": 7}, {"source": 4, "target": 8}, {"source": 4, "target": 16}, {"source": 4, "target": 10}, {"source": 4, "target": 14}, {"source": 4, "target": 9}, {"source": 4, "target": 17}, {"source": 4, "target": 18}, {"source": 5, "target": 8}, {"source": 5, "target": 9}, {"source": 5, "target": 10}, {"source": 5, "target": 14}, {"source": 5, "target": 17}, {"source": 6, "target": 7}, {"source": 6, "target": 8}, {"source": 6, "target": 16}, {"source": 6, "target": 10}, {"source": 6, "target": 14}, {"source": 6, "target": 9}, {"source": 6, "target": 17}, {"source": 6, "target": 18}, {"source": 7, "target": 11}, {"source": 7, "target": 12}, {"source": 7, "target": 13}, {"source": 7, "target": 15}, {"source": 8, "target": 11}, {"source": 8, "target": 12}, {"source": 8, "target": 13}, {"source": 8, "target": 15}, {"source": 9, "target": 12}, {"source": 9, "target": 13}, {"source": 9, "target": 15}, {"source": 10, "target": 11}, {"source": 10, "target": 12}, {"source": 10, "target": 13}, {"source": 10, "target": 15}, {"source": 11, "target": 17}, {"source": 12, "target": 16}, {"source": 12, "target": 17}, {"source": 13, "target": 16}, {"source": 13, "target": 17}, {"source": 14, "target": 15}, {"source": 15, "target": 17}, {"source": 15, "target": 18}], "multigraph": false}