{"directed": false, "graph": [], "nodes": [{"name": "lh_precuneus", "weight": 0.5925925925925926, "pos": [6, 270], "ts_group_id": 0, "label": "precuneus", "input_id": 54, "layer_pos": 2, "y": 270, "x": 6, "brain_side": "left", "id": 190, "func_id": "7"}, {"name": "rh_isthmuscingulate", "weight": 0.5, "pos": [0, 75], "ts_group_id": 0, "label": "isthmuscingulate", "input_id": 15, "layer_pos": 0, "y": 75, "x": 0, "brain_side": "right", "id": 15, "func_id": "7"}, {"name": "lh_isthmuscingulate", "weight": 0.46153846153846156, "pos": [0, 245], "ts_group_id": 0, "label": "isthmuscingulate", "input_id": 49, "layer_pos": 0, "y": 245, "x": 0, "brain_side": "left", "id": 49, "func_id": "7"}, {"name": "rh_isthmuscingulate", "weight": 0.7931034482758621, "pos": [3, 75], "ts_group_id": 0, "label": "isthmuscingulate", "input_id": 15, "layer_pos": 1, "y": 75, "x": 3, "brain_side": "right", "id": 83, "func_id": "7"}, {"name": "rh_precuneus", "weight": 0.9615384615384616, "pos": [0, 100], "ts_group_id": 0, "label": "precuneus", "input_id": 20, "layer_pos": 0, "y": 100, "x": 0, "brain_side": "right", "id": 20, "func_id": "7"}, {"name": "lh_isthmuscingulate", "weight": 0.41379310344827586, "pos": [3, 245], "ts_group_id": 0, "label": "isthmuscingulate", "input_id": 49, "layer_pos": 1, "y": 245, "x": 3, "brain_side": "left", "id": 117, "func_id": "7"}, {"name": "lh_precuneus", "weight": 1.0, "pos": [0, 270], "ts_group_id": 0, "label": "precuneus", "input_id": 54, "layer_pos": 0, "y": 270, "x": 0, "brain_side": "left", "id": 54, "func_id": "7"}, {"name": "rh_isthmuscingulate", "weight": 0.6296296296296297, "pos": [6, 75], "ts_group_id": 0, "label": "isthmuscingulate", "input_id": 15, "layer_pos": 2, "y": 75, "x": 6, "brain_side": "right", "id": 151, "func_id": "7"}, {"name": "rh_precuneus", "weight": 0.9310344827586207, "pos": [3, 100], "ts_group_id": 0, "label": "precuneus", "input_id": 20, "layer_pos": 1, "y": 100, "x": 3, "brain_side": "right", "id": 88, "func_id": "7"}, {"name": "rh_cuneus", "weight": 0.27586206896551724, "pos": [3, 105], "ts_group_id": 0, "label": "cuneus", "input_id": 21, "layer_pos": 1, "y": 105, "x": 3, "brain_side": "right", "id": 89, "func_id": "1"}, {"name": "lh_precuneus", "weight": 0.9310344827586207, "pos": [3, 270], "ts_group_id": 0, "label": "precuneus", "input_id": 54, "layer_pos": 1, "y": 270, "x": 3, "brain_side": "left", "id": 122, "func_id": "7"}, {"name": "lh_cuneus", "weight": 0.2413793103448276, "pos": [3, 275], "ts_group_id": 0, "label": "cuneus", "input_id": 55, "layer_pos": 1, "y": 275, "x": 3, "brain_side": "left", "id": 123, "func_id": "1"}, {"name": "rh_precuneus", "weight": 0.5925925925925926, "pos": [6, 100], "ts_group_id": 0, "label": "precuneus", "input_id": 20, "layer_pos": 2, "y": 100, "x": 6, "brain_side": "right", "id": 156, "func_id": "7"}, {"name": "lh_isthmuscingulate", "weight": 0.5555555555555556, "pos": [6, 245], "ts_group_id": 0, "label": "isthmuscingulate", "input_id": 49, "layer_pos": 2, "y": 245, "x": 6, "brain_side": "left", "id": 185, "func_id": "7"}, {"name": "rh_cuneus", "weight": 0.23076923076923078, "pos": [0, 105], "ts_group_id": 0, "label": "cuneus", "input_id": 21, "layer_pos": 0, "y": 105, "x": 0, "brain_side": "right", "id": 21, "func_id": "1"}], "links": [{"source": 0, "target": 3}, {"source": 0, "target": 5}, {"source": 0, "target": 8}, {"source": 0, "target": 9}, {"source": 0, "target": 10}, {"source": 0, "target": 11}, {"source": 1, "target": 8}, {"source": 1, "target": 10}, {"source": 1, "target": 3}, {"source": 1, "target": 5}, {"source": 2, "target": 8}, {"source": 2, "target": 11}, {"source": 2, "target": 10}, {"source": 2, "target": 3}, {"source": 2, "target": 5}, {"source": 3, "target": 4}, {"source": 3, "target": 6}, {"source": 3, "target": 7}, {"source": 3, "target": 13}, {"source": 3, "target": 12}, {"source": 4, "target": 5}, {"source": 4, "target": 8}, {"source": 4, "target": 9}, {"source": 4, "target": 10}, {"source": 4, "target": 11}, {"source": 5, "target": 6}, {"source": 5, "target": 7}, {"source": 5, "target": 13}, {"source": 5, "target": 12}, {"source": 6, "target": 8}, {"source": 6, "target": 9}, {"source": 6, "target": 10}, {"source": 6, "target": 11}, {"source": 7, "target": 8}, {"source": 7, "target": 10}, {"source": 8, "target": 14}, {"source": 8, "target": 13}, {"source": 8, "target": 12}, {"source": 9, "target": 12}, {"source": 9, "target": 14}, {"source": 10, "target": 14}, {"source": 10, "target": 13}, {"source": 10, "target": 12}, {"source": 11, "target": 14}, {"source": 11, "target": 13}, {"source": 11, "target": 12}], "multigraph": false}