{"directed": false, "graph": [], "nodes": [{"name": "lh_parahippocampal", "weight": 0.47368421052631576, "pos": [3, 300], "ts_group_id": 0, "label": "parahippocampal", "input_id": 60, "layer_pos": 1, "y": 300, "x": 3, "brain_side": "left", "id": 128, "func_id": "7"}, {"name": "lh_entorhinal", "weight": 1.105263157894737, "pos": [3, 305], "ts_group_id": 0, "label": "entorhinal", "input_id": 61, "layer_pos": 1, "y": 305, "x": 3, "brain_side": "left", "id": 129, "func_id": "5"}, {"name": "lh_temporalpole", "weight": 1.2105263157894737, "pos": [3, 310], "ts_group_id": 0, "label": "temporalpole", "input_id": 62, "layer_pos": 1, "y": 310, "x": 3, "brain_side": "left", "id": 130, "func_id": "5"}, {"name": "lh_inferiortemporal", "weight": 0.5263157894736842, "pos": [3, 315], "ts_group_id": 0, "label": "inferiortemporal", "input_id": 63, "layer_pos": 1, "y": 315, "x": 3, "brain_side": "left", "id": 131, "func_id": "5"}, {"name": "lh_parahippocampal", "weight": 0.3, "pos": [6, 300], "ts_group_id": 0, "label": "parahippocampal", "input_id": 60, "layer_pos": 2, "y": 300, "x": 6, "brain_side": "left", "id": 196, "func_id": "7"}, {"name": "lh_entorhinal", "weight": 1.0, "pos": [6, 305], "ts_group_id": 0, "label": "entorhinal", "input_id": 61, "layer_pos": 2, "y": 305, "x": 6, "brain_side": "left", "id": 197, "func_id": "5"}, {"name": "lh_temporalpole", "weight": 0.95, "pos": [6, 310], "ts_group_id": 0, "label": "temporalpole", "input_id": 62, "layer_pos": 2, "y": 310, "x": 6, "brain_side": "left", "id": 198, "func_id": "5"}, {"name": "lh_inferiortemporal", "weight": 0.5, "pos": [6, 315], "ts_group_id": 0, "label": "inferiortemporal", "input_id": 63, "layer_pos": 2, "y": 315, "x": 6, "brain_side": "left", "id": 199, "func_id": "5"}, {"name": "lh_inferiortemporal", "weight": 0.7333333333333333, "pos": [0, 315], "ts_group_id": 0, "label": "inferiortemporal", "input_id": 63, "layer_pos": 0, "y": 315, "x": 0, "brain_side": "left", "id": 63, "func_id": "5"}, {"name": "lh_temporalpole", "weight": 0.2631578947368421, "pos": [9, 310], "ts_group_id": 0, "label": "temporalpole", "input_id": 62, "layer_pos": 3, "y": 310, "x": 9, "brain_side": "left", "id": 266, "func_id": "5"}, {"name": "lh_inferiortemporal", "weight": 0.2631578947368421, "pos": [9, 315], "ts_group_id": 0, "label": "inferiortemporal", "input_id": 63, "layer_pos": 3, "y": 315, "x": 9, "brain_side": "left", "id": 267, "func_id": "5"}, {"name": "lh_entorhinal", "weight": 0.2222222222222222, "pos": [12, 305], "ts_group_id": 0, "label": "entorhinal", "input_id": 61, "layer_pos": 4, "y": 305, "x": 12, "brain_side": "left", "id": 333, "func_id": "5"}, {"name": "lh_fusiform", "weight": 0.25, "pos": [6, 295], "ts_group_id": 0, "label": "fusiform", "input_id": 59, "layer_pos": 2, "y": 295, "x": 6, "brain_side": "left", "id": 195, "func_id": "1"}, {"name": "lh_precentral", "weight": 0.2222222222222222, "pos": [12, 220], "ts_group_id": 0, "label": "precentral", "input_id": 44, "layer_pos": 4, "y": 220, "x": 12, "brain_side": "left", "id": 316, "func_id": "2"}, {"name": "lh_entorhinal", "weight": 0.2631578947368421, "pos": [9, 305], "ts_group_id": 0, "label": "entorhinal", "input_id": 61, "layer_pos": 3, "y": 305, "x": 9, "brain_side": "left", "id": 265, "func_id": "5"}, {"name": "lh_fusiform", "weight": 0.3333333333333333, "pos": [12, 295], "ts_group_id": 0, "label": "fusiform", "input_id": 59, "layer_pos": 4, "y": 295, "x": 12, "brain_side": "left", "id": 331, "func_id": "1"}, {"name": "lh_fusiform", "weight": 0.4666666666666667, "pos": [0, 295], "ts_group_id": 0, "label": "fusiform", "input_id": 59, "layer_pos": 0, "y": 295, "x": 0, "brain_side": "left", "id": 59, "func_id": "1"}, {"name": "lh_parahippocampal", "weight": 0.5333333333333333, "pos": [0, 300], "ts_group_id": 0, "label": "parahippocampal", "input_id": 60, "layer_pos": 0, "y": 300, "x": 0, "brain_side": "left", "id": 60, "func_id": "7"}, {"name": "lh_entorhinal", "weight": 1.6, "pos": [0, 305], "ts_group_id": 0, "label": "entorhinal", "input_id": 61, "layer_pos": 0, "y": 305, "x": 0, "brain_side": "left", "id": 61, "func_id": "5"}, {"name": "lh_temporalpole", "weight": 1.4, "pos": [0, 310], "ts_group_id": 0, "label": "temporalpole", "input_id": 62, "layer_pos": 0, "y": 310, "x": 0, "brain_side": "left", "id": 62, "func_id": "5"}, {"name": "lh_fusiform", "weight": 0.5263157894736842, "pos": [3, 295], "ts_group_id": 0, "label": "fusiform", "input_id": 59, "layer_pos": 1, "y": 295, "x": 3, "brain_side": "left", "id": 127, "func_id": "1"}], "links": [{"source": 0, "target": 12}, {"source": 0, "target": 4}, {"source": 0, "target": 5}, {"source": 0, "target": 16}, {"source": 0, "target": 17}, {"source": 0, "target": 18}, {"source": 1, "target": 12}, {"source": 1, "target": 4}, {"source": 1, "target": 5}, {"source": 1, "target": 6}, {"source": 1, "target": 16}, {"source": 1, "target": 17}, {"source": 1, "target": 18}, {"source": 1, "target": 19}, {"source": 2, "target": 12}, {"source": 2, "target": 5}, {"source": 2, "target": 6}, {"source": 2, "target": 7}, {"source": 2, "target": 16}, {"source": 2, "target": 18}, {"source": 2, "target": 19}, {"source": 2, "target": 8}, {"source": 3, "target": 12}, {"source": 3, "target": 6}, {"source": 3, "target": 7}, {"source": 3, "target": 16}, {"source": 3, "target": 19}, {"source": 3, "target": 8}, {"source": 4, "target": 14}, {"source": 4, "target": 20}, {"source": 5, "target": 14}, {"source": 5, "target": 9}, {"source": 5, "target": 20}, {"source": 6, "target": 14}, {"source": 6, "target": 9}, {"source": 6, "target": 10}, {"source": 6, "target": 20}, {"source": 7, "target": 10}, {"source": 7, "target": 9}, {"source": 7, "target": 20}, {"source": 8, "target": 20}, {"source": 9, "target": 12}, {"source": 9, "target": 15}, {"source": 9, "target": 11}, {"source": 10, "target": 15}, {"source": 10, "target": 12}, {"source": 10, "target": 13}, {"source": 11, "target": 14}, {"source": 12, "target": 14}, {"source": 12, "target": 20}, {"source": 14, "target": 15}, {"source": 16, "target": 20}, {"source": 17, "target": 20}, {"source": 18, "target": 20}, {"source": 19, "target": 20}], "multigraph": false}