{"directed": false, "graph": [], "nodes": [{"name": "lh_paracentral", "weight": 0.3333333333333333, "pos": [15, 225], "ts_group_id": 0, "label": "paracentral", "input_id": 45, "layer_pos": 5, "y": 225, "x": 15, "brain_side": "left", "id": 385, "func_id": "2"}, {"name": "lh_insula", "weight": 0.2222222222222222, "pos": [3, 340], "ts_group_id": 0, "label": "insula", "input_id": 68, "layer_pos": 1, "y": 340, "x": 3, "brain_side": "left", "id": 136, "func_id": "4"}, {"name": "rh_precentral", "weight": 0.5217391304347826, "pos": [0, 50], "ts_group_id": 0, "label": "precentral", "input_id": 10, "layer_pos": 0, "y": 50, "x": 0, "brain_side": "right", "id": 10, "func_id": "2"}, {"name": "rh_postcentral", "weight": 1.3478260869565217, "pos": [0, 80], "ts_group_id": 0, "label": "postcentral", "input_id": 16, "layer_pos": 0, "y": 80, "x": 0, "brain_side": "right", "id": 16, "func_id": "2"}, {"name": "rh_precentral", "weight": 0.4230769230769231, "pos": [6, 50], "ts_group_id": 0, "label": "precentral", "input_id": 10, "layer_pos": 2, "y": 50, "x": 6, "brain_side": "right", "id": 146, "func_id": "2"}, {"name": "lh_middletemporal", "weight": 0.3333333333333333, "pos": [15, 320], "ts_group_id": 0, "label": "middletemporal", "input_id": 64, "layer_pos": 5, "y": 320, "x": 15, "brain_side": "left", "id": 404, "func_id": "7"}, {"name": "rh_postcentral", "weight": 1.0769230769230769, "pos": [6, 80], "ts_group_id": 0, "label": "postcentral", "input_id": 16, "layer_pos": 2, "y": 80, "x": 6, "brain_side": "right", "id": 152, "func_id": "2"}, {"name": "rh_supramarginal", "weight": 0.3076923076923077, "pos": [6, 85], "ts_group_id": 0, "label": "supramarginal", "input_id": 17, "layer_pos": 2, "y": 85, "x": 6, "brain_side": "right", "id": 153, "func_id": "4"}, {"name": "lh_precentral", "weight": 0.391304347826087, "pos": [0, 220], "ts_group_id": 0, "label": "precentral", "input_id": 44, "layer_pos": 0, "y": 220, "x": 0, "brain_side": "left", "id": 44, "func_id": "2"}, {"name": "lh_postcentral", "weight": 0.9565217391304348, "pos": [0, 250], "ts_group_id": 0, "label": "postcentral", "input_id": 50, "layer_pos": 0, "y": 250, "x": 0, "brain_side": "left", "id": 50, "func_id": "2"}, {"name": "lh_precentral", "weight": 0.3076923076923077, "pos": [6, 220], "ts_group_id": 0, "label": "precentral", "input_id": 44, "layer_pos": 2, "y": 220, "x": 6, "brain_side": "left", "id": 180, "func_id": "2"}, {"name": "lh_postcentral", "weight": 0.7307692307692307, "pos": [6, 250], "ts_group_id": 0, "label": "postcentral", "input_id": 50, "layer_pos": 2, "y": 250, "x": 6, "brain_side": "left", "id": 186, "func_id": "2"}, {"name": "lh_paracentral", "weight": 0.5, "pos": [18, 225], "ts_group_id": 0, "label": "paracentral", "input_id": 45, "layer_pos": 6, "y": 225, "x": 18, "brain_side": "left", "id": 453, "func_id": "2"}, {"name": "lh_inferiorparietal", "weight": 0.5, "pos": [18, 265], "ts_group_id": 0, "label": "inferiorparietal", "input_id": 53, "layer_pos": 6, "y": 265, "x": 18, "brain_side": "left", "id": 461, "func_id": "7"}, {"name": "rh_precentral", "weight": 0.7777777777777778, "pos": [3, 50], "ts_group_id": 0, "label": "precentral", "input_id": 10, "layer_pos": 1, "y": 50, "x": 3, "brain_side": "right", "id": 78, "func_id": "2"}, {"name": "rh_postcentral", "weight": 1.5185185185185186, "pos": [3, 80], "ts_group_id": 0, "label": "postcentral", "input_id": 16, "layer_pos": 1, "y": 80, "x": 3, "brain_side": "right", "id": 84, "func_id": "2"}, {"name": "rh_supramarginal", "weight": 0.25925925925925924, "pos": [3, 85], "ts_group_id": 0, "label": "supramarginal", "input_id": 17, "layer_pos": 1, "y": 85, "x": 3, "brain_side": "right", "id": 85, "func_id": "4"}, {"name": "rh_precentral", "weight": 0.21052631578947367, "pos": [9, 50], "ts_group_id": 0, "label": "precentral", "input_id": 10, "layer_pos": 3, "y": 50, "x": 9, "brain_side": "right", "id": 214, "func_id": "2"}, {"name": "rh_postcentral", "weight": 0.47368421052631576, "pos": [9, 80], "ts_group_id": 0, "label": "postcentral", "input_id": 16, "layer_pos": 3, "y": 80, "x": 9, "brain_side": "right", "id": 220, "func_id": "2"}, {"name": "rh_paracentral", "weight": 0.3333333333333333, "pos": [15, 55], "ts_group_id": 0, "label": "paracentral", "input_id": 11, "layer_pos": 5, "y": 55, "x": 15, "brain_side": "right", "id": 351, "func_id": "2"}, {"name": "lh_precentral", "weight": 0.5555555555555556, "pos": [3, 220], "ts_group_id": 0, "label": "precentral", "input_id": 44, "layer_pos": 1, "y": 220, "x": 3, "brain_side": "left", "id": 112, "func_id": "2"}, {"name": "lh_postcentral", "weight": 1.1851851851851851, "pos": [3, 250], "ts_group_id": 0, "label": "postcentral", "input_id": 50, "layer_pos": 1, "y": 250, "x": 3, "brain_side": "left", "id": 118, "func_id": "2"}, {"name": "lh_postcentral", "weight": 0.3684210526315789, "pos": [9, 250], "ts_group_id": 0, "label": "postcentral", "input_id": 50, "layer_pos": 3, "y": 250, "x": 9, "brain_side": "left", "id": 254, "func_id": "2"}], "links": [{"source": 0, "target": 12}, {"source": 1, "target": 10}, {"source": 1, "target": 9}, {"source": 1, "target": 8}, {"source": 1, "target": 11}, {"source": 2, "target": 20}, {"source": 2, "target": 15}, {"source": 2, "target": 16}, {"source": 2, "target": 14}, {"source": 3, "target": 21}, {"source": 3, "target": 15}, {"source": 3, "target": 16}, {"source": 3, "target": 14}, {"source": 4, "target": 14}, {"source": 4, "target": 20}, {"source": 4, "target": 15}, {"source": 4, "target": 16}, {"source": 4, "target": 17}, {"source": 4, "target": 18}, {"source": 5, "target": 13}, {"source": 6, "target": 21}, {"source": 6, "target": 14}, {"source": 6, "target": 15}, {"source": 6, "target": 16}, {"source": 6, "target": 17}, {"source": 6, "target": 18}, {"source": 6, "target": 22}, {"source": 7, "target": 17}, {"source": 7, "target": 18}, {"source": 7, "target": 15}, {"source": 7, "target": 16}, {"source": 7, "target": 14}, {"source": 8, "target": 20}, {"source": 8, "target": 21}, {"source": 8, "target": 14}, {"source": 9, "target": 20}, {"source": 9, "target": 15}, {"source": 9, "target": 21}, {"source": 10, "target": 17}, {"source": 10, "target": 14}, {"source": 10, "target": 20}, {"source": 10, "target": 21}, {"source": 10, "target": 22}, {"source": 11, "target": 20}, {"source": 11, "target": 15}, {"source": 11, "target": 21}, {"source": 11, "target": 18}, {"source": 11, "target": 22}, {"source": 12, "target": 19}], "multigraph": false}