{"directed": false, "graph": [], "nodes": [{"name": "lh_superiorparietal", "weight": 0.22727272727272727, "pos": [9, 260], "ts_group_id": 0, "label": "superiorparietal", "input_id": 52, "layer_pos": 3, "y": 260, "x": 9, "brain_side": "left", "id": 256, "func_id": "3"}, {"name": "lh_lateraloccipital", "weight": 0.22727272727272727, "pos": [9, 285], "ts_group_id": 0, "label": "lateraloccipital", "input_id": 57, "layer_pos": 3, "y": 285, "x": 9, "brain_side": "left", "id": 261, "func_id": "1"}, {"name": "lh_lateraloccipital", "weight": 0.25, "pos": [15, 285], "ts_group_id": 0, "label": "lateraloccipital", "input_id": 57, "layer_pos": 5, "y": 285, "x": 15, "brain_side": "left", "id": 397, "func_id": "1"}, {"name": "rh_superiorparietal", "weight": 0.3333333333333333, "pos": [0, 90], "ts_group_id": 0, "label": "superiorparietal", "input_id": 18, "layer_pos": 0, "y": 90, "x": 0, "brain_side": "right", "id": 18, "func_id": "3"}, {"name": "rh_pericalcarine", "weight": 0.2222222222222222, "pos": [0, 110], "ts_group_id": 0, "label": "pericalcarine", "input_id": 22, "layer_pos": 0, "y": 110, "x": 0, "brain_side": "right", "id": 22, "func_id": "1"}, {"name": "rh_lateraloccipital", "weight": 0.7407407407407407, "pos": [0, 115], "ts_group_id": 0, "label": "lateraloccipital", "input_id": 23, "layer_pos": 0, "y": 115, "x": 0, "brain_side": "right", "id": 23, "func_id": "1"}, {"name": "rh_fusiform", "weight": 0.4074074074074074, "pos": [0, 125], "ts_group_id": 0, "label": "fusiform", "input_id": 25, "layer_pos": 0, "y": 125, "x": 0, "brain_side": "right", "id": 25, "func_id": "1"}, {"name": "rh_superiorparietal", "weight": 0.36, "pos": [6, 90], "ts_group_id": 0, "label": "superiorparietal", "input_id": 18, "layer_pos": 2, "y": 90, "x": 6, "brain_side": "right", "id": 154, "func_id": "3"}, {"name": "rh_lateraloccipital", "weight": 0.84, "pos": [6, 115], "ts_group_id": 0, "label": "lateraloccipital", "input_id": 23, "layer_pos": 2, "y": 115, "x": 6, "brain_side": "right", "id": 159, "func_id": "1"}, {"name": "rh_fusiform", "weight": 0.32, "pos": [6, 125], "ts_group_id": 0, "label": "fusiform", "input_id": 25, "layer_pos": 2, "y": 125, "x": 6, "brain_side": "right", "id": 161, "func_id": "1"}, {"name": "rh_lateraloccipital", "weight": 0.3333333333333333, "pos": [18, 115], "ts_group_id": 0, "label": "lateraloccipital", "input_id": 23, "layer_pos": 6, "y": 115, "x": 18, "brain_side": "right", "id": 431, "func_id": "1"}, {"name": "rh_fusiform", "weight": 0.3333333333333333, "pos": [18, 125], "ts_group_id": 0, "label": "fusiform", "input_id": 25, "layer_pos": 6, "y": 125, "x": 18, "brain_side": "right", "id": 433, "func_id": "1"}, {"name": "lh_superiorparietal", "weight": 0.2962962962962963, "pos": [0, 260], "ts_group_id": 0, "label": "superiorparietal", "input_id": 52, "layer_pos": 0, "y": 260, "x": 0, "brain_side": "left", "id": 52, "func_id": "3"}, {"name": "lh_pericalcarine", "weight": 0.2962962962962963, "pos": [0, 280], "ts_group_id": 0, "label": "pericalcarine", "input_id": 56, "layer_pos": 0, "y": 280, "x": 0, "brain_side": "left", "id": 56, "func_id": "1"}, {"name": "lh_lateraloccipital", "weight": 0.7407407407407407, "pos": [0, 285], "ts_group_id": 0, "label": "lateraloccipital", "input_id": 57, "layer_pos": 0, "y": 285, "x": 0, "brain_side": "left", "id": 57, "func_id": "1"}, {"name": "lh_fusiform", "weight": 0.6666666666666666, "pos": [0, 295], "ts_group_id": 0, "label": "fusiform", "input_id": 59, "layer_pos": 0, "y": 295, "x": 0, "brain_side": "left", "id": 59, "func_id": "1"}, {"name": "lh_superiorparietal", "weight": 0.24, "pos": [6, 260], "ts_group_id": 0, "label": "superiorparietal", "input_id": 52, "layer_pos": 2, "y": 260, "x": 6, "brain_side": "left", "id": 188, "func_id": "3"}, {"name": "lh_lateraloccipital", "weight": 0.76, "pos": [6, 285], "ts_group_id": 0, "label": "lateraloccipital", "input_id": 57, "layer_pos": 2, "y": 285, "x": 6, "brain_side": "left", "id": 193, "func_id": "1"}, {"name": "lh_fusiform", "weight": 0.32, "pos": [6, 295], "ts_group_id": 0, "label": "fusiform", "input_id": 59, "layer_pos": 2, "y": 295, "x": 6, "brain_side": "left", "id": 195, "func_id": "1"}, {"name": "lh_lateraloccipital", "weight": 0.3333333333333333, "pos": [18, 285], "ts_group_id": 0, "label": "lateraloccipital", "input_id": 57, "layer_pos": 6, "y": 285, "x": 18, "brain_side": "left", "id": 465, "func_id": "1"}, {"name": "rh_superiorparietal", "weight": 0.3076923076923077, "pos": [3, 90], "ts_group_id": 0, "label": "superiorparietal", "input_id": 18, "layer_pos": 1, "y": 90, "x": 3, "brain_side": "right", "id": 86, "func_id": "3"}, {"name": "rh_pericalcarine", "weight": 0.23076923076923078, "pos": [3, 110], "ts_group_id": 0, "label": "pericalcarine", "input_id": 22, "layer_pos": 1, "y": 110, "x": 3, "brain_side": "right", "id": 90, "func_id": "1"}, {"name": "rh_lateraloccipital", "weight": 1.1153846153846154, "pos": [3, 115], "ts_group_id": 0, "label": "lateraloccipital", "input_id": 23, "layer_pos": 1, "y": 115, "x": 3, "brain_side": "right", "id": 91, "func_id": "1"}, {"name": "rh_fusiform", "weight": 0.6153846153846154, "pos": [3, 125], "ts_group_id": 0, "label": "fusiform", "input_id": 25, "layer_pos": 1, "y": 125, "x": 3, "brain_side": "right", "id": 93, "func_id": "1"}, {"name": "rh_superiorparietal", "weight": 0.22727272727272727, "pos": [9, 90], "ts_group_id": 0, "label": "superiorparietal", "input_id": 18, "layer_pos": 3, "y": 90, "x": 9, "brain_side": "right", "id": 222, "func_id": "3"}, {"name": "rh_lateraloccipital", "weight": 0.22727272727272727, "pos": [9, 115], "ts_group_id": 0, "label": "lateraloccipital", "input_id": 23, "layer_pos": 3, "y": 115, "x": 9, "brain_side": "right", "id": 227, "func_id": "1"}, {"name": "rh_fusiform", "weight": 0.2727272727272727, "pos": [9, 125], "ts_group_id": 0, "label": "fusiform", "input_id": 25, "layer_pos": 3, "y": 125, "x": 9, "brain_side": "right", "id": 229, "func_id": "1"}, {"name": "rh_superiorparietal", "weight": 0.25, "pos": [15, 90], "ts_group_id": 0, "label": "superiorparietal", "input_id": 18, "layer_pos": 5, "y": 90, "x": 15, "brain_side": "right", "id": 358, "func_id": "3"}, {"name": "rh_lateraloccipital", "weight": 0.25, "pos": [15, 115], "ts_group_id": 0, "label": "lateraloccipital", "input_id": 23, "layer_pos": 5, "y": 115, "x": 15, "brain_side": "right", "id": 363, "func_id": "1"}, {"name": "lh_superiorparietal", "weight": 0.46153846153846156, "pos": [3, 260], "ts_group_id": 0, "label": "superiorparietal", "input_id": 52, "layer_pos": 1, "y": 260, "x": 3, "brain_side": "left", "id": 120, "func_id": "3"}, {"name": "lh_lateraloccipital", "weight": 1.0769230769230769, "pos": [3, 285], "ts_group_id": 0, "label": "lateraloccipital", "input_id": 57, "layer_pos": 1, "y": 285, "x": 3, "brain_side": "left", "id": 125, "func_id": "1"}, {"name": "lh_fusiform", "weight": 0.6153846153846154, "pos": [3, 295], "ts_group_id": 0, "label": "fusiform", "input_id": 59, "layer_pos": 1, "y": 295, "x": 3, "brain_side": "left", "id": 127, "func_id": "1"}], "links": [{"source": 0, "target": 17}, {"source": 0, "target": 7}, {"source": 0, "target": 18}, {"source": 0, "target": 16}, {"source": 0, "target": 8}, {"source": 1, "target": 17}, {"source": 1, "target": 7}, {"source": 1, "target": 18}, {"source": 1, "target": 16}, {"source": 1, "target": 8}, {"source": 2, "target": 19}, {"source": 2, "target": 10}, {"source": 3, "target": 30}, {"source": 3, "target": 20}, {"source": 3, "target": 29}, {"source": 3, "target": 21}, {"source": 3, "target": 22}, {"source": 3, "target": 23}, {"source": 4, "target": 30}, {"source": 4, "target": 20}, {"source": 4, "target": 29}, {"source": 4, "target": 21}, {"source": 4, "target": 22}, {"source": 4, "target": 23}, {"source": 5, "target": 30}, {"source": 5, "target": 20}, {"source": 5, "target": 29}, {"source": 5, "target": 21}, {"source": 5, "target": 22}, {"source": 5, "target": 23}, {"source": 6, "target": 21}, {"source": 6, "target": 22}, {"source": 6, "target": 23}, {"source": 6, "target": 20}, {"source": 7, "target": 25}, {"source": 7, "target": 26}, {"source": 7, "target": 30}, {"source": 7, "target": 20}, {"source": 7, "target": 29}, {"source": 7, "target": 21}, {"source": 7, "target": 22}, {"source": 7, "target": 23}, {"source": 7, "target": 24}, {"source": 8, "target": 25}, {"source": 8, "target": 26}, {"source": 8, "target": 30}, {"source": 8, "target": 20}, {"source": 8, "target": 29}, {"source": 8, "target": 21}, {"source": 8, "target": 22}, {"source": 8, "target": 23}, {"source": 8, "target": 24}, {"source": 9, "target": 25}, {"source": 9, "target": 26}, {"source": 9, "target": 20}, {"source": 9, "target": 21}, {"source": 9, "target": 22}, {"source": 9, "target": 23}, {"source": 9, "target": 24}, {"source": 10, "target": 28}, {"source": 10, "target": 27}, {"source": 11, "target": 28}, {"source": 11, "target": 27}, {"source": 12, "target": 20}, {"source": 12, "target": 29}, {"source": 12, "target": 21}, {"source": 12, "target": 22}, {"source": 12, "target": 30}, {"source": 12, "target": 31}, {"source": 13, "target": 20}, {"source": 13, "target": 29}, {"source": 13, "target": 21}, {"source": 13, "target": 22}, {"source": 13, "target": 30}, {"source": 13, "target": 31}, {"source": 14, "target": 20}, {"source": 14, "target": 29}, {"source": 14, "target": 21}, {"source": 14, "target": 22}, {"source": 14, "target": 30}, {"source": 14, "target": 31}, {"source": 15, "target": 29}, {"source": 15, "target": 30}, {"source": 15, "target": 31}, {"source": 16, "target": 25}, {"source": 16, "target": 20}, {"source": 16, "target": 29}, {"source": 16, "target": 21}, {"source": 16, "target": 22}, {"source": 16, "target": 30}, {"source": 16, "target": 24}, {"source": 16, "target": 31}, {"source": 17, "target": 25}, {"source": 17, "target": 20}, {"source": 17, "target": 29}, {"source": 17, "target": 21}, {"source": 17, "target": 22}, {"source": 17, "target": 30}, {"source": 17, "target": 24}, {"source": 17, "target": 31}, {"source": 18, "target": 29}, {"source": 18, "target": 30}, {"source": 18, "target": 31}, {"source": 19, "target": 28}, {"source": 19, "target": 27}], "multigraph": false}