{"directed": false, "graph": [], "nodes": [{"name": "lh_paracentral", "weight": 0.25, "pos": [15, 225], "ts_group_id": 0, "label": "paracentral", "input_id": 45, "layer_pos": 5, "y": 225, "x": 15, "brain_side": "left", "id": 385, "func_id": "2"}, {"name": "rh_superiorfrontal", "weight": 1.0, "pos": [21, 40], "ts_group_id": 0, "label": "superiorfrontal", "input_id": 8, "layer_pos": 7, "y": 40, "x": 21, "brain_side": "right", "id": 484, "func_id": "7"}, {"name": "lh_paracentral", "weight": 0.3333333333333333, "pos": [18, 225], "ts_group_id": 0, "label": "paracentral", "input_id": 45, "layer_pos": 6, "y": 225, "x": 18, "brain_side": "left", "id": 453, "func_id": "2"}, {"name": "rh_paracentral", "weight": 0.8695652173913043, "pos": [0, 55], "ts_group_id": 0, "label": "paracentral", "input_id": 11, "layer_pos": 0, "y": 55, "x": 0, "brain_side": "right", "id": 11, "func_id": "2"}, {"name": "lh_paracentral", "weight": 1.0869565217391304, "pos": [0, 225], "ts_group_id": 0, "label": "paracentral", "input_id": 45, "layer_pos": 0, "y": 225, "x": 0, "brain_side": "left", "id": 45, "func_id": "2"}, {"name": "rh_paracentral", "weight": 1.380952380952381, "pos": [3, 55], "ts_group_id": 0, "label": "paracentral", "input_id": 11, "layer_pos": 1, "y": 55, "x": 3, "brain_side": "right", "id": 79, "func_id": "2"}, {"name": "rh_postcentral", "weight": 0.21739130434782608, "pos": [0, 80], "ts_group_id": 0, "label": "postcentral", "input_id": 16, "layer_pos": 0, "y": 80, "x": 0, "brain_side": "right", "id": 16, "func_id": "2"}, {"name": "lh_paracentral", "weight": 1.8095238095238095, "pos": [3, 225], "ts_group_id": 0, "label": "paracentral", "input_id": 45, "layer_pos": 1, "y": 225, "x": 3, "brain_side": "left", "id": 113, "func_id": "2"}, {"name": "rh_paracentral", "weight": 1.1363636363636365, "pos": [6, 55], "ts_group_id": 0, "label": "paracentral", "input_id": 11, "layer_pos": 2, "y": 55, "x": 6, "brain_side": "right", "id": 147, "func_id": "2"}, {"name": "lh_posteriorcingulate", "weight": 0.23809523809523808, "pos": [3, 240], "ts_group_id": 0, "label": "posteriorcingulate", "input_id": 48, "layer_pos": 1, "y": 240, "x": 3, "brain_side": "left", "id": 116, "func_id": "4"}, {"name": "lh_paracentral", "weight": 1.4090909090909092, "pos": [6, 225], "ts_group_id": 0, "label": "paracentral", "input_id": 45, "layer_pos": 2, "y": 225, "x": 6, "brain_side": "left", "id": 181, "func_id": "2"}, {"name": "rh_paracentral", "weight": 0.3333333333333333, "pos": [9, 55], "ts_group_id": 0, "label": "paracentral", "input_id": 11, "layer_pos": 3, "y": 55, "x": 9, "brain_side": "right", "id": 215, "func_id": "2"}, {"name": "lh_paracentral", "weight": 0.3333333333333333, "pos": [9, 225], "ts_group_id": 0, "label": "paracentral", "input_id": 45, "layer_pos": 3, "y": 225, "x": 9, "brain_side": "left", "id": 249, "func_id": "2"}, {"name": "rh_superiorfrontal", "weight": 0.25, "pos": [15, 40], "ts_group_id": 0, "label": "superiorfrontal", "input_id": 8, "layer_pos": 5, "y": 40, "x": 15, "brain_side": "right", "id": 348, "func_id": "7"}], "links": [{"source": 0, "target": 2}, {"source": 1, "target": 2}, {"source": 2, "target": 13}, {"source": 3, "target": 7}, {"source": 3, "target": 9}, {"source": 3, "target": 5}, {"source": 4, "target": 7}, {"source": 4, "target": 9}, {"source": 4, "target": 5}, {"source": 5, "target": 6}, {"source": 5, "target": 8}, {"source": 5, "target": 10}, {"source": 6, "target": 7}, {"source": 7, "target": 8}, {"source": 7, "target": 10}, {"source": 8, "target": 12}, {"source": 8, "target": 11}, {"source": 8, "target": 9}, {"source": 9, "target": 10}, {"source": 10, "target": 12}, {"source": 10, "target": 11}], "multigraph": false}