{"directed": false, "graph": [], "nodes": [{"name": "lh_inferiortemporal", "weight": 0.21052631578947367, "pos": [3, 315], "ts_group_id": 0, "label": "inferiortemporal", "input_id": 63, "layer_pos": 1, "y": 315, "x": 3, "brain_side": "left", "id": 131, "func_id": "5"}, {"name": "lh_bankssts", "weight": 0.2631578947368421, "pos": [3, 325], "ts_group_id": 0, "label": "bankssts", "input_id": 65, "layer_pos": 1, "y": 325, "x": 3, "brain_side": "left", "id": 133, "func_id": "7"}, {"name": "lh_precentral", "weight": 0.2631578947368421, "pos": [0, 220], "ts_group_id": 0, "label": "precentral", "input_id": 44, "layer_pos": 0, "y": 220, "x": 0, "brain_side": "left", "id": 44, "func_id": "2"}, {"name": "rh_lateraloccipital", "weight": 0.3333333333333333, "pos": [21, 115], "ts_group_id": 0, "label": "lateraloccipital", "input_id": 23, "layer_pos": 7, "y": 115, "x": 21, "brain_side": "right", "id": 499, "func_id": "1"}, {"name": "rh_lateraloccipital", "weight": 0.25, "pos": [18, 115], "ts_group_id": 0, "label": "lateraloccipital", "input_id": 23, "layer_pos": 6, "y": 115, "x": 18, "brain_side": "right", "id": 431, "func_id": "1"}, {"name": "rh_precentral", "weight": 0.25, "pos": [18, 50], "ts_group_id": 0, "label": "precentral", "input_id": 10, "layer_pos": 6, "y": 50, "x": 18, "brain_side": "right", "id": 418, "func_id": "2"}, {"name": "lh_lateralorbitofrontal", "weight": 0.3684210526315789, "pos": [0, 175], "ts_group_id": 0, "label": "lateralorbitofrontal", "input_id": 35, "layer_pos": 0, "y": 175, "x": 0, "brain_side": "left", "id": 35, "func_id": "5"}, {"name": "lh_parsorbitalis", "weight": 0.8421052631578947, "pos": [0, 180], "ts_group_id": 0, "label": "parsorbitalis", "input_id": 36, "layer_pos": 0, "y": 180, "x": 0, "brain_side": "left", "id": 36, "func_id": "7"}, {"name": "lh_parstriangularis", "weight": 1.263157894736842, "pos": [0, 195], "ts_group_id": 0, "label": "parstriangularis", "input_id": 39, "layer_pos": 0, "y": 195, "x": 0, "brain_side": "left", "id": 39, "func_id": "7"}, {"name": "lh_parsopercularis", "weight": 0.8947368421052632, "pos": [0, 200], "ts_group_id": 0, "label": "parsopercularis", "input_id": 40, "layer_pos": 0, "y": 200, "x": 0, "brain_side": "left", "id": 40, "func_id": "4"}, {"name": "rh_superiorparietal", "weight": 0.25, "pos": [18, 90], "ts_group_id": 0, "label": "superiorparietal", "input_id": 18, "layer_pos": 6, "y": 90, "x": 18, "brain_side": "right", "id": 426, "func_id": "3"}, {"name": "lh_lateralorbitofrontal", "weight": 0.3333333333333333, "pos": [6, 175], "ts_group_id": 0, "label": "lateralorbitofrontal", "input_id": 35, "layer_pos": 2, "y": 175, "x": 6, "brain_side": "left", "id": 171, "func_id": "5"}, {"name": "lh_parsorbitalis", "weight": 0.7142857142857143, "pos": [6, 180], "ts_group_id": 0, "label": "parsorbitalis", "input_id": 36, "layer_pos": 2, "y": 180, "x": 6, "brain_side": "left", "id": 172, "func_id": "7"}, {"name": "lh_parstriangularis", "weight": 0.8095238095238095, "pos": [6, 195], "ts_group_id": 0, "label": "parstriangularis", "input_id": 39, "layer_pos": 2, "y": 195, "x": 6, "brain_side": "left", "id": 175, "func_id": "7"}, {"name": "lh_parsopercularis", "weight": 0.5714285714285714, "pos": [6, 200], "ts_group_id": 0, "label": "parsopercularis", "input_id": 40, "layer_pos": 2, "y": 200, "x": 6, "brain_side": "left", "id": 176, "func_id": "4"}, {"name": "lh_supramarginal", "weight": 0.21052631578947367, "pos": [0, 255], "ts_group_id": 0, "label": "supramarginal", "input_id": 51, "layer_pos": 0, "y": 255, "x": 0, "brain_side": "left", "id": 51, "func_id": "4"}, {"name": "lh_parsorbitalis", "weight": 0.2222222222222222, "pos": [12, 180], "ts_group_id": 0, "label": "parsorbitalis", "input_id": 36, "layer_pos": 4, "y": 180, "x": 12, "brain_side": "left", "id": 308, "func_id": "7"}, {"name": "lh_parstriangularis", "weight": 0.25, "pos": [18, 195], "ts_group_id": 0, "label": "parstriangularis", "input_id": 39, "layer_pos": 6, "y": 195, "x": 18, "brain_side": "left", "id": 447, "func_id": "7"}, {"name": "lh_inferiortemporal", "weight": 0.23809523809523808, "pos": [6, 315], "ts_group_id": 0, "label": "inferiortemporal", "input_id": 63, "layer_pos": 2, "y": 315, "x": 6, "brain_side": "left", "id": 199, "func_id": "5"}, {"name": "rh_precentral", "weight": 0.3333333333333333, "pos": [21, 50], "ts_group_id": 0, "label": "precentral", "input_id": 10, "layer_pos": 7, "y": 50, "x": 21, "brain_side": "right", "id": 486, "func_id": "2"}, {"name": "lh_lateralorbitofrontal", "weight": 0.3684210526315789, "pos": [3, 175], "ts_group_id": 0, "label": "lateralorbitofrontal", "input_id": 35, "layer_pos": 1, "y": 175, "x": 3, "brain_side": "left", "id": 103, "func_id": "5"}, {"name": "lh_parsorbitalis", "weight": 1.2105263157894737, "pos": [3, 180], "ts_group_id": 0, "label": "parsorbitalis", "input_id": 36, "layer_pos": 1, "y": 180, "x": 3, "brain_side": "left", "id": 104, "func_id": "7"}, {"name": "lh_parstriangularis", "weight": 1.4210526315789473, "pos": [3, 195], "ts_group_id": 0, "label": "parstriangularis", "input_id": 39, "layer_pos": 1, "y": 195, "x": 3, "brain_side": "left", "id": 107, "func_id": "7"}, {"name": "lh_parsopercularis", "weight": 1.0526315789473684, "pos": [3, 200], "ts_group_id": 0, "label": "parsopercularis", "input_id": 40, "layer_pos": 1, "y": 200, "x": 3, "brain_side": "left", "id": 108, "func_id": "4"}, {"name": "lh_rostralmiddlefrontal", "weight": 0.3157894736842105, "pos": [3, 205], "ts_group_id": 0, "label": "rostralmiddlefrontal", "input_id": 41, "layer_pos": 1, "y": 205, "x": 3, "brain_side": "left", "id": 109, "func_id": "6"}, {"name": "rh_superiorparietal", "weight": 0.3333333333333333, "pos": [21, 90], "ts_group_id": 0, "label": "superiorparietal", "input_id": 18, "layer_pos": 7, "y": 90, "x": 21, "brain_side": "right", "id": 494, "func_id": "3"}, {"name": "lh_parsorbitalis", "weight": 0.5333333333333333, "pos": [9, 180], "ts_group_id": 0, "label": "parsorbitalis", "input_id": 36, "layer_pos": 3, "y": 180, "x": 9, "brain_side": "left", "id": 240, "func_id": "7"}, {"name": "lh_parstriangularis", "weight": 0.5333333333333333, "pos": [9, 195], "ts_group_id": 0, "label": "parstriangularis", "input_id": 39, "layer_pos": 3, "y": 195, "x": 9, "brain_side": "left", "id": 243, "func_id": "7"}, {"name": "lh_parsopercularis", "weight": 0.4, "pos": [9, 200], "ts_group_id": 0, "label": "parsopercularis", "input_id": 40, "layer_pos": 3, "y": 200, "x": 9, "brain_side": "left", "id": 244, "func_id": "4"}, {"name": "lh_parstriangularis", "weight": 0.25, "pos": [15, 195], "ts_group_id": 0, "label": "parstriangularis", "input_id": 39, "layer_pos": 5, "y": 195, "x": 15, "brain_side": "left", "id": 379, "func_id": "7"}], "links": [{"source": 0, "target": 9}, {"source": 0, "target": 14}, {"source": 0, "target": 15}, {"source": 0, "target": 2}, {"source": 0, "target": 18}, {"source": 1, "target": 9}, {"source": 1, "target": 14}, {"source": 1, "target": 15}, {"source": 1, "target": 2}, {"source": 2, "target": 23}, {"source": 2, "target": 24}, {"source": 3, "target": 10}, {"source": 3, "target": 4}, {"source": 4, "target": 25}, {"source": 5, "target": 25}, {"source": 5, "target": 19}, {"source": 6, "target": 21}, {"source": 6, "target": 22}, {"source": 6, "target": 24}, {"source": 6, "target": 20}, {"source": 7, "target": 21}, {"source": 7, "target": 22}, {"source": 7, "target": 24}, {"source": 7, "target": 20}, {"source": 8, "target": 21}, {"source": 8, "target": 22}, {"source": 8, "target": 23}, {"source": 8, "target": 24}, {"source": 8, "target": 20}, {"source": 9, "target": 22}, {"source": 9, "target": 23}, {"source": 9, "target": 24}, {"source": 10, "target": 25}, {"source": 10, "target": 19}, {"source": 11, "target": 20}, {"source": 11, "target": 21}, {"source": 11, "target": 22}, {"source": 11, "target": 24}, {"source": 11, "target": 26}, {"source": 11, "target": 27}, {"source": 12, "target": 20}, {"source": 12, "target": 21}, {"source": 12, "target": 22}, {"source": 12, "target": 24}, {"source": 12, "target": 26}, {"source": 12, "target": 27}, {"source": 13, "target": 20}, {"source": 13, "target": 21}, {"source": 13, "target": 22}, {"source": 13, "target": 23}, {"source": 13, "target": 24}, {"source": 13, "target": 26}, {"source": 13, "target": 27}, {"source": 13, "target": 28}, {"source": 14, "target": 22}, {"source": 14, "target": 23}, {"source": 14, "target": 24}, {"source": 14, "target": 27}, {"source": 14, "target": 28}, {"source": 15, "target": 23}, {"source": 16, "target": 26}, {"source": 16, "target": 29}, {"source": 16, "target": 27}, {"source": 17, "target": 29}, {"source": 18, "target": 28}, {"source": 18, "target": 23}, {"source": 18, "target": 24}], "multigraph": false}