{"directed": false, "graph": [], "nodes": [{"name": "lh_caudalmiddlefrontal", "weight": 0.7727272727272727, "pos": [0, 215], "ts_group_id": 0, "label": "caudalmiddlefrontal", "input_id": 43, "layer_pos": 0, "y": 215, "x": 0, "brain_side": "left", "id": 43, "func_id": "7"}, {"name": "lh_caudalmiddlefrontal", "weight": 0.5769230769230769, "pos": [6, 215], "ts_group_id": 0, "label": "caudalmiddlefrontal", "input_id": 43, "layer_pos": 2, "y": 215, "x": 6, "brain_side": "left", "id": 179, "func_id": "7"}, {"name": "rh_rostralmiddlefrontal", "weight": 0.45454545454545453, "pos": [0, 35], "ts_group_id": 0, "label": "rostralmiddlefrontal", "input_id": 7, "layer_pos": 0, "y": 35, "x": 0, "brain_side": "right", "id": 7, "func_id": "6"}, {"name": "rh_caudalmiddlefrontal", "weight": 0.8181818181818182, "pos": [0, 45], "ts_group_id": 0, "label": "caudalmiddlefrontal", "input_id": 9, "layer_pos": 0, "y": 45, "x": 0, "brain_side": "right", "id": 9, "func_id": "6"}, {"name": "rh_rostralmiddlefrontal", "weight": 0.37037037037037035, "pos": [3, 35], "ts_group_id": 0, "label": "rostralmiddlefrontal", "input_id": 7, "layer_pos": 1, "y": 35, "x": 3, "brain_side": "right", "id": 75, "func_id": "6"}, {"name": "rh_rostralmiddlefrontal", "weight": 0.3076923076923077, "pos": [6, 35], "ts_group_id": 0, "label": "rostralmiddlefrontal", "input_id": 7, "layer_pos": 2, "y": 35, "x": 6, "brain_side": "right", "id": 143, "func_id": "6"}, {"name": "lh_rostralmiddlefrontal", "weight": 0.2222222222222222, "pos": [3, 205], "ts_group_id": 0, "label": "rostralmiddlefrontal", "input_id": 41, "layer_pos": 1, "y": 205, "x": 3, "brain_side": "left", "id": 109, "func_id": "6"}, {"name": "rh_inferiorparietal", "weight": 0.23809523809523808, "pos": [9, 95], "ts_group_id": 0, "label": "inferiorparietal", "input_id": 19, "layer_pos": 3, "y": 95, "x": 9, "brain_side": "right", "id": 223, "func_id": "7"}, {"name": "rh_caudalmiddlefrontal", "weight": 1.037037037037037, "pos": [3, 45], "ts_group_id": 0, "label": "caudalmiddlefrontal", "input_id": 9, "layer_pos": 1, "y": 45, "x": 3, "brain_side": "right", "id": 77, "func_id": "6"}, {"name": "rh_caudalmiddlefrontal", "weight": 0.8076923076923077, "pos": [6, 45], "ts_group_id": 0, "label": "caudalmiddlefrontal", "input_id": 9, "layer_pos": 2, "y": 45, "x": 6, "brain_side": "right", "id": 145, "func_id": "6"}, {"name": "rh_inferiorparietal", "weight": 0.6363636363636364, "pos": [0, 95], "ts_group_id": 0, "label": "inferiorparietal", "input_id": 19, "layer_pos": 0, "y": 95, "x": 0, "brain_side": "right", "id": 19, "func_id": "7"}, {"name": "rh_inferiorparietal", "weight": 0.46153846153846156, "pos": [6, 95], "ts_group_id": 0, "label": "inferiorparietal", "input_id": 19, "layer_pos": 2, "y": 95, "x": 6, "brain_side": "right", "id": 155, "func_id": "7"}, {"name": "lh_inferiorparietal", "weight": 0.5, "pos": [0, 265], "ts_group_id": 0, "label": "inferiorparietal", "input_id": 53, "layer_pos": 0, "y": 265, "x": 0, "brain_side": "left", "id": 53, "func_id": "7"}, {"name": "rh_inferiorparietal", "weight": 0.5925925925925926, "pos": [3, 95], "ts_group_id": 0, "label": "inferiorparietal", "input_id": 19, "layer_pos": 1, "y": 95, "x": 3, "brain_side": "right", "id": 87, "func_id": "7"}, {"name": "lh_inferiorparietal", "weight": 0.4074074074074074, "pos": [3, 265], "ts_group_id": 0, "label": "inferiorparietal", "input_id": 53, "layer_pos": 1, "y": 265, "x": 3, "brain_side": "left", "id": 121, "func_id": "7"}, {"name": "lh_caudalmiddlefrontal", "weight": 0.6666666666666666, "pos": [3, 215], "ts_group_id": 0, "label": "caudalmiddlefrontal", "input_id": 43, "layer_pos": 1, "y": 215, "x": 3, "brain_side": "left", "id": 111, "func_id": "7"}, {"name": "rh_caudalmiddlefrontal", "weight": 0.23076923076923078, "pos": [12, 45], "ts_group_id": 0, "label": "caudalmiddlefrontal", "input_id": 9, "layer_pos": 4, "y": 45, "x": 12, "brain_side": "right", "id": 281, "func_id": "6"}, {"name": "lh_inferiorparietal", "weight": 0.23076923076923078, "pos": [6, 265], "ts_group_id": 0, "label": "inferiorparietal", "input_id": 53, "layer_pos": 2, "y": 265, "x": 6, "brain_side": "left", "id": 189, "func_id": "7"}, {"name": "rh_caudalmiddlefrontal", "weight": 0.38095238095238093, "pos": [9, 45], "ts_group_id": 0, "label": "caudalmiddlefrontal", "input_id": 9, "layer_pos": 3, "y": 45, "x": 9, "brain_side": "right", "id": 213, "func_id": "6"}], "links": [{"source": 0, "target": 14}, {"source": 0, "target": 15}, {"source": 0, "target": 8}, {"source": 0, "target": 6}, {"source": 1, "target": 14}, {"source": 1, "target": 18}, {"source": 1, "target": 15}, {"source": 1, "target": 8}, {"source": 1, "target": 6}, {"source": 2, "target": 4}, {"source": 2, "target": 6}, {"source": 2, "target": 8}, {"source": 2, "target": 13}, {"source": 3, "target": 15}, {"source": 3, "target": 4}, {"source": 3, "target": 8}, {"source": 3, "target": 13}, {"source": 4, "target": 5}, {"source": 4, "target": 9}, {"source": 4, "target": 10}, {"source": 4, "target": 11}, {"source": 5, "target": 6}, {"source": 5, "target": 8}, {"source": 5, "target": 18}, {"source": 5, "target": 13}, {"source": 5, "target": 7}, {"source": 7, "target": 9}, {"source": 7, "target": 11}, {"source": 7, "target": 16}, {"source": 8, "target": 9}, {"source": 8, "target": 10}, {"source": 8, "target": 11}, {"source": 9, "target": 15}, {"source": 9, "target": 18}, {"source": 9, "target": 13}, {"source": 10, "target": 13}, {"source": 11, "target": 18}, {"source": 11, "target": 13}, {"source": 12, "target": 14}, {"source": 12, "target": 15}, {"source": 14, "target": 17}, {"source": 15, "target": 17}, {"source": 16, "target": 18}], "multigraph": false}