{"directed": false, "graph": [], "nodes": [{"name": "lh_bankssts", "weight": 0.2777777777777778, "pos": [0, 325], "ts_group_id": 0, "label": "bankssts", "input_id": 65, "layer_pos": 0, "y": 325, "x": 0, "brain_side": "left", "id": 65, "func_id": "7"}, {"name": "lh_superiortemporal", "weight": 0.9444444444444444, "pos": [0, 330], "ts_group_id": 0, "label": "superiortemporal", "input_id": 66, "layer_pos": 0, "y": 330, "x": 0, "brain_side": "left", "id": 66, "func_id": "2"}, {"name": "lh_transversetemporal", "weight": 0.6666666666666666, "pos": [0, 335], "ts_group_id": 0, "label": "transversetemporal", "input_id": 67, "layer_pos": 0, "y": 335, "x": 0, "brain_side": "left", "id": 67, "func_id": "2"}, {"name": "lh_insula", "weight": 0.8333333333333334, "pos": [0, 340], "ts_group_id": 0, "label": "insula", "input_id": 68, "layer_pos": 0, "y": 340, "x": 0, "brain_side": "left", "id": 68, "func_id": "4"}, {"name": "lh_superiortemporal", "weight": 0.8235294117647058, "pos": [3, 330], "ts_group_id": 0, "label": "superiortemporal", "input_id": 66, "layer_pos": 1, "y": 330, "x": 3, "brain_side": "left", "id": 134, "func_id": "2"}, {"name": "lh_transversetemporal", "weight": 0.6470588235294118, "pos": [3, 335], "ts_group_id": 0, "label": "transversetemporal", "input_id": 67, "layer_pos": 1, "y": 335, "x": 3, "brain_side": "left", "id": 135, "func_id": "2"}, {"name": "lh_insula", "weight": 0.8823529411764706, "pos": [3, 340], "ts_group_id": 0, "label": "insula", "input_id": 68, "layer_pos": 1, "y": 340, "x": 3, "brain_side": "left", "id": 136, "func_id": "4"}, {"name": "rh_postcentral", "weight": 1.0, "pos": [21, 80], "ts_group_id": 0, "label": "postcentral", "input_id": 16, "layer_pos": 7, "y": 80, "x": 21, "brain_side": "right", "id": 492, "func_id": "2"}, {"name": "lh_superiortemporal", "weight": 0.7391304347826086, "pos": [6, 330], "ts_group_id": 0, "label": "superiortemporal", "input_id": 66, "layer_pos": 2, "y": 330, "x": 6, "brain_side": "left", "id": 202, "func_id": "2"}, {"name": "lh_transversetemporal", "weight": 0.43478260869565216, "pos": [6, 335], "ts_group_id": 0, "label": "transversetemporal", "input_id": 67, "layer_pos": 2, "y": 335, "x": 6, "brain_side": "left", "id": 203, "func_id": "2"}, {"name": "lh_insula", "weight": 0.5217391304347826, "pos": [6, 340], "ts_group_id": 0, "label": "insula", "input_id": 68, "layer_pos": 2, "y": 340, "x": 6, "brain_side": "left", "id": 204, "func_id": "4"}, {"name": "lh_superiortemporal", "weight": 0.3157894736842105, "pos": [9, 330], "ts_group_id": 0, "label": "superiortemporal", "input_id": 66, "layer_pos": 3, "y": 330, "x": 9, "brain_side": "left", "id": 270, "func_id": "2"}, {"name": "lh_transversetemporal", "weight": 0.21052631578947367, "pos": [9, 335], "ts_group_id": 0, "label": "transversetemporal", "input_id": 67, "layer_pos": 3, "y": 335, "x": 9, "brain_side": "left", "id": 271, "func_id": "2"}, {"name": "rh_postcentral", "weight": 0.5, "pos": [18, 80], "ts_group_id": 0, "label": "postcentral", "input_id": 16, "layer_pos": 6, "y": 80, "x": 18, "brain_side": "right", "id": 424, "func_id": "2"}, {"name": "lh_supramarginal", "weight": 0.2777777777777778, "pos": [0, 255], "ts_group_id": 0, "label": "supramarginal", "input_id": 51, "layer_pos": 0, "y": 255, "x": 0, "brain_side": "left", "id": 51, "func_id": "4"}, {"name": "lh_supramarginal", "weight": 0.4117647058823529, "pos": [3, 255], "ts_group_id": 0, "label": "supramarginal", "input_id": 51, "layer_pos": 1, "y": 255, "x": 3, "brain_side": "left", "id": 119, "func_id": "4"}, {"name": "lh_supramarginal", "weight": 0.2608695652173913, "pos": [6, 255], "ts_group_id": 0, "label": "supramarginal", "input_id": 51, "layer_pos": 2, "y": 255, "x": 6, "brain_side": "left", "id": 187, "func_id": "4"}, {"name": "lh_postcentral", "weight": 0.5, "pos": [18, 250], "ts_group_id": 0, "label": "postcentral", "input_id": 50, "layer_pos": 6, "y": 250, "x": 18, "brain_side": "left", "id": 458, "func_id": "2"}], "links": [{"source": 0, "target": 4}, {"source": 0, "target": 15}, {"source": 1, "target": 6}, {"source": 1, "target": 5}, {"source": 1, "target": 4}, {"source": 1, "target": 15}, {"source": 2, "target": 6}, {"source": 2, "target": 4}, {"source": 2, "target": 5}, {"source": 3, "target": 6}, {"source": 3, "target": 5}, {"source": 3, "target": 4}, {"source": 3, "target": 15}, {"source": 4, "target": 8}, {"source": 4, "target": 9}, {"source": 4, "target": 10}, {"source": 4, "target": 14}, {"source": 4, "target": 16}, {"source": 5, "target": 8}, {"source": 5, "target": 9}, {"source": 5, "target": 10}, {"source": 6, "target": 8}, {"source": 6, "target": 9}, {"source": 6, "target": 10}, {"source": 6, "target": 14}, {"source": 6, "target": 16}, {"source": 7, "target": 13}, {"source": 7, "target": 17}, {"source": 8, "target": 11}, {"source": 8, "target": 12}, {"source": 8, "target": 15}, {"source": 9, "target": 12}, {"source": 9, "target": 11}, {"source": 10, "target": 11}, {"source": 10, "target": 12}, {"source": 10, "target": 15}, {"source": 11, "target": 16}, {"source": 14, "target": 15}, {"source": 15, "target": 16}], "multigraph": false}