{"directed": false, "graph": [], "nodes": [{"name": "lh_cuneus", "weight": 0.45, "pos": [9, 275], "ts_group_id": 0, "label": "cuneus", "input_id": 55, "layer_pos": 3, "y": 275, "x": 9, "brain_side": "left", "id": 259, "func_id": "1"}, {"name": "lh_pericalcarine", "weight": 0.4, "pos": [9, 280], "ts_group_id": 0, "label": "pericalcarine", "input_id": 56, "layer_pos": 3, "y": 280, "x": 9, "brain_side": "left", "id": 260, "func_id": "1"}, {"name": "lh_lingual", "weight": 0.3, "pos": [9, 290], "ts_group_id": 0, "label": "lingual", "input_id": 58, "layer_pos": 3, "y": 290, "x": 9, "brain_side": "left", "id": 262, "func_id": "1"}, {"name": "lh_cuneus", "weight": 1.0, "pos": [21, 275], "ts_group_id": 0, "label": "cuneus", "input_id": 55, "layer_pos": 7, "y": 275, "x": 21, "brain_side": "left", "id": 531, "func_id": "1"}, {"name": "rh_cuneus", "weight": 0.6296296296296297, "pos": [0, 105], "ts_group_id": 0, "label": "cuneus", "input_id": 21, "layer_pos": 0, "y": 105, "x": 0, "brain_side": "right", "id": 21, "func_id": "1"}, {"name": "rh_pericalcarine", "weight": 0.8888888888888888, "pos": [0, 110], "ts_group_id": 0, "label": "pericalcarine", "input_id": 22, "layer_pos": 0, "y": 110, "x": 0, "brain_side": "right", "id": 22, "func_id": "1"}, {"name": "rh_lingual", "weight": 0.8888888888888888, "pos": [0, 120], "ts_group_id": 0, "label": "lingual", "input_id": 24, "layer_pos": 0, "y": 120, "x": 0, "brain_side": "right", "id": 24, "func_id": "1"}, {"name": "rh_fusiform", "weight": 0.2222222222222222, "pos": [0, 125], "ts_group_id": 0, "label": "fusiform", "input_id": 25, "layer_pos": 0, "y": 125, "x": 0, "brain_side": "right", "id": 25, "func_id": "1"}, {"name": "rh_superiorparietal", "weight": 0.36363636363636365, "pos": [6, 90], "ts_group_id": 0, "label": "superiorparietal", "input_id": 18, "layer_pos": 2, "y": 90, "x": 6, "brain_side": "right", "id": 154, "func_id": "3"}, {"name": "rh_precuneus", "weight": 0.22727272727272727, "pos": [6, 100], "ts_group_id": 0, "label": "precuneus", "input_id": 20, "layer_pos": 2, "y": 100, "x": 6, "brain_side": "right", "id": 156, "func_id": "7"}, {"name": "rh_cuneus", "weight": 0.6363636363636364, "pos": [6, 105], "ts_group_id": 0, "label": "cuneus", "input_id": 21, "layer_pos": 2, "y": 105, "x": 6, "brain_side": "right", "id": 157, "func_id": "1"}, {"name": "rh_pericalcarine", "weight": 1.0909090909090908, "pos": [6, 110], "ts_group_id": 0, "label": "pericalcarine", "input_id": 22, "layer_pos": 2, "y": 110, "x": 6, "brain_side": "right", "id": 158, "func_id": "1"}, {"name": "rh_lateraloccipital", "weight": 0.5, "pos": [6, 115], "ts_group_id": 0, "label": "lateraloccipital", "input_id": 23, "layer_pos": 2, "y": 115, "x": 6, "brain_side": "right", "id": 159, "func_id": "1"}, {"name": "rh_lingual", "weight": 1.0909090909090908, "pos": [6, 120], "ts_group_id": 0, "label": "lingual", "input_id": 24, "layer_pos": 2, "y": 120, "x": 6, "brain_side": "right", "id": 160, "func_id": "1"}, {"name": "rh_lingual", "weight": 0.2857142857142857, "pos": [12, 120], "ts_group_id": 0, "label": "lingual", "input_id": 24, "layer_pos": 4, "y": 120, "x": 12, "brain_side": "right", "id": 296, "func_id": "1"}, {"name": "rh_cuneus", "weight": 0.25, "pos": [18, 105], "ts_group_id": 0, "label": "cuneus", "input_id": 21, "layer_pos": 6, "y": 105, "x": 18, "brain_side": "right", "id": 429, "func_id": "1"}, {"name": "lh_superiorparietal", "weight": 0.2962962962962963, "pos": [0, 260], "ts_group_id": 0, "label": "superiorparietal", "input_id": 52, "layer_pos": 0, "y": 260, "x": 0, "brain_side": "left", "id": 52, "func_id": "3"}, {"name": "lh_cuneus", "weight": 0.7407407407407407, "pos": [0, 275], "ts_group_id": 0, "label": "cuneus", "input_id": 55, "layer_pos": 0, "y": 275, "x": 0, "brain_side": "left", "id": 55, "func_id": "1"}, {"name": "lh_pericalcarine", "weight": 1.0740740740740742, "pos": [0, 280], "ts_group_id": 0, "label": "pericalcarine", "input_id": 56, "layer_pos": 0, "y": 280, "x": 0, "brain_side": "left", "id": 56, "func_id": "1"}, {"name": "lh_lateraloccipital", "weight": 0.3333333333333333, "pos": [0, 285], "ts_group_id": 0, "label": "lateraloccipital", "input_id": 57, "layer_pos": 0, "y": 285, "x": 0, "brain_side": "left", "id": 57, "func_id": "1"}, {"name": "lh_lingual", "weight": 1.037037037037037, "pos": [0, 290], "ts_group_id": 0, "label": "lingual", "input_id": 58, "layer_pos": 0, "y": 290, "x": 0, "brain_side": "left", "id": 58, "func_id": "1"}, {"name": "lh_fusiform", "weight": 0.25925925925925924, "pos": [0, 295], "ts_group_id": 0, "label": "fusiform", "input_id": 59, "layer_pos": 0, "y": 295, "x": 0, "brain_side": "left", "id": 59, "func_id": "1"}, {"name": "lh_superiorparietal", "weight": 0.45454545454545453, "pos": [6, 260], "ts_group_id": 0, "label": "superiorparietal", "input_id": 52, "layer_pos": 2, "y": 260, "x": 6, "brain_side": "left", "id": 188, "func_id": "3"}, {"name": "lh_cuneus", "weight": 0.9090909090909091, "pos": [6, 275], "ts_group_id": 0, "label": "cuneus", "input_id": 55, "layer_pos": 2, "y": 275, "x": 6, "brain_side": "left", "id": 191, "func_id": "1"}, {"name": "lh_pericalcarine", "weight": 1.0454545454545454, "pos": [6, 280], "ts_group_id": 0, "label": "pericalcarine", "input_id": 56, "layer_pos": 2, "y": 280, "x": 6, "brain_side": "left", "id": 192, "func_id": "1"}, {"name": "lh_lateraloccipital", "weight": 0.5, "pos": [6, 285], "ts_group_id": 0, "label": "lateraloccipital", "input_id": 57, "layer_pos": 2, "y": 285, "x": 6, "brain_side": "left", "id": 193, "func_id": "1"}, {"name": "lh_lingual", "weight": 1.0454545454545454, "pos": [6, 290], "ts_group_id": 0, "label": "lingual", "input_id": 58, "layer_pos": 2, "y": 290, "x": 6, "brain_side": "left", "id": 194, "func_id": "1"}, {"name": "lh_fusiform", "weight": 0.22727272727272727, "pos": [6, 295], "ts_group_id": 0, "label": "fusiform", "input_id": 59, "layer_pos": 2, "y": 295, "x": 6, "brain_side": "left", "id": 195, "func_id": "1"}, {"name": "lh_cuneus", "weight": 0.3333333333333333, "pos": [12, 275], "ts_group_id": 0, "label": "cuneus", "input_id": 55, "layer_pos": 4, "y": 275, "x": 12, "brain_side": "left", "id": 327, "func_id": "1"}, {"name": "lh_pericalcarine", "weight": 0.23809523809523808, "pos": [12, 280], "ts_group_id": 0, "label": "pericalcarine", "input_id": 56, "layer_pos": 4, "y": 280, "x": 12, "brain_side": "left", "id": 328, "func_id": "1"}, {"name": "lh_cuneus", "weight": 0.25, "pos": [18, 275], "ts_group_id": 0, "label": "cuneus", "input_id": 55, "layer_pos": 6, "y": 275, "x": 18, "brain_side": "left", "id": 463, "func_id": "1"}, {"name": "lh_pericalcarine", "weight": 0.25, "pos": [18, 280], "ts_group_id": 0, "label": "pericalcarine", "input_id": 56, "layer_pos": 6, "y": 280, "x": 18, "brain_side": "left", "id": 464, "func_id": "1"}, {"name": "rh_superiorparietal", "weight": 0.25, "pos": [3, 90], "ts_group_id": 0, "label": "superiorparietal", "input_id": 18, "layer_pos": 1, "y": 90, "x": 3, "brain_side": "right", "id": 86, "func_id": "3"}, {"name": "rh_cuneus", "weight": 0.9166666666666666, "pos": [3, 105], "ts_group_id": 0, "label": "cuneus", "input_id": 21, "layer_pos": 1, "y": 105, "x": 3, "brain_side": "right", "id": 89, "func_id": "1"}, {"name": "rh_pericalcarine", "weight": 1.2083333333333333, "pos": [3, 110], "ts_group_id": 0, "label": "pericalcarine", "input_id": 22, "layer_pos": 1, "y": 110, "x": 3, "brain_side": "right", "id": 90, "func_id": "1"}, {"name": "rh_lateraloccipital", "weight": 0.4583333333333333, "pos": [3, 115], "ts_group_id": 0, "label": "lateraloccipital", "input_id": 23, "layer_pos": 1, "y": 115, "x": 3, "brain_side": "right", "id": 91, "func_id": "1"}, {"name": "rh_lingual", "weight": 1.125, "pos": [3, 120], "ts_group_id": 0, "label": "lingual", "input_id": 24, "layer_pos": 1, "y": 120, "x": 3, "brain_side": "right", "id": 92, "func_id": "1"}, {"name": "rh_fusiform", "weight": 0.2916666666666667, "pos": [3, 125], "ts_group_id": 0, "label": "fusiform", "input_id": 25, "layer_pos": 1, "y": 125, "x": 3, "brain_side": "right", "id": 93, "func_id": "1"}, {"name": "rh_cuneus", "weight": 0.45, "pos": [9, 105], "ts_group_id": 0, "label": "cuneus", "input_id": 21, "layer_pos": 3, "y": 105, "x": 9, "brain_side": "right", "id": 225, "func_id": "1"}, {"name": "rh_pericalcarine", "weight": 0.5, "pos": [9, 110], "ts_group_id": 0, "label": "pericalcarine", "input_id": 22, "layer_pos": 3, "y": 110, "x": 9, "brain_side": "right", "id": 226, "func_id": "1"}, {"name": "rh_lateraloccipital", "weight": 0.25, "pos": [9, 115], "ts_group_id": 0, "label": "lateraloccipital", "input_id": 23, "layer_pos": 3, "y": 115, "x": 9, "brain_side": "right", "id": 227, "func_id": "1"}, {"name": "rh_lingual", "weight": 0.45, "pos": [9, 120], "ts_group_id": 0, "label": "lingual", "input_id": 24, "layer_pos": 3, "y": 120, "x": 9, "brain_side": "right", "id": 228, "func_id": "1"}, {"name": "lh_superiorparietal", "weight": 0.4583333333333333, "pos": [3, 260], "ts_group_id": 0, "label": "superiorparietal", "input_id": 52, "layer_pos": 1, "y": 260, "x": 3, "brain_side": "left", "id": 120, "func_id": "3"}, {"name": "lh_cuneus", "weight": 1.0, "pos": [3, 275], "ts_group_id": 0, "label": "cuneus", "input_id": 55, "layer_pos": 1, "y": 275, "x": 3, "brain_side": "left", "id": 123, "func_id": "1"}, {"name": "lh_pericalcarine", "weight": 1.375, "pos": [3, 280], "ts_group_id": 0, "label": "pericalcarine", "input_id": 56, "layer_pos": 1, "y": 280, "x": 3, "brain_side": "left", "id": 124, "func_id": "1"}, {"name": "lh_lateraloccipital", "weight": 0.4583333333333333, "pos": [3, 285], "ts_group_id": 0, "label": "lateraloccipital", "input_id": 57, "layer_pos": 1, "y": 285, "x": 3, "brain_side": "left", "id": 125, "func_id": "1"}, {"name": "lh_lingual", "weight": 1.1666666666666667, "pos": [3, 290], "ts_group_id": 0, "label": "lingual", "input_id": 58, "layer_pos": 1, "y": 290, "x": 3, "brain_side": "left", "id": 126, "func_id": "1"}], "links": [{"source": 0, "target": 13}, {"source": 0, "target": 24}, {"source": 0, "target": 26}, {"source": 0, "target": 25}, {"source": 0, "target": 14}, {"source": 0, "target": 22}, {"source": 0, "target": 28}, {"source": 0, "target": 29}, {"source": 0, "target": 8}, {"source": 0, "target": 23}, {"source": 0, "target": 9}, {"source": 0, "target": 10}, {"source": 0, "target": 11}, {"source": 0, "target": 12}, {"source": 1, "target": 13}, {"source": 1, "target": 24}, {"source": 1, "target": 26}, {"source": 1, "target": 27}, {"source": 1, "target": 25}, {"source": 1, "target": 14}, {"source": 1, "target": 22}, {"source": 1, "target": 28}, {"source": 1, "target": 29}, {"source": 1, "target": 8}, {"source": 1, "target": 23}, {"source": 1, "target": 9}, {"source": 1, "target": 10}, {"source": 1, "target": 11}, {"source": 1, "target": 12}, {"source": 2, "target": 13}, {"source": 2, "target": 24}, {"source": 2, "target": 26}, {"source": 2, "target": 27}, {"source": 2, "target": 25}, {"source": 2, "target": 14}, {"source": 2, "target": 9}, {"source": 2, "target": 28}, {"source": 2, "target": 29}, {"source": 2, "target": 22}, {"source": 2, "target": 11}, {"source": 2, "target": 23}, {"source": 3, "target": 31}, {"source": 3, "target": 15}, {"source": 3, "target": 30}, {"source": 4, "target": 43}, {"source": 4, "target": 44}, {"source": 4, "target": 32}, {"source": 4, "target": 42}, {"source": 4, "target": 33}, {"source": 4, "target": 34}, {"source": 4, "target": 35}, {"source": 4, "target": 36}, {"source": 4, "target": 45}, {"source": 5, "target": 43}, {"source": 5, "target": 44}, {"source": 5, "target": 45}, {"source": 5, "target": 32}, {"source": 5, "target": 42}, {"source": 5, "target": 33}, {"source": 5, "target": 34}, {"source": 5, "target": 35}, {"source": 5, "target": 36}, {"source": 5, "target": 37}, {"source": 5, "target": 46}, {"source": 6, "target": 43}, {"source": 6, "target": 44}, {"source": 6, "target": 32}, {"source": 6, "target": 42}, {"source": 6, "target": 33}, {"source": 6, "target": 34}, {"source": 6, "target": 35}, {"source": 6, "target": 36}, {"source": 6, "target": 37}, {"source": 6, "target": 46}, {"source": 7, "target": 34}, {"source": 7, "target": 35}, {"source": 7, "target": 36}, {"source": 7, "target": 37}, {"source": 7, "target": 32}, {"source": 8, "target": 38}, {"source": 8, "target": 39}, {"source": 8, "target": 43}, {"source": 8, "target": 41}, {"source": 8, "target": 44}, {"source": 8, "target": 45}, {"source": 8, "target": 40}, {"source": 8, "target": 32}, {"source": 8, "target": 42}, {"source": 8, "target": 33}, {"source": 8, "target": 34}, {"source": 8, "target": 35}, {"source": 8, "target": 36}, {"source": 8, "target": 37}, {"source": 9, "target": 38}, {"source": 9, "target": 39}, {"source": 9, "target": 41}, {"source": 9, "target": 44}, {"source": 9, "target": 32}, {"source": 9, "target": 42}, {"source": 9, "target": 33}, {"source": 9, "target": 34}, {"source": 9, "target": 43}, {"source": 9, "target": 36}, {"source": 9, "target": 45}, {"source": 9, "target": 46}, {"source": 10, "target": 38}, {"source": 10, "target": 39}, {"source": 10, "target": 43}, {"source": 10, "target": 41}, {"source": 10, "target": 44}, {"source": 10, "target": 40}, {"source": 10, "target": 32}, {"source": 10, "target": 42}, {"source": 10, "target": 33}, {"source": 10, "target": 34}, {"source": 10, "target": 35}, {"source": 10, "target": 36}, {"source": 10, "target": 45}, {"source": 11, "target": 38}, {"source": 11, "target": 39}, {"source": 11, "target": 43}, {"source": 11, "target": 41}, {"source": 11, "target": 44}, {"source": 11, "target": 45}, {"source": 11, "target": 40}, {"source": 11, "target": 32}, {"source": 11, "target": 42}, {"source": 11, "target": 33}, {"source": 11, "target": 34}, {"source": 11, "target": 35}, {"source": 11, "target": 36}, {"source": 11, "target": 37}, {"source": 11, "target": 46}, {"source": 12, "target": 38}, {"source": 12, "target": 39}, {"source": 12, "target": 43}, {"source": 12, "target": 41}, {"source": 12, "target": 44}, {"source": 12, "target": 45}, {"source": 12, "target": 40}, {"source": 12, "target": 32}, {"source": 12, "target": 42}, {"source": 12, "target": 33}, {"source": 12, "target": 34}, {"source": 12, "target": 35}, {"source": 12, "target": 36}, {"source": 12, "target": 37}, {"source": 13, "target": 38}, {"source": 13, "target": 39}, {"source": 13, "target": 43}, {"source": 13, "target": 41}, {"source": 13, "target": 44}, {"source": 13, "target": 40}, {"source": 13, "target": 32}, {"source": 13, "target": 42}, {"source": 13, "target": 33}, {"source": 13, "target": 34}, {"source": 13, "target": 35}, {"source": 13, "target": 36}, {"source": 13, "target": 37}, {"source": 13, "target": 46}, {"source": 14, "target": 38}, {"source": 14, "target": 39}, {"source": 14, "target": 41}, {"source": 14, "target": 40}, {"source": 16, "target": 43}, {"source": 16, "target": 44}, {"source": 16, "target": 32}, {"source": 16, "target": 42}, {"source": 16, "target": 33}, {"source": 16, "target": 34}, {"source": 16, "target": 35}, {"source": 16, "target": 36}, {"source": 16, "target": 45}, {"source": 16, "target": 46}, {"source": 17, "target": 43}, {"source": 17, "target": 44}, {"source": 17, "target": 32}, {"source": 17, "target": 42}, {"source": 17, "target": 33}, {"source": 17, "target": 34}, {"source": 17, "target": 35}, {"source": 17, "target": 36}, {"source": 17, "target": 45}, {"source": 17, "target": 46}, {"source": 18, "target": 43}, {"source": 18, "target": 44}, {"source": 18, "target": 32}, {"source": 18, "target": 42}, {"source": 18, "target": 33}, {"source": 18, "target": 34}, {"source": 18, "target": 35}, {"source": 18, "target": 36}, {"source": 18, "target": 45}, {"source": 18, "target": 46}, {"source": 19, "target": 43}, {"source": 19, "target": 32}, {"source": 19, "target": 42}, {"source": 19, "target": 33}, {"source": 19, "target": 34}, {"source": 19, "target": 35}, {"source": 19, "target": 44}, {"source": 19, "target": 45}, {"source": 19, "target": 46}, {"source": 20, "target": 36}, {"source": 20, "target": 42}, {"source": 20, "target": 34}, {"source": 20, "target": 43}, {"source": 20, "target": 44}, {"source": 20, "target": 45}, {"source": 20, "target": 46}, {"source": 21, "target": 42}, {"source": 21, "target": 44}, {"source": 21, "target": 45}, {"source": 21, "target": 46}, {"source": 22, "target": 38}, {"source": 22, "target": 39}, {"source": 22, "target": 43}, {"source": 22, "target": 41}, {"source": 22, "target": 44}, {"source": 22, "target": 40}, {"source": 22, "target": 32}, {"source": 22, "target": 42}, {"source": 22, "target": 33}, {"source": 22, "target": 34}, {"source": 22, "target": 35}, {"source": 22, "target": 36}, {"source": 22, "target": 45}, {"source": 22, "target": 46}, {"source": 23, "target": 38}, {"source": 23, "target": 39}, {"source": 23, "target": 43}, {"source": 23, "target": 41}, {"source": 23, "target": 44}, {"source": 23, "target": 40}, {"source": 23, "target": 32}, {"source": 23, "target": 42}, {"source": 23, "target": 33}, {"source": 23, "target": 34}, {"source": 23, "target": 35}, {"source": 23, "target": 36}, {"source": 23, "target": 45}, {"source": 23, "target": 46}, {"source": 24, "target": 38}, {"source": 24, "target": 39}, {"source": 24, "target": 43}, {"source": 24, "target": 41}, {"source": 24, "target": 44}, {"source": 24, "target": 40}, {"source": 24, "target": 32}, {"source": 24, "target": 42}, {"source": 24, "target": 33}, {"source": 24, "target": 34}, {"source": 24, "target": 35}, {"source": 24, "target": 36}, {"source": 24, "target": 45}, {"source": 24, "target": 46}, {"source": 25, "target": 38}, {"source": 25, "target": 39}, {"source": 25, "target": 43}, {"source": 25, "target": 40}, {"source": 25, "target": 32}, {"source": 25, "target": 42}, {"source": 25, "target": 33}, {"source": 25, "target": 34}, {"source": 25, "target": 35}, {"source": 25, "target": 44}, {"source": 25, "target": 45}, {"source": 25, "target": 46}, {"source": 26, "target": 39}, {"source": 26, "target": 41}, {"source": 26, "target": 36}, {"source": 26, "target": 42}, {"source": 26, "target": 34}, {"source": 26, "target": 43}, {"source": 26, "target": 44}, {"source": 26, "target": 45}, {"source": 26, "target": 46}, {"source": 27, "target": 42}, {"source": 27, "target": 44}, {"source": 27, "target": 45}, {"source": 27, "target": 46}, {"source": 28, "target": 38}, {"source": 28, "target": 39}, {"source": 28, "target": 41}, {"source": 28, "target": 40}, {"source": 29, "target": 38}, {"source": 29, "target": 39}, {"source": 29, "target": 41}, {"source": 29, "target": 40}], "multigraph": false}