{"directed": false, "graph": [], "nodes": [{"name": "lh_inferiortemporal", "weight": 0.4117647058823529, "pos": [3, 315], "ts_group_id": 0, "label": "inferiortemporal", "input_id": 63, "layer_pos": 1, "y": 315, "x": 3, "brain_side": "left", "id": 131, "func_id": "5"}, {"name": "lh_middletemporal", "weight": 0.9411764705882353, "pos": [3, 320], "ts_group_id": 0, "label": "middletemporal", "input_id": 64, "layer_pos": 1, "y": 320, "x": 3, "brain_side": "left", "id": 132, "func_id": "7"}, {"name": "lh_bankssts", "weight": 1.1176470588235294, "pos": [3, 325], "ts_group_id": 0, "label": "bankssts", "input_id": 65, "layer_pos": 1, "y": 325, "x": 3, "brain_side": "left", "id": 133, "func_id": "7"}, {"name": "lh_superiortemporal", "weight": 0.47058823529411764, "pos": [3, 330], "ts_group_id": 0, "label": "superiortemporal", "input_id": 66, "layer_pos": 1, "y": 330, "x": 3, "brain_side": "left", "id": 134, "func_id": "2"}, {"name": "lh_inferiortemporal", "weight": 0.21052631578947367, "pos": [9, 315], "ts_group_id": 0, "label": "inferiortemporal", "input_id": 63, "layer_pos": 3, "y": 315, "x": 9, "brain_side": "left", "id": 267, "func_id": "5"}, {"name": "lh_parsopercularis", "weight": 0.23529411764705882, "pos": [6, 200], "ts_group_id": 0, "label": "parsopercularis", "input_id": 40, "layer_pos": 2, "y": 200, "x": 6, "brain_side": "left", "id": 176, "func_id": "4"}, {"name": "lh_supramarginal", "weight": 0.42857142857142855, "pos": [0, 255], "ts_group_id": 0, "label": "supramarginal", "input_id": 51, "layer_pos": 0, "y": 255, "x": 0, "brain_side": "left", "id": 51, "func_id": "4"}, {"name": "lh_inferiorparietal", "weight": 0.38095238095238093, "pos": [0, 265], "ts_group_id": 0, "label": "inferiorparietal", "input_id": 53, "layer_pos": 0, "y": 265, "x": 0, "brain_side": "left", "id": 53, "func_id": "7"}, {"name": "lh_fusiform", "weight": 0.23809523809523808, "pos": [0, 295], "ts_group_id": 0, "label": "fusiform", "input_id": 59, "layer_pos": 0, "y": 295, "x": 0, "brain_side": "left", "id": 59, "func_id": "1"}, {"name": "lh_inferiorparietal", "weight": 0.5882352941176471, "pos": [6, 265], "ts_group_id": 0, "label": "inferiorparietal", "input_id": 53, "layer_pos": 2, "y": 265, "x": 6, "brain_side": "left", "id": 189, "func_id": "7"}, {"name": "lh_inferiortemporal", "weight": 0.3333333333333333, "pos": [0, 315], "ts_group_id": 0, "label": "inferiortemporal", "input_id": 63, "layer_pos": 0, "y": 315, "x": 0, "brain_side": "left", "id": 63, "func_id": "5"}, {"name": "lh_middletemporal", "weight": 0.6190476190476191, "pos": [0, 320], "ts_group_id": 0, "label": "middletemporal", "input_id": 64, "layer_pos": 0, "y": 320, "x": 0, "brain_side": "left", "id": 64, "func_id": "7"}, {"name": "lh_bankssts", "weight": 0.5714285714285714, "pos": [0, 325], "ts_group_id": 0, "label": "bankssts", "input_id": 65, "layer_pos": 0, "y": 325, "x": 0, "brain_side": "left", "id": 65, "func_id": "7"}, {"name": "lh_superiortemporal", "weight": 0.2857142857142857, "pos": [0, 330], "ts_group_id": 0, "label": "superiortemporal", "input_id": 66, "layer_pos": 0, "y": 330, "x": 0, "brain_side": "left", "id": 66, "func_id": "2"}, {"name": "lh_fusiform", "weight": 0.4117647058823529, "pos": [6, 295], "ts_group_id": 0, "label": "fusiform", "input_id": 59, "layer_pos": 2, "y": 295, "x": 6, "brain_side": "left", "id": 195, "func_id": "1"}, {"name": "lh_inferiortemporal", "weight": 0.47058823529411764, "pos": [6, 315], "ts_group_id": 0, "label": "inferiortemporal", "input_id": 63, "layer_pos": 2, "y": 315, "x": 6, "brain_side": "left", "id": 199, "func_id": "5"}, {"name": "lh_middletemporal", "weight": 0.8235294117647058, "pos": [6, 320], "ts_group_id": 0, "label": "middletemporal", "input_id": 64, "layer_pos": 2, "y": 320, "x": 6, "brain_side": "left", "id": 200, "func_id": "7"}, {"name": "lh_bankssts", "weight": 0.8235294117647058, "pos": [6, 325], "ts_group_id": 0, "label": "bankssts", "input_id": 65, "layer_pos": 2, "y": 325, "x": 6, "brain_side": "left", "id": 201, "func_id": "7"}, {"name": "lh_superiortemporal", "weight": 0.23529411764705882, "pos": [6, 330], "ts_group_id": 0, "label": "superiortemporal", "input_id": 66, "layer_pos": 2, "y": 330, "x": 6, "brain_side": "left", "id": 202, "func_id": "2"}, {"name": "lh_fusiform", "weight": 0.26666666666666666, "pos": [12, 295], "ts_group_id": 0, "label": "fusiform", "input_id": 59, "layer_pos": 4, "y": 295, "x": 12, "brain_side": "left", "id": 331, "func_id": "1"}, {"name": "lh_parsopercularis", "weight": 0.35294117647058826, "pos": [3, 200], "ts_group_id": 0, "label": "parsopercularis", "input_id": 40, "layer_pos": 1, "y": 200, "x": 3, "brain_side": "left", "id": 108, "func_id": "4"}, {"name": "lh_parsopercularis", "weight": 0.21052631578947367, "pos": [9, 200], "ts_group_id": 0, "label": "parsopercularis", "input_id": 40, "layer_pos": 3, "y": 200, "x": 9, "brain_side": "left", "id": 244, "func_id": "4"}, {"name": "lh_supramarginal", "weight": 0.47058823529411764, "pos": [3, 255], "ts_group_id": 0, "label": "supramarginal", "input_id": 51, "layer_pos": 1, "y": 255, "x": 3, "brain_side": "left", "id": 119, "func_id": "4"}, {"name": "lh_inferiorparietal", "weight": 0.8235294117647058, "pos": [3, 265], "ts_group_id": 0, "label": "inferiorparietal", "input_id": 53, "layer_pos": 1, "y": 265, "x": 3, "brain_side": "left", "id": 121, "func_id": "7"}, {"name": "lh_fusiform", "weight": 0.23529411764705882, "pos": [3, 295], "ts_group_id": 0, "label": "fusiform", "input_id": 59, "layer_pos": 1, "y": 295, "x": 3, "brain_side": "left", "id": 127, "func_id": "1"}], "links": [{"source": 0, "target": 11}, {"source": 0, "target": 13}, {"source": 0, "target": 14}, {"source": 0, "target": 15}, {"source": 0, "target": 16}, {"source": 0, "target": 18}, {"source": 0, "target": 5}, {"source": 0, "target": 6}, {"source": 0, "target": 7}, {"source": 0, "target": 8}, {"source": 0, "target": 9}, {"source": 0, "target": 10}, {"source": 1, "target": 11}, {"source": 1, "target": 12}, {"source": 1, "target": 13}, {"source": 1, "target": 14}, {"source": 1, "target": 15}, {"source": 1, "target": 16}, {"source": 1, "target": 17}, {"source": 1, "target": 18}, {"source": 1, "target": 5}, {"source": 1, "target": 6}, {"source": 1, "target": 7}, {"source": 1, "target": 8}, {"source": 1, "target": 9}, {"source": 1, "target": 10}, {"source": 2, "target": 11}, {"source": 2, "target": 12}, {"source": 2, "target": 13}, {"source": 2, "target": 16}, {"source": 2, "target": 17}, {"source": 2, "target": 18}, {"source": 2, "target": 5}, {"source": 2, "target": 6}, {"source": 2, "target": 7}, {"source": 2, "target": 9}, {"source": 3, "target": 11}, {"source": 3, "target": 12}, {"source": 3, "target": 13}, {"source": 3, "target": 14}, {"source": 3, "target": 15}, {"source": 3, "target": 16}, {"source": 3, "target": 17}, {"source": 3, "target": 18}, {"source": 3, "target": 5}, {"source": 3, "target": 6}, {"source": 3, "target": 7}, {"source": 3, "target": 8}, {"source": 3, "target": 9}, {"source": 3, "target": 10}, {"source": 4, "target": 14}, {"source": 4, "target": 15}, {"source": 4, "target": 16}, {"source": 4, "target": 18}, {"source": 4, "target": 19}, {"source": 4, "target": 5}, {"source": 4, "target": 9}, {"source": 5, "target": 20}, {"source": 5, "target": 21}, {"source": 5, "target": 22}, {"source": 6, "target": 20}, {"source": 6, "target": 22}, {"source": 6, "target": 23}, {"source": 7, "target": 22}, {"source": 7, "target": 23}, {"source": 7, "target": 24}, {"source": 8, "target": 23}, {"source": 8, "target": 24}, {"source": 9, "target": 22}, {"source": 9, "target": 23}, {"source": 9, "target": 24}, {"source": 10, "target": 20}, {"source": 10, "target": 22}, {"source": 10, "target": 23}, {"source": 10, "target": 24}, {"source": 11, "target": 20}, {"source": 11, "target": 22}, {"source": 11, "target": 23}, {"source": 11, "target": 24}, {"source": 12, "target": 20}, {"source": 12, "target": 22}, {"source": 12, "target": 23}, {"source": 13, "target": 20}, {"source": 13, "target": 22}, {"source": 13, "target": 23}, {"source": 13, "target": 24}, {"source": 14, "target": 23}, {"source": 14, "target": 24}, {"source": 15, "target": 20}, {"source": 15, "target": 21}, {"source": 15, "target": 22}, {"source": 15, "target": 23}, {"source": 15, "target": 24}, {"source": 16, "target": 20}, {"source": 16, "target": 21}, {"source": 16, "target": 22}, {"source": 16, "target": 23}, {"source": 16, "target": 24}, {"source": 17, "target": 20}, {"source": 17, "target": 21}, {"source": 17, "target": 22}, {"source": 17, "target": 23}, {"source": 18, "target": 20}, {"source": 18, "target": 21}, {"source": 18, "target": 22}, {"source": 18, "target": 23}, {"source": 18, "target": 24}], "multigraph": false}